Order_ID,Company,City,Customer_Age,Order_Value,Delivery_Time_Min,Distance_Km,Items_Count,Product_Category,Payment_Method,Customer_Rating,Discount_Applied,Delivery_Partner_Rating
1000001,Swiggy Instamart,Noida,46,702,19,12.0,12,Dairy,Wallet,2,1,3
1000002,Flipkart Minutes,Amritsar,56,1007,20,12.7,10,Snacks,Cash on Delivery,2,0,3
1000003,Flipkart Minutes,Mumbai,18,1212,17,4.8,19,Personal Care,Cash on Delivery,3,0,4
1000004,Swiggy Instamart,Delhi,23,1179,6,6.4,2,Dairy,Credit Card,5,1,5
1000005,Dunzo,Mumbai,44,586,12,2.4,13,Household,Wallet,4,0,5
1000006,Jio Mart,Kolkata,57,263,20,1.2,15,Snacks,UPI,3,0,5
1000007,Blinkit,Bengluru,37,517,18,12.5,19,Snacks,Debit Card,3,0,4
1000008,Dunzo,Chennai,49,292,11,4.9,2,Personal Care,Credit Card,3,0,5
1000009,Flipkart Minutes,Bengluru,26,763,18,10.3,5,Beverages,Wallet,2,0,3
1000010,Swiggy Instamart,Chennai,45,913,11,3.7,15,Groceries,Cash on Delivery,2,0,4
1000011,Blinkit,Hyderabad,25,447,13,4.7,12,Beverages,Debit Card,4,0,4
1000012,Swiggy Instamart,Pune,47,1143,15,6.9,15,Snacks,Cash on Delivery,5,0,5
1000013,Amazon Now,Haridwar,18,98,28,6.3,10,Beverages,Cash on Delivery,2,0,3
1000014,Blinkit,Noida,48,1600,10,1.6,16,Beverages,Debit Card,3,1,4
1000015,Blinkit,Amritsar,46,712,18,13.7,9,Household,Credit Card,4,0,4
1000016,Big Basket,Bengluru,29,50,19,11.6,4,Beverages,Debit Card,2,0,4
1000017,Flipkart Minutes,Hyderabad,48,50,17,12.3,14,Household,Credit Card,2,1,5
1000018,Zepto,Delhi,23,1041,5,14.7,18,Snacks,Wallet,3,1,4
1000019,Jio Mart,Haridwar,29,540,35,11.1,13,Dairy,Wallet,1,0,3
1000020,Jio Mart,Jaipur,25,50,27,10.3,3,Beverages,Credit Card,2,0,3
1000021,Jio Mart,Chennai,20,50,25,10.0,13,Snacks,Debit Card,1,0,2
1000023,Jio Mart,Delhi,48,50,8,0.8,3,Snacks,Cash on Delivery,3,0,4
1000024,Flipkart Minutes,Noida,19,935,20,14.3,16,Beverages,Debit Card,3,1,5
1000025,Swiggy Instamart,Noida,24,1148,20,13.4,5,Beverages,UPI,5,1,3
1000026,Blinkit,Haridwar,32,91,30,12.5,9,Household,Wallet,5,0,3
1000027,Jio Mart,Kolkata,27,691,20,3.8,13,Fruits & Vegetables,Credit Card,2,1,3
1000028,Zepto,Hyderabad,43,50,12,11.9,19,Snacks,Credit Card,4,1,4
1000029,Jio Mart,Haridwar,30,517,34,9.0,4,Groceries,Cash on Delivery,2,1,2
1000030,Zepto,Mumbai,57,539,8,6.0,4,Beverages,Debit Card,3,1,5
1000031,Swiggy Instamart,Delhi,33,681,9,13.7,3,Snacks,Credit Card,3,0,5
1000032,Dunzo,Chennai,25,1267,15,7.5,8,Household,Wallet,1,1,4
1000033,Amazon Now,Bengluru,34,178,16,1.7,7,Household,UPI,4,1,4
1000034,Dunzo,Bengluru,31,259,13,5.7,6,Beverages,Debit Card,5,0,3
1000035,Dunzo,Chennai,37,506,17,13.9,14,Household,Credit Card,3,0,3
1000036,Dunzo,Noida,24,50,15,8.5,1,Fruits & Vegetables,Cash on Delivery,1,0,4
1000037,Jio Mart,Bengluru,42,577,26,10.0,14,Snacks,Debit Card,4,1,4
1000038,Dunzo,Mumbai,43,851,17,10.0,14,Groceries,Cash on Delivery,4,1,3
1000039,Swiggy Instamart,Hyderabad,20,537,13,1.2,6,Personal Care,Credit Card,3,0,4
1000040,Big Basket,Gurgaon,22,1228,23,14.8,14,Household,Debit Card,4,1,3
1000041,Jio Mart,Pune,33,782,28,15.0,16,Fruits & Vegetables,Cash on Delivery,1,1,4
1000042,Flipkart Minutes,Hyderabad,25,523,13,1.9,5,Dairy,Cash on Delivery,1,0,4
1000043,Jio Mart,Hyderabad,31,422,22,6.4,16,Groceries,Debit Card,2,0,5
1000045,Dunzo,Bengluru,58,558,19,12.8,6,Groceries,Credit Card,4,0,4
1000046,Blinkit,Hyderabad,21,484,15,7.2,13,Personal Care,Debit Card,5,0,3
1000047,Swiggy Instamart,Amritsar,26,829,18,11.7,19,Snacks,Credit Card,4,0,4
1000048,Zepto,Bengluru,40,1300,13,14.0,6,Personal Care,UPI,2,1,3
1000049,Dunzo,Jaipur,45,334,16,5.8,12,Fruits & Vegetables,Debit Card,3,1,3
1000050,Amazon Now,Noida,37,889,19,10.5,14,Dairy,UPI,3,1,3
1000051,Jio Mart,Delhi,46,50,15,11.4,12,Beverages,Wallet,3,0,4
1000052,Big Basket,Amritsar,31,1042,23,14.6,8,Household,Debit Card,3,1,3
1000053,Flipkart Minutes,Mumbai,30,580,13,1.9,15,Personal Care,UPI,5,0,4
1000054,Blinkit,Gurgaon,26,1549,14,7.8,17,Household,UPI,3,1,3
1000056,Dunzo,Pune,43,1539,14,9.5,12,Personal Care,Debit Card,2,1,4
1000057,Swiggy Instamart,Jaipur,40,263,22,12.2,3,Household,Debit Card,1,0,4
1000058,Flipkart Minutes,Mumbai,54,50,14,0.9,8,Beverages,UPI,2,0,4
1000059,Jio Mart,Jaipur,35,696,22,2.0,13,Personal Care,Credit Card,4,0,4
1000061,Swiggy Instamart,Pune,26,307,15,5.0,17,Household,Credit Card,3,1,4
1000063,Swiggy Instamart,Bengluru,56,50,22,14.2,15,Snacks,Credit Card,2,0,3
1000064,Zepto,Pune,38,229,5,0.7,5,Beverages,Cash on Delivery,4,0,4
1000065,Zepto,Amritsar,19,810,7,5.0,9,Household,UPI,5,1,3
1000066,Big Basket,Amritsar,25,437,23,14.7,3,Groceries,Credit Card,3,0,3
1000067,Amazon Now,Delhi,47,997,12,14.6,6,Snacks,Cash on Delivery,3,1,5
1000068,Flipkart Minutes,Mumbai,25,698,17,8.0,18,Groceries,UPI,3,0,4
1000069,Swiggy Instamart,Delhi,31,924,5,2.1,13,Beverages,UPI,2,1,4
1000070,Jio Mart,Chennai,27,517,23,9.7,16,Dairy,Credit Card,1,0,4
1000071,Big Basket,Hyderabad,23,50,21,14.0,4,Dairy,Credit Card,4,1,4
1000072,Dunzo,Mumbai,18,366,11,3.1,19,Snacks,Debit Card,2,0,4
1000073,Zepto,Noida,45,717,5,1.4,14,Groceries,Credit Card,3,0,2
1000074,Zepto,Bengluru,33,50,9,6.5,12,Household,Debit Card,5,1,3
1000075,Jio Mart,Chennai,53,670,24,10.7,10,Snacks,UPI,4,1,4
1000076,Blinkit,Mumbai,54,512,14,1.6,18,Household,UPI,3,0,4
1000077,Jio Mart,Mumbai,33,371,25,10.4,17,Snacks,Wallet,4,0,3
1000078,Blinkit,Pune,47,179,14,6.5,2,Personal Care,Cash on Delivery,4,1,4
1000079,Flipkart Minutes,Bengluru,24,693,16,5.7,13,Fruits & Vegetables,Cash on Delivery,2,1,4
1000080,Zepto,Gurgaon,41,1313,7,6.7,8,Household,Wallet,4,0,3
1000081,Amazon Now,Noida,30,50,19,11.0,4,Household,UPI,1,0,5
1000082,Dunzo,Noida,57,248,15,8.0,8,Dairy,Wallet,4,1,4
1000083,Jio Mart,Mumbai,40,128,23,7.8,19,Personal Care,Debit Card,2,0,3
1000084,Swiggy Instamart,Bengluru,55,569,15,7.8,17,Groceries,Credit Card,3,1,4
1000085,Zepto,Haridwar,33,50,14,0.7,17,Groceries,Debit Card,4,1,5
1000086,Dunzo,Haridwar,39,297,23,2.0,16,Fruits & Vegetables,Wallet,3,1,4
1000087,Swiggy Instamart,Amritsar,55,739,14,3.2,8,Personal Care,UPI,4,0,4
1000088,Amazon Now,Mumbai,19,172,23,11.7,19,Groceries,UPI,4,0,3
1000089,Swiggy Instamart,Noida,51,1329,12,0.8,14,Household,UPI,3,1,3
1000090,Jio Mart,Delhi,55,490,17,14.1,8,Dairy,Debit Card,2,0,4
1000091,Swiggy Instamart,Delhi,30,1144,6,10.1,9,Personal Care,Cash on Delivery,3,0,5
1000092,Swiggy Instamart,Chennai,45,1576,12,2.2,15,Snacks,Credit Card,4,1,4
1000093,Blinkit,Amritsar,55,399,18,13.5,1,Snacks,Debit Card,2,0,4
1000094,Swiggy Instamart,Hyderabad,31,927,19,14.8,6,Dairy,Debit Card,4,0,3
1000095,Swiggy Instamart,Haridwar,39,452,28,12.2,1,Groceries,Cash on Delivery,5,0,5
1000096,Jio Mart,Gurgaon,50,1216,28,14.3,9,Fruits & Vegetables,UPI,2,1,4
1000097,Jio Mart,Noida,54,448,27,12.5,9,Fruits & Vegetables,Wallet,4,0,4
1000098,Amazon Now,Mumbai,23,161,18,5.8,2,Fruits & Vegetables,UPI,5,1,3
1000099,Dunzo,Gurgaon,42,50,12,7.2,3,Fruits & Vegetables,Credit Card,4,1,3
1000100,Dunzo,Haridwar,28,662,26,11.6,11,Personal Care,Cash on Delivery,3,0,4
1000101,Jio Mart,Chennai,44,50,18,1.2,9,Snacks,Debit Card,2,1,5
1000102,Blinkit,Gurgaon,52,1456,11,4.5,8,Groceries,Credit Card,3,1,5
1000103,Amazon Now,Pune,39,983,21,9.9,2,Dairy,Cash on Delivery,3,1,4
1000104,Big Basket,Mumbai,59,444,21,12.3,6,Household,UPI,4,0,4
1000105,Jio Mart,Amritsar,34,112,23,10.6,11,Snacks,UPI,4,0,5
1000106,Dunzo,Chennai,23,207,12,6.5,10,Fruits & Vegetables,Debit Card,4,1,3
1000107,Amazon Now,Kolkata,52,329,21,10.8,9,Household,Wallet,5,0,3
1000108,Flipkart Minutes,Chennai,35,229,18,10.4,1,Fruits & Vegetables,Debit Card,4,0,4
1000109,Dunzo,Bengluru,56,408,14,6.7,2,Snacks,Credit Card,3,1,4
1000110,Swiggy Instamart,Chennai,22,302,17,9.7,11,Dairy,Cash on Delivery,5,0,4
1000111,Dunzo,Pune,18,954,16,11.5,3,Household,Cash on Delivery,2,1,4
1000112,Dunzo,Mumbai,53,866,16,10.2,9,Beverages,Credit Card,3,0,4
1000113,Dunzo,Pune,48,549,13,8.6,14,Snacks,Cash on Delivery,3,0,4
1000114,Big Basket,Pune,47,655,16,5.8,19,Groceries,Debit Card,3,1,5
1000115,Jio Mart,Amritsar,38,267,21,6.4,2,Dairy,UPI,4,0,4
1000116,Amazon Now,Chennai,52,672,18,4.4,19,Snacks,Cash on Delivery,3,0,4
1000117,Amazon Now,Haridwar,25,414,29,7.4,19,Dairy,Cash on Delivery,4,0,3
1000118,Flipkart Minutes,Jaipur,57,638,20,5.3,18,Snacks,Cash on Delivery,4,1,4
1000119,Big Basket,Mumbai,26,625,24,12.5,1,Personal Care,Wallet,4,0,3
1000120,Amazon Now,Chennai,33,50,14,0.8,2,Fruits & Vegetables,Credit Card,4,1,4
1000121,Dunzo,Amritsar,38,92,11,5.7,19,Dairy,Wallet,2,1,5
1000122,Dunzo,Kolkata,59,1010,14,7.6,2,Dairy,Debit Card,1,1,4
1000123,Swiggy Instamart,Amritsar,45,807,19,11.9,8,Personal Care,Cash on Delivery,2,0,3
1000124,Dunzo,Haridwar,48,539,29,14.4,10,Household,Credit Card,4,1,3
1000126,Zepto,Gurgaon,40,604,9,8.3,3,Household,Credit Card,5,0,3
1000127,Big Basket,Bengluru,45,351,16,2.9,1,Groceries,Cash on Delivery,2,0,3
1000128,Big Basket,Delhi,22,651,5,2.3,8,Beverages,Wallet,3,0,4
1000129,Zepto,Mumbai,39,988,12,8.0,14,Snacks,Wallet,3,0,5
1000130,Zepto,Noida,47,732,5,3.2,1,Snacks,UPI,4,1,4
1000131,Swiggy Instamart,Gurgaon,54,329,17,11.8,4,Household,Cash on Delivery,4,0,4
1000132,Big Basket,Haridwar,25,223,28,5.7,10,Household,Wallet,2,0,3
1000133,Jio Mart,Jaipur,42,123,30,13.4,7,Groceries,Debit Card,4,0,4
1000134,Big Basket,Noida,43,1372,15,2.9,9,Groceries,UPI,5,1,4
1000135,Flipkart Minutes,Haridwar,43,50,28,9.2,1,Beverages,UPI,5,0,4
1000136,Dunzo,Pune,26,60,9,1.8,10,Fruits & Vegetables,Cash on Delivery,3,0,3
1000137,Swiggy Instamart,Haridwar,44,1367,26,2.5,9,Fruits & Vegetables,UPI,3,1,3
1000138,Zepto,Hyderabad,25,291,12,13.9,14,Fruits & Vegetables,Cash on Delivery,2,1,4
1000139,Dunzo,Pune,52,1157,18,13.1,19,Snacks,Cash on Delivery,2,1,3
1000140,Zepto,Chennai,37,444,13,13.3,19,Dairy,Cash on Delivery,2,0,4
1000141,Amazon Now,Amritsar,36,1072,19,8.4,6,Dairy,Cash on Delivery,1,1,4
1000142,Amazon Now,Pune,52,819,16,2.3,19,Snacks,Credit Card,3,0,3
1000143,Amazon Now,Amritsar,45,114,19,10.2,8,Beverages,Wallet,2,0,3
1000145,Amazon Now,Mumbai,41,312,21,8.8,4,Household,Cash on Delivery,4,0,3
1000146,Flipkart Minutes,Gurgaon,48,294,14,2.0,8,Dairy,Debit Card,3,0,3
1000148,Dunzo,Chennai,29,1307,13,9.8,1,Groceries,Cash on Delivery,1,1,3
1000149,Swiggy Instamart,Bengluru,37,50,19,9.8,18,Groceries,UPI,4,0,4
1000150,Flipkart Minutes,Noida,33,858,20,14.5,5,Household,Wallet,5,0,4
1000151,Blinkit,Amritsar,37,107,13,6.8,15,Groceries,Wallet,5,0,5
1000152,Zepto,Delhi,54,581,5,3.8,19,Fruits & Vegetables,Cash on Delivery,3,1,4
1000153,Big Basket,Bengluru,21,433,15,0.7,5,Snacks,Credit Card,5,1,4
1000154,Swiggy Instamart,Bengluru,40,558,18,12.3,6,Beverages,Cash on Delivery,2,1,3
1000155,Dunzo,Delhi,53,285,5,8.9,11,Household,Credit Card,2,0,4
1000156,Dunzo,Hyderabad,59,450,11,6.7,9,Personal Care,UPI,3,0,4
1000157,Flipkart Minutes,Delhi,35,793,5,4.9,4,Household,Debit Card,4,0,3
1000158,Blinkit,Kolkata,50,531,16,11.8,17,Household,Cash on Delivery,3,0,3
1000159,Jio Mart,Noida,22,612,21,3.4,15,Personal Care,Wallet,2,0,4
1000160,Flipkart Minutes,Mumbai,54,672,22,11.5,13,Personal Care,Cash on Delivery,2,0,3
1000161,Flipkart Minutes,Delhi,32,630,5,1.0,5,Household,Credit Card,4,0,4
1000162,Jio Mart,Haridwar,30,244,39,13.5,19,Dairy,Credit Card,1,0,4
1000163,Flipkart Minutes,Amritsar,21,151,16,6.5,9,Beverages,UPI,3,1,4
1000164,Big Basket,Bengluru,23,132,16,6.1,17,Fruits & Vegetables,Wallet,2,0,4
1000165,Swiggy Instamart,Bengluru,29,810,12,0.6,19,Beverages,Credit Card,4,1,4
1000166,Swiggy Instamart,Pune,38,904,11,2.6,12,Dairy,Credit Card,4,1,4
1000167,Zepto,Haridwar,23,1127,22,9.2,2,Personal Care,Wallet,3,1,3
1000169,Flipkart Minutes,Hyderabad,57,432,17,9.0,18,Snacks,Credit Card,2,1,3
1000170,Big Basket,Noida,27,149,19,9.0,3,Personal Care,Wallet,4,1,3
1000171,Swiggy Instamart,Mumbai,42,1556,18,10.3,17,Groceries,UPI,3,1,4
1000172,Flipkart Minutes,Haridwar,18,400,33,12.8,3,Dairy,UPI,3,0,4
1000173,Big Basket,Amritsar,44,59,17,7.2,2,Personal Care,Wallet,4,0,4
1000174,Zepto,Kolkata,55,647,9,11.6,2,Household,UPI,2,0,5
1000175,Amazon Now,Amritsar,44,106,20,9.6,16,Personal Care,Debit Card,2,0,3
1000176,Swiggy Instamart,Noida,56,1076,15,6.6,10,Dairy,Wallet,2,0,4
1000177,Dunzo,Haridwar,45,350,29,11.4,17,Personal Care,Wallet,1,0,4
1000178,Blinkit,Bengluru,41,827,16,11.5,8,Fruits & Vegetables,Credit Card,3,1,3
1000179,Amazon Now,Bengluru,48,259,25,14.9,19,Groceries,Debit Card,3,0,4
1000180,Amazon Now,Bengluru,59,817,18,6.5,5,Personal Care,Wallet,4,0,3
1000181,Amazon Now,Noida,50,404,24,14.7,7,Groceries,UPI,4,0,4
1000182,Dunzo,Delhi,20,280,5,8.5,16,Personal Care,Wallet,2,0,2
1000183,Flipkart Minutes,Gurgaon,46,1756,13,5.8,15,Personal Care,Debit Card,2,1,3
1000184,Blinkit,Mumbai,58,783,12,0.6,10,Dairy,Cash on Delivery,5,0,3
1000185,Amazon Now,Pune,18,1307,15,0.5,19,Snacks,Credit Card,3,1,3
1000186,Blinkit,Mumbai,31,386,13,3.5,5,Dairy,Cash on Delivery,4,1,5
1000187,Jio Mart,Haridwar,20,92,37,14.9,11,Household,UPI,3,1,4
1000188,Jio Mart,Bengluru,23,232,27,12.4,2,Beverages,UPI,2,1,4
1000189,Swiggy Instamart,Amritsar,34,518,13,4.3,12,Beverages,Credit Card,2,0,4
1000190,Flipkart Minutes,Delhi,51,687,5,6.3,7,Snacks,Wallet,2,0,4
1000191,Flipkart Minutes,Gurgaon,44,734,14,6.7,11,Household,Debit Card,1,0,4
1000192,Blinkit,Gurgaon,25,354,15,11.3,14,Fruits & Vegetables,Credit Card,3,0,5
1000193,Swiggy Instamart,Kolkata,47,469,16,7.2,18,Dairy,Credit Card,4,0,3
1000194,Blinkit,Bengluru,40,835,12,3.0,5,Household,UPI,3,1,4
1000195,Blinkit,Chennai,30,1024,13,5.8,12,Beverages,Cash on Delivery,2,1,3
1000196,Flipkart Minutes,Delhi,43,323,5,3.5,19,Snacks,Cash on Delivery,4,0,3
1000197,Jio Mart,Chennai,19,814,23,11.0,16,Dairy,Credit Card,2,1,3
1000198,Flipkart Minutes,Bengluru,21,1102,23,14.4,9,Personal Care,Debit Card,3,1,4
1000199,Zepto,Mumbai,44,307,12,9.5,12,Beverages,Debit Card,2,1,4
1000200,Dunzo,Amritsar,50,180,14,10.0,12,Fruits & Vegetables,Cash on Delivery,1,0,4
1000201,Swiggy Instamart,Hyderabad,42,756,21,14.8,4,Fruits & Vegetables,Cash on Delivery,3,0,5
1000202,Flipkart Minutes,Haridwar,32,520,28,7.4,3,Household,Wallet,3,0,3
1000203,Blinkit,Mumbai,19,1245,14,2.3,5,Snacks,Debit Card,4,0,3
1000204,Amazon Now,Haridwar,58,546,27,4.2,7,Snacks,Debit Card,1,0,4
1000205,Blinkit,Gurgaon,48,317,18,12.0,14,Snacks,Wallet,3,1,4
1000206,Blinkit,Delhi,29,700,7,10.0,11,Groceries,Credit Card,4,0,4
1000207,Flipkart Minutes,Delhi,43,648,7,8.3,4,Groceries,Debit Card,2,0,4
1000208,Blinkit,Pune,40,182,15,9.9,2,Beverages,Wallet,2,0,4
1000210,Jio Mart,Noida,35,310,19,3.5,11,Household,UPI,2,0,4
1000211,Dunzo,Delhi,56,447,5,10.7,9,Groceries,Cash on Delivery,2,0,4
1000212,Flipkart Minutes,Noida,52,497,15,7.0,1,Snacks,UPI,2,0,4
1000213,Amazon Now,Haridwar,30,564,35,13.1,3,Personal Care,Cash on Delivery,2,0,4
1000214,Jio Mart,Delhi,48,173,11,4.1,12,Snacks,UPI,2,1,4
1000215,Jio Mart,Haridwar,29,421,32,6.2,11,Beverages,Cash on Delivery,3,0,4
1000216,Zepto,Bengluru,53,50,12,12.2,18,Dairy,UPI,4,1,4
1000217,Dunzo,Pune,30,50,8,2.0,2,Dairy,Debit Card,1,0,4
1000218,Zepto,Bengluru,32,579,10,8.2,2,Snacks,Wallet,4,1,4
1000219,Jio Mart,Amritsar,45,387,25,12.9,4,Beverages,Cash on Delivery,3,1,4
1000220,Zepto,Pune,36,522,5,1.1,11,Personal Care,UPI,5,1,3
1000221,Amazon Now,Hyderabad,22,259,21,9.5,16,Snacks,Debit Card,1,0,4
1000222,Amazon Now,Gurgaon,36,939,14,2.4,19,Snacks,Cash on Delivery,2,0,3
1000223,Swiggy Instamart,Jaipur,30,627,22,8.9,5,Dairy,UPI,4,1,5
1000224,Swiggy Instamart,Gurgaon,20,1037,12,3.8,19,Personal Care,Wallet,3,0,4
1000225,Swiggy Instamart,Bengluru,59,1014,17,10.0,10,Personal Care,Debit Card,5,1,3
1000226,Swiggy Instamart,Haridwar,34,408,29,11.3,12,Snacks,UPI,3,1,4
1000227,Dunzo,Gurgaon,18,429,15,8.6,3,Fruits & Vegetables,Debit Card,2,0,3
1000228,Blinkit,Kolkata,26,50,14,4.7,7,Dairy,Credit Card,4,0,5
1000229,Big Basket,Chennai,50,616,11,0.8,16,Household,Debit Card,4,1,4
1000230,Jio Mart,Gurgaon,36,801,22,5.3,19,Snacks,UPI,3,1,3
1000231,Blinkit,Jaipur,52,543,22,14.5,4,Fruits & Vegetables,UPI,3,1,3
1000232,Zepto,Jaipur,51,563,14,8.6,18,Beverages,Credit Card,2,1,4
1000233,Flipkart Minutes,Bengluru,51,630,13,3.2,8,Fruits & Vegetables,UPI,3,0,4
1000234,Zepto,Hyderabad,31,324,9,12.3,4,Fruits & Vegetables,Cash on Delivery,4,1,5
1000235,Dunzo,Delhi,32,120,6,13.3,19,Beverages,Wallet,4,1,3
1000236,Blinkit,Mumbai,52,1034,17,7.2,14,Beverages,UPI,5,0,4
1000237,Jio Mart,Hyderabad,47,330,23,7.2,13,Snacks,Credit Card,1,0,4
1000238,Jio Mart,Chennai,58,289,22,7.7,8,Groceries,Cash on Delivery,3,1,4
1000239,Blinkit,Gurgaon,44,460,10,1.9,13,Groceries,Debit Card,4,0,4
1000240,Swiggy Instamart,Haridwar,49,131,24,5.1,13,Personal Care,Credit Card,5,1,2
1000241,Blinkit,Noida,54,716,16,12.9,18,Dairy,Wallet,2,0,3
1000242,Amazon Now,Noida,41,569,18,7.8,10,Fruits & Vegetables,Wallet,2,0,4
1000243,Blinkit,Amritsar,23,1373,11,2.2,6,Personal Care,Cash on Delivery,4,1,4
1000244,Blinkit,Haridwar,34,480,26,5.6,4,Snacks,Debit Card,4,1,3
1000245,Flipkart Minutes,Kolkata,30,57,14,1.3,18,Personal Care,Cash on Delivery,4,0,3
1000246,Dunzo,Jaipur,41,458,18,10.4,2,Groceries,Cash on Delivery,3,0,4
1000247,Zepto,Gurgaon,23,704,10,9.6,5,Groceries,Cash on Delivery,4,0,3
1000248,Zepto,Hyderabad,30,425,11,14.5,12,Snacks,Cash on Delivery,2,1,4
1000249,Amazon Now,Delhi,26,316,11,13.3,5,Household,Cash on Delivery,4,0,4
1000250,Zepto,Kolkata,56,550,8,8.7,9,Snacks,Cash on Delivery,5,0,4
1000251,Flipkart Minutes,Mumbai,43,132,15,3.3,16,Household,Cash on Delivery,4,0,4
1000252,Zepto,Jaipur,40,458,11,4.6,18,Household,Debit Card,2,1,4
1000253,Dunzo,Hyderabad,35,745,13,5.6,5,Beverages,Credit Card,1,0,4
1000254,Jio Mart,Pune,18,632,23,11.8,2,Personal Care,UPI,5,0,4
1000255,Swiggy Instamart,Kolkata,52,50,14,8.2,7,Personal Care,UPI,3,1,3
1000256,Amazon Now,Pune,44,50,21,10.2,1,Dairy,Wallet,1,0,3
1000257,Amazon Now,Bengluru,35,1262,19,4.5,6,Personal Care,Credit Card,3,1,3
1000258,Blinkit,Amritsar,18,457,16,13.4,4,Snacks,UPI,5,0,4
1000259,Swiggy Instamart,Jaipur,18,325,25,14.3,8,Snacks,Credit Card,3,0,5
1000260,Big Basket,Kolkata,29,286,17,5.4,19,Beverages,Credit Card,2,1,3
1000261,Amazon Now,Hyderabad,30,394,17,5.4,18,Household,Cash on Delivery,3,0,3
1000262,Zepto,Gurgaon,26,229,5,2.6,6,Fruits & Vegetables,UPI,1,0,5
1000263,Blinkit,Delhi,53,1402,5,2.0,13,Fruits & Vegetables,Cash on Delivery,5,1,4
1000264,Amazon Now,Jaipur,21,50,21,1.5,10,Groceries,Cash on Delivery,2,0,4
1000265,Jio Mart,Jaipur,58,50,27,5.6,6,Beverages,UPI,2,1,4
1000266,Amazon Now,Hyderabad,40,274,18,7.7,9,Fruits & Vegetables,UPI,1,0,4
1000267,Big Basket,Haridwar,42,367,28,6.6,7,Personal Care,Cash on Delivery,2,0,5
1000268,Swiggy Instamart,Pune,48,1060,11,2.7,13,Beverages,Credit Card,4,0,3
1000269,Dunzo,Kolkata,20,573,13,8.9,8,Fruits & Vegetables,Wallet,2,0,4
1000270,Big Basket,Pune,38,50,20,14.7,3,Household,Credit Card,5,1,4
1000271,Blinkit,Chennai,42,577,14,8.3,1,Dairy,Debit Card,3,1,4
1000272,Big Basket,Hyderabad,40,285,23,14.8,1,Snacks,UPI,1,0,5
1000273,Blinkit,Kolkata,35,629,15,7.2,18,Personal Care,Debit Card,5,0,4
1000274,Jio Mart,Noida,46,146,19,3.9,9,Groceries,Cash on Delivery,3,1,5
1000275,Jio Mart,Bengluru,33,50,21,1.1,14,Household,Wallet,2,0,4
1000276,Big Basket,Bengluru,22,1354,15,5.2,17,Groceries,UPI,3,0,3
1000277,Zepto,Bengluru,42,870,15,14.4,2,Fruits & Vegetables,Wallet,3,0,4
1000278,Amazon Now,Bengluru,27,702,20,11.1,1,Groceries,Cash on Delivery,4,1,4
1000280,Blinkit,Noida,20,339,10,0.9,12,Beverages,Debit Card,3,0,3
1000281,Big Basket,Amritsar,52,505,14,2.0,17,Groceries,Wallet,3,0,3
1000282,Flipkart Minutes,Delhi,51,387,5,1.2,6,Fruits & Vegetables,Wallet,3,1,3
1000283,Dunzo,Kolkata,21,335,15,13.9,15,Household,Cash on Delivery,4,0,3
1000284,Blinkit,Delhi,39,518,5,3.4,2,Fruits & Vegetables,Cash on Delivery,3,0,3
1000285,Flipkart Minutes,Hyderabad,43,652,16,6.6,7,Snacks,UPI,4,1,3
1000286,Big Basket,Gurgaon,54,905,18,11.2,1,Household,Cash on Delivery,2,1,4
1000287,Flipkart Minutes,Bengluru,40,1000,19,13.6,16,Groceries,Cash on Delivery,5,1,5
1000288,Big Basket,Amritsar,20,1126,16,9.1,15,Fruits & Vegetables,Cash on Delivery,1,1,3
1000289,Amazon Now,Gurgaon,22,509,19,11.6,2,Dairy,Debit Card,4,0,3
1000290,Zepto,Haridwar,49,154,21,6.1,1,Groceries,Wallet,3,0,4
1000291,Big Basket,Hyderabad,28,295,20,13.2,16,Dairy,Credit Card,2,0,4
1000292,Jio Mart,Chennai,36,794,22,8.8,3,Dairy,Cash on Delivery,4,0,5
1000293,Swiggy Instamart,Haridwar,43,634,26,8.3,9,Household,Cash on Delivery,2,0,3
1000294,Amazon Now,Delhi,46,546,9,7.9,3,Personal Care,UPI,4,1,3
1000295,Big Basket,Kolkata,45,64,13,3.4,5,Dairy,Debit Card,4,0,3
1000296,Flipkart Minutes,Pune,31,161,19,13.4,14,Beverages,UPI,1,0,4
1000297,Flipkart Minutes,Hyderabad,29,113,14,3.9,14,Snacks,Debit Card,2,0,5
1000298,Zepto,Chennai,27,926,10,13.9,10,Snacks,Debit Card,5,0,4
1000299,Flipkart Minutes,Amritsar,43,565,18,12.7,3,Groceries,Credit Card,4,0,4
1000300,Dunzo,Pune,25,358,11,7.1,3,Household,Wallet,4,0,4
1000301,Blinkit,Haridwar,41,469,23,3.3,4,Fruits & Vegetables,UPI,5,0,4
1000303,Big Basket,Gurgaon,43,763,12,2.4,16,Dairy,Credit Card,3,1,3
1000304,Swiggy Instamart,Hyderabad,56,271,14,3.2,1,Groceries,Wallet,4,0,5
1000305,Flipkart Minutes,Hyderabad,48,241,20,13.3,12,Groceries,Cash on Delivery,4,0,5
1000306,Amazon Now,Hyderabad,46,253,20,13.5,5,Groceries,Credit Card,2,0,4
1000307,Big Basket,Chennai,51,540,19,9.2,12,Snacks,Debit Card,4,1,3
1000308,Jio Mart,Delhi,45,556,10,2.4,12,Snacks,UPI,3,1,4
1000310,Zepto,Hyderabad,58,522,11,13.3,11,Dairy,Debit Card,4,0,3
1000311,Big Basket,Delhi,32,296,11,11.3,11,Dairy,Wallet,1,0,3
1000312,Jio Mart,Mumbai,32,139,23,3.4,7,Dairy,Cash on Delivery,3,0,4
1000313,Zepto,Gurgaon,24,227,10,10.1,11,Groceries,Credit Card,3,0,4
1000314,Jio Mart,Noida,25,637,26,12.3,7,Personal Care,Cash on Delivery,3,0,3
1000315,Swiggy Instamart,Bengluru,37,456,13,1.9,13,Fruits & Vegetables,Cash on Delivery,3,1,4
1000316,Blinkit,Kolkata,40,300,20,14.5,5,Beverages,Wallet,2,0,4
1000317,Flipkart Minutes,Bengluru,37,957,12,2.4,12,Snacks,Debit Card,4,1,3
1000318,Swiggy Instamart,Amritsar,55,585,17,8.7,17,Personal Care,Cash on Delivery,2,0,4
1000319,Blinkit,Hyderabad,27,457,17,10.3,18,Household,Wallet,4,0,3
1000320,Flipkart Minutes,Delhi,25,50,5,3.7,3,Household,Debit Card,2,0,4
1000321,Jio Mart,Haridwar,50,139,31,1.6,4,Personal Care,Cash on Delivery,3,0,4
1000323,Big Basket,Kolkata,22,877,15,1.0,18,Fruits & Vegetables,Credit Card,3,0,4
1000324,Flipkart Minutes,Pune,30,247,19,10.0,16,Snacks,Credit Card,2,0,4
1000325,Big Basket,Noida,55,420,17,10.8,14,Beverages,Wallet,2,0,2
1000326,Dunzo,Mumbai,35,805,18,10.2,4,Dairy,UPI,3,0,5
1000327,Big Basket,Chennai,35,671,23,14.4,6,Fruits & Vegetables,Cash on Delivery,5,0,3
1000328,Swiggy Instamart,Bengluru,22,143,16,10.2,6,Household,UPI,3,0,4
1000329,Amazon Now,Kolkata,26,628,21,11.7,10,Household,UPI,3,0,4
1000330,Big Basket,Jaipur,44,380,23,6.0,1,Snacks,Debit Card,4,0,4
1000331,Flipkart Minutes,Kolkata,27,342,16,9.9,10,Beverages,Cash on Delivery,1,0,3
1000332,Swiggy Instamart,Bengluru,43,466,15,7.3,1,Personal Care,Debit Card,3,0,5
1000333,Amazon Now,Pune,18,254,16,3.0,14,Dairy,Cash on Delivery,1,0,3
1000334,Amazon Now,Chennai,48,1027,16,3.1,4,Dairy,UPI,2,0,4
1000335,Flipkart Minutes,Mumbai,33,295,20,12.7,2,Snacks,Cash on Delivery,1,0,4
1000336,Big Basket,Haridwar,29,50,30,5.9,10,Beverages,Credit Card,4,0,4
1000337,Big Basket,Jaipur,50,695,26,11.1,19,Groceries,Credit Card,5,0,3
1000338,Big Basket,Gurgaon,36,1578,20,12.9,7,Personal Care,Credit Card,4,1,3
1000339,Jio Mart,Bengluru,42,441,26,12.5,14,Snacks,Cash on Delivery,2,0,4
1000340,Blinkit,Hyderabad,38,664,11,5.0,1,Snacks,Credit Card,4,1,3
1000341,Big Basket,Jaipur,42,1538,25,11.9,17,Snacks,Wallet,1,1,5
1000342,Swiggy Instamart,Amritsar,44,117,15,7.1,5,Groceries,Cash on Delivery,3,0,4
1000344,Zepto,Delhi,38,267,5,4.0,12,Groceries,UPI,3,0,4
1000345,Dunzo,Hyderabad,48,1156,11,5.9,17,Fruits & Vegetables,Wallet,3,1,4
1000346,Jio Mart,Haridwar,33,160,34,6.5,5,Dairy,Wallet,4,0,3
1000347,Zepto,Amritsar,18,531,10,11.8,3,Personal Care,Credit Card,4,0,4
1000348,Swiggy Instamart,Kolkata,31,50,18,12.8,4,Household,Wallet,4,1,4
1000349,Dunzo,Kolkata,40,544,13,7.6,17,Dairy,Debit Card,1,0,4
1000350,Zepto,Amritsar,40,923,8,9.5,16,Snacks,UPI,4,0,4
1000351,Flipkart Minutes,Chennai,45,408,20,12.4,3,Groceries,UPI,3,0,5
1000352,Jio Mart,Bengluru,43,784,24,12.2,5,Household,UPI,3,1,3
1000353,Big Basket,Haridwar,27,773,30,7.5,10,Beverages,Debit Card,2,0,5
1000354,Blinkit,Mumbai,43,1393,16,6.7,5,Household,UPI,2,0,4
1000355,Dunzo,Pune,20,350,11,2.9,16,Groceries,Cash on Delivery,2,0,3
1000356,Jio Mart,Pune,36,556,20,1.3,17,Household,Credit Card,2,1,5
1000357,Flipkart Minutes,Bengluru,25,1294,13,1.7,15,Personal Care,UPI,2,1,3
1000358,Swiggy Instamart,Kolkata,47,86,19,12.8,9,Beverages,Credit Card,4,0,4
1000359,Dunzo,Bengluru,19,216,10,3.0,17,Personal Care,Credit Card,2,0,4
1000360,Big Basket,Gurgaon,33,856,20,12.0,17,Personal Care,Wallet,4,0,4
1000361,Dunzo,Bengluru,41,868,18,14.2,12,Dairy,Credit Card,4,0,4
1000362,Big Basket,Noida,26,273,16,3.9,5,Groceries,Debit Card,2,1,4
1000363,Dunzo,Chennai,55,749,13,10.1,10,Household,Cash on Delivery,1,1,4
1000364,Flipkart Minutes,Gurgaon,57,329,14,4.9,4,Snacks,Wallet,3,0,4
1000365,Amazon Now,Bengluru,41,616,21,13.5,12,Personal Care,Cash on Delivery,5,0,4
1000366,Zepto,Pune,50,1322,6,6.9,7,Fruits & Vegetables,UPI,3,1,4
1000367,Flipkart Minutes,Chennai,37,890,21,13.0,5,Personal Care,Cash on Delivery,2,1,4
1000368,Jio Mart,Noida,20,802,18,1.8,2,Household,Credit Card,3,0,4
1000369,Flipkart Minutes,Amritsar,24,50,15,3.7,13,Fruits & Vegetables,UPI,5,0,4
1000370,Jio Mart,Pune,46,329,22,4.4,10,Dairy,UPI,3,0,4
1000371,Jio Mart,Haridwar,49,50,35,6.4,6,Fruits & Vegetables,Credit Card,2,0,3
1000372,Blinkit,Mumbai,33,512,20,14.6,4,Fruits & Vegetables,Wallet,2,1,3
1000373,Swiggy Instamart,Jaipur,26,480,15,0.7,16,Snacks,Cash on Delivery,4,1,3
1000375,Big Basket,Noida,20,1029,21,12.9,15,Beverages,Credit Card,2,0,3
1000376,Zepto,Gurgaon,20,757,5,0.7,10,Household,Cash on Delivery,3,0,4
1000377,Swiggy Instamart,Pune,42,1338,13,1.4,15,Dairy,Wallet,4,1,4
1000378,Zepto,Pune,32,563,9,8.8,10,Personal Care,Debit Card,2,0,3
1000379,Dunzo,Chennai,46,646,9,2.7,3,Groceries,Cash on Delivery,1,0,4
1000380,Amazon Now,Noida,41,1323,20,10.4,4,Dairy,Cash on Delivery,2,1,4
1000381,Blinkit,Hyderabad,39,432,17,12.1,17,Beverages,Cash on Delivery,3,0,4
1000382,Jio Mart,Kolkata,53,546,22,10.0,19,Personal Care,Credit Card,4,0,4
1000383,Blinkit,Pune,23,473,17,10.9,10,Dairy,UPI,5,0,3
1000384,Zepto,Pune,32,184,11,12.8,19,Dairy,Debit Card,3,0,4
1000385,Jio Mart,Kolkata,21,348,19,1.9,13,Groceries,Cash on Delivery,4,1,4
1000386,Zepto,Pune,22,314,14,14.6,18,Groceries,Wallet,2,0,4
1000387,Zepto,Gurgaon,48,745,8,4.5,3,Household,Wallet,3,0,3
1000388,Jio Mart,Hyderabad,29,793,21,6.6,9,Beverages,UPI,2,0,5
1000389,Zepto,Mumbai,40,584,13,14.7,17,Snacks,UPI,5,0,3
1000390,Big Basket,Bengluru,48,162,21,10.1,5,Dairy,Credit Card,5,0,4
1000392,Blinkit,Jaipur,49,478,25,14.9,3,Fruits & Vegetables,Credit Card,5,0,5
1000393,Big Basket,Hyderabad,58,717,18,11.8,12,Snacks,Cash on Delivery,4,0,3
1000394,Jio Mart,Delhi,52,855,9,3.0,13,Beverages,Cash on Delivery,4,1,4
1000395,Jio Mart,Kolkata,32,161,18,1.8,10,Household,Credit Card,4,1,3
1000396,Swiggy Instamart,Hyderabad,42,1127,15,8.9,2,Dairy,Cash on Delivery,2,0,4
1000397,Big Basket,Jaipur,21,50,22,9.7,8,Dairy,UPI,2,0,4
1000398,Zepto,Kolkata,49,656,12,13.9,9,Personal Care,Credit Card,5,1,3
1000399,Zepto,Haridwar,43,719,23,12.3,17,Dairy,Wallet,4,0,4
1000400,Dunzo,Haridwar,45,236,22,3.2,11,Fruits & Vegetables,Debit Card,2,0,3
1000402,Flipkart Minutes,Noida,42,485,12,3.8,6,Fruits & Vegetables,Wallet,5,0,5
1000403,Big Basket,Haridwar,49,50,32,14.3,7,Snacks,Debit Card,4,0,3
1000404,Dunzo,Mumbai,52,510,10,2.0,5,Personal Care,Credit Card,1,1,5
1000405,Flipkart Minutes,Jaipur,25,147,22,7.6,17,Fruits & Vegetables,Credit Card,5,1,5
1000406,Jio Mart,Delhi,52,580,13,7.4,12,Groceries,Debit Card,2,0,3
1000407,Blinkit,Gurgaon,37,702,10,0.6,10,Beverages,Debit Card,4,1,3
1000409,Flipkart Minutes,Amritsar,41,309,15,2.6,8,Personal Care,Debit Card,5,0,4
1000410,Dunzo,Haridwar,52,227,27,10.1,5,Fruits & Vegetables,UPI,3,0,3
1000411,Jio Mart,Jaipur,27,268,26,5.5,2,Beverages,Cash on Delivery,1,0,4
1000412,Jio Mart,Chennai,47,528,22,4.8,2,Fruits & Vegetables,Debit Card,3,0,4
1000413,Zepto,Hyderabad,25,310,5,1.2,18,Household,Credit Card,2,0,5
1000414,Swiggy Instamart,Noida,21,262,13,3.0,7,Dairy,Wallet,5,0,4
1000415,Dunzo,Kolkata,25,925,9,1.0,10,Household,UPI,1,1,4
1000416,Amazon Now,Chennai,50,50,13,2.3,10,Dairy,Wallet,3,0,4
1000417,Dunzo,Mumbai,40,780,17,10.5,19,Household,Cash on Delivery,1,0,4
1000418,Flipkart Minutes,Kolkata,40,1028,15,8.0,1,Snacks,Debit Card,2,1,3
1000419,Dunzo,Jaipur,26,259,15,2.4,16,Fruits & Vegetables,Credit Card,2,0,3
1000420,Big Basket,Haridwar,29,608,30,6.9,12,Personal Care,Cash on Delivery,5,0,3
1000421,Flipkart Minutes,Gurgaon,32,450,15,7.7,9,Groceries,Credit Card,2,0,4
1000422,Amazon Now,Kolkata,45,374,19,11.1,5,Personal Care,Credit Card,2,0,4
1000423,Zepto,Haridwar,49,1250,19,5.8,14,Groceries,Credit Card,4,1,4
1000424,Swiggy Instamart,Pune,38,826,10,2.3,12,Groceries,Cash on Delivery,2,1,3
1000425,Swiggy Instamart,Hyderabad,24,1239,16,6.9,1,Groceries,Cash on Delivery,4,1,4
1000426,Blinkit,Gurgaon,45,763,18,12.4,11,Personal Care,Wallet,2,1,4
1000427,Big Basket,Delhi,56,1431,5,2.9,19,Personal Care,Debit Card,5,1,4
1000428,Jio Mart,Jaipur,54,50,25,4.7,5,Household,Wallet,2,0,4
1000429,Big Basket,Noida,23,603,21,15.0,14,Snacks,Cash on Delivery,3,0,3
1000430,Dunzo,Amritsar,38,50,15,8.6,6,Groceries,UPI,3,0,4
1000431,Big Basket,Mumbai,47,980,20,9.4,11,Personal Care,Wallet,3,1,4
1000433,Jio Mart,Kolkata,40,783,18,1.8,11,Snacks,Wallet,3,0,5
1000434,Swiggy Instamart,Delhi,48,833,10,13.6,14,Fruits & Vegetables,Debit Card,3,0,4
1000436,Swiggy Instamart,Bengluru,39,1597,17,9.4,16,Personal Care,Credit Card,2,1,4
1000437,Dunzo,Jaipur,30,683,15,1.7,17,Groceries,Wallet,3,0,3
1000438,Flipkart Minutes,Kolkata,26,815,17,11.6,14,Groceries,UPI,4,1,4
1000439,Swiggy Instamart,Delhi,37,640,9,12.6,14,Groceries,Debit Card,3,0,3
1000440,Big Basket,Delhi,56,440,6,4.3,12,Snacks,Cash on Delivery,2,0,3
1000441,Zepto,Gurgaon,33,1003,5,3.0,6,Snacks,UPI,2,0,4
1000442,Jio Mart,Bengluru,33,642,25,8.8,10,Snacks,Cash on Delivery,5,1,4
1000443,Zepto,Pune,22,945,11,12.4,19,Personal Care,Wallet,3,0,5
1000444,Big Basket,Delhi,27,681,5,1.9,8,Fruits & Vegetables,Wallet,3,1,3
1000445,Jio Mart,Haridwar,45,326,34,7.1,11,Beverages,Cash on Delivery,1,0,3
1000446,Jio Mart,Delhi,35,50,11,5.6,8,Groceries,Wallet,2,0,4
1000447,Big Basket,Chennai,21,574,23,14.3,12,Beverages,Debit Card,3,0,4
1000448,Jio Mart,Kolkata,19,176,24,7.7,14,Beverages,Credit Card,4,0,4
1000449,Zepto,Hyderabad,30,522,9,8.5,12,Personal Care,Cash on Delivery,2,0,4
1000450,Big Basket,Mumbai,40,733,16,4.3,19,Dairy,Debit Card,3,0,5
1000451,Flipkart Minutes,Delhi,51,1045,6,8.6,12,Snacks,Cash on Delivery,4,0,3
1000452,Jio Mart,Jaipur,49,50,24,1.5,8,Beverages,Debit Card,1,1,5
1000453,Flipkart Minutes,Hyderabad,35,1479,17,8.8,19,Household,Debit Card,2,1,3
1000454,Big Basket,Bengluru,35,785,20,13.7,5,Household,UPI,4,0,3
1000455,Dunzo,Gurgaon,37,876,19,14.7,12,Fruits & Vegetables,Debit Card,3,0,4
1000456,Big Basket,Amritsar,39,763,16,5.1,13,Fruits & Vegetables,Credit Card,4,0,4
1000457,Jio Mart,Gurgaon,50,569,23,6.7,19,Fruits & Vegetables,Debit Card,5,0,5
1000458,Jio Mart,Mumbai,34,311,29,13.6,7,Groceries,Wallet,5,0,4
1000459,Dunzo,Chennai,55,678,13,10.4,2,Snacks,Debit Card,4,0,5
1000460,Dunzo,Noida,19,1515,15,9.0,16,Household,Credit Card,2,1,4
1000461,Jio Mart,Haridwar,46,82,30,1.8,8,Beverages,UPI,5,0,3
1000462,Zepto,Chennai,18,655,5,5.0,16,Groceries,UPI,4,0,3
1000463,Jio Mart,Haridwar,41,166,36,7.7,15,Personal Care,Cash on Delivery,2,0,4
1000464,Jio Mart,Pune,46,1123,22,8.0,6,Fruits & Vegetables,Debit Card,3,1,3
1000465,Flipkart Minutes,Kolkata,29,531,16,8.7,12,Household,Cash on Delivery,3,1,4
1000466,Big Basket,Haridwar,28,50,26,1.2,8,Beverages,Wallet,5,1,4
1000467,Zepto,Amritsar,59,50,5,0.5,17,Dairy,Cash on Delivery,2,0,3
1000468,Blinkit,Amritsar,39,1272,13,9.0,4,Snacks,Debit Card,3,0,4
1000469,Big Basket,Gurgaon,43,877,20,10.0,14,Fruits & Vegetables,Cash on Delivery,2,0,3
1000470,Blinkit,Kolkata,55,751,17,12.8,16,Groceries,Debit Card,2,1,4
1000471,Flipkart Minutes,Haridwar,47,503,29,8.6,19,Household,UPI,4,1,4
1000472,Big Basket,Bengluru,57,516,19,9.0,14,Personal Care,Cash on Delivery,2,0,4
1000473,Jio Mart,Bengluru,21,154,22,8.8,2,Groceries,Cash on Delivery,3,0,5
1000474,Swiggy Instamart,Delhi,46,1220,5,2.2,18,Beverages,Credit Card,4,1,5
1000475,Blinkit,Noida,36,431,14,8.4,13,Personal Care,Cash on Delivery,5,0,4
1000476,Flipkart Minutes,Delhi,22,515,6,10.4,15,Snacks,Cash on Delivery,2,0,4
1000477,Blinkit,Amritsar,24,352,16,7.5,6,Beverages,Debit Card,4,0,3
1000478,Dunzo,Pune,26,380,15,13.3,19,Fruits & Vegetables,UPI,1,1,4
1000479,Jio Mart,Delhi,54,184,10,5.6,8,Groceries,UPI,1,0,4
1000480,Amazon Now,Kolkata,37,1090,19,9.7,10,Groceries,Wallet,5,0,4
1000481,Dunzo,Delhi,54,350,6,14.5,5,Beverages,Debit Card,3,0,4
1000482,Swiggy Instamart,Noida,57,50,16,7.2,5,Personal Care,UPI,3,1,4
1000483,Big Basket,Jaipur,48,176,20,6.8,4,Personal Care,Wallet,2,1,2
1000484,Swiggy Instamart,Haridwar,45,918,25,3.7,11,Fruits & Vegetables,Credit Card,4,1,3
1000485,Swiggy Instamart,Jaipur,34,432,15,1.3,3,Dairy,UPI,4,0,4
1000486,Dunzo,Amritsar,39,453,14,6.4,15,Household,Debit Card,1,1,3
1000489,Amazon Now,Haridwar,27,461,33,9.4,19,Personal Care,Wallet,2,1,2
1000490,Flipkart Minutes,Jaipur,36,487,23,8.6,5,Dairy,Wallet,4,1,4
1000491,Blinkit,Jaipur,49,352,15,0.8,19,Fruits & Vegetables,Credit Card,3,0,3
1000492,Swiggy Instamart,Haridwar,55,165,25,7.0,9,Household,Debit Card,1,0,5
1000493,Swiggy Instamart,Haridwar,52,50,32,13.3,15,Household,Debit Card,2,0,3
1000494,Blinkit,Hyderabad,52,568,18,14.0,17,Snacks,Credit Card,2,0,4
1000495,Dunzo,Gurgaon,32,214,11,2.4,17,Household,Wallet,4,0,4
1000496,Swiggy Instamart,Kolkata,28,60,14,8.5,2,Household,UPI,5,0,4
1000497,Big Basket,Bengluru,19,491,22,14.8,13,Dairy,Credit Card,3,1,4
1000498,Amazon Now,Jaipur,25,464,26,12.5,15,Fruits & Vegetables,Cash on Delivery,1,0,4
1000499,Zepto,Delhi,26,492,5,13.6,7,Snacks,Credit Card,3,0,4
1000500,Swiggy Instamart,Pune,59,705,17,9.6,14,Beverages,Wallet,3,1,4
1000501,Dunzo,Gurgaon,43,50,15,7.8,7,Personal Care,Debit Card,4,0,4
1000502,Dunzo,Pune,39,50,10,2.0,3,Groceries,Debit Card,2,1,3
1000504,Jio Mart,Kolkata,56,273,24,14.1,4,Fruits & Vegetables,UPI,3,0,3
1000505,Jio Mart,Bengluru,39,339,26,9.3,3,Dairy,UPI,5,0,4
1000506,Big Basket,Noida,49,976,15,4.1,5,Household,Wallet,1,1,4
1000507,Flipkart Minutes,Mumbai,26,50,18,8.0,12,Snacks,Credit Card,3,0,3
1000508,Blinkit,Chennai,38,365,13,7.9,19,Household,Cash on Delivery,4,0,4
1000509,Blinkit,Noida,25,50,20,14.6,12,Beverages,Credit Card,3,0,5
1000510,Zepto,Kolkata,25,515,7,8.6,14,Beverages,Cash on Delivery,5,0,3
1000511,Zepto,Mumbai,37,213,11,12.0,13,Household,Debit Card,5,0,4
1000512,Big Basket,Gurgaon,36,836,20,11.5,15,Beverages,Credit Card,5,0,4
1000513,Big Basket,Haridwar,30,252,32,15.0,19,Snacks,Cash on Delivery,4,1,5
1000514,Zepto,Noida,48,1044,5,3.9,17,Personal Care,Debit Card,2,1,5
1000515,Big Basket,Chennai,23,697,16,2.9,19,Beverages,Credit Card,3,1,3
1000516,Dunzo,Chennai,37,128,17,13.9,19,Fruits & Vegetables,Wallet,2,0,4
1000517,Jio Mart,Haridwar,25,167,36,9.4,16,Beverages,Debit Card,4,0,4
1000518,Blinkit,Noida,31,284,19,14.7,2,Personal Care,UPI,5,0,3
1000519,Swiggy Instamart,Chennai,21,1143,17,12.1,5,Household,Debit Card,2,0,3
1000520,Swiggy Instamart,Bengluru,20,151,16,10.4,15,Personal Care,Wallet,4,0,5
1000521,Swiggy Instamart,Amritsar,18,432,20,14.8,16,Fruits & Vegetables,Debit Card,2,0,5
1000522,Big Basket,Pune,34,462,18,12.1,14,Groceries,Debit Card,1,0,5
1000523,Big Basket,Hyderabad,39,1232,18,7.0,6,Household,Cash on Delivery,4,1,2
1000524,Blinkit,Amritsar,25,597,9,1.9,2,Fruits & Vegetables,UPI,3,1,5
1000525,Amazon Now,Delhi,54,747,12,11.9,19,Household,Wallet,2,1,3
1000526,Big Basket,Haridwar,52,358,30,11.4,6,Dairy,Wallet,5,1,3
1000527,Blinkit,Delhi,25,635,5,5.1,5,Dairy,Debit Card,5,1,5
1000528,Blinkit,Jaipur,33,182,16,1.7,5,Groceries,Wallet,3,0,5
1000529,Big Basket,Hyderabad,28,307,18,6.1,7,Groceries,Cash on Delivery,4,0,3
1000530,Amazon Now,Delhi,44,454,8,6.3,15,Personal Care,Cash on Delivery,4,1,4
1000531,Jio Mart,Noida,43,712,24,10.3,3,Groceries,Cash on Delivery,5,1,3
1000532,Swiggy Instamart,Gurgaon,45,1108,14,6.8,14,Personal Care,Cash on Delivery,5,0,4
1000533,Big Basket,Kolkata,26,1119,14,1.3,1,Beverages,Cash on Delivery,5,1,4
1000534,Swiggy Instamart,Jaipur,34,183,23,10.5,2,Dairy,Wallet,1,0,3
1000535,Flipkart Minutes,Bengluru,38,340,18,10.5,9,Snacks,UPI,3,0,4
1000536,Zepto,Pune,28,363,11,11.0,7,Dairy,Wallet,4,1,4
1000537,Swiggy Instamart,Mumbai,38,1157,14,5.7,18,Beverages,Cash on Delivery,4,1,4
1000538,Jio Mart,Mumbai,52,191,26,11.9,12,Dairy,UPI,5,1,4
1000539,Dunzo,Hyderabad,43,1024,15,11.2,6,Fruits & Vegetables,Wallet,4,1,4
1000540,Dunzo,Pune,39,188,10,3.6,17,Personal Care,Cash on Delivery,1,0,3
1000541,Jio Mart,Hyderabad,29,759,22,7.9,16,Snacks,Cash on Delivery,3,1,3
1000542,Big Basket,Kolkata,30,152,15,3.6,2,Beverages,UPI,3,1,4
1000543,Blinkit,Chennai,56,910,9,1.4,15,Dairy,Wallet,5,0,5
1000544,Zepto,Kolkata,37,772,10,12.4,11,Dairy,Debit Card,4,1,3
1000545,Blinkit,Kolkata,23,50,17,12.6,8,Groceries,UPI,2,1,3
1000546,Jio Mart,Bengluru,30,393,22,6.5,10,Snacks,Wallet,1,0,4
1000547,Big Basket,Jaipur,22,354,18,1.3,6,Snacks,Debit Card,3,0,3
1000548,Amazon Now,Amritsar,24,1246,20,8.3,19,Beverages,UPI,4,1,2
1000549,Zepto,Jaipur,33,50,16,12.6,17,Groceries,Wallet,3,0,5
1000550,Flipkart Minutes,Amritsar,50,462,13,3.1,4,Dairy,Debit Card,2,0,4
1000551,Swiggy Instamart,Kolkata,40,465,18,14.9,4,Fruits & Vegetables,Credit Card,5,0,3
1000552,Zepto,Hyderabad,32,903,8,5.3,12,Groceries,Debit Card,1,1,3
1000553,Amazon Now,Chennai,47,321,14,1.4,14,Personal Care,Wallet,4,0,4
1000554,Swiggy Instamart,Hyderabad,21,1258,16,12.4,4,Personal Care,UPI,4,1,3
1000555,Big Basket,Pune,30,583,12,1.6,14,Dairy,Cash on Delivery,5,1,4
1000556,Flipkart Minutes,Chennai,46,877,20,13.3,14,Groceries,Wallet,5,1,3
1000557,Swiggy Instamart,Kolkata,42,764,13,1.1,14,Fruits & Vegetables,Debit Card,4,0,5
1000558,Flipkart Minutes,Noida,29,400,19,10.4,3,Beverages,UPI,2,0,3
1000559,Swiggy Instamart,Gurgaon,33,807,12,5.4,15,Fruits & Vegetables,Credit Card,2,1,3
1000560,Jio Mart,Delhi,55,50,8,4.0,10,Dairy,Credit Card,4,0,4
1000561,Swiggy Instamart,Bengluru,29,1817,13,0.5,2,Beverages,Cash on Delivery,4,1,4
1000562,Jio Mart,Mumbai,35,247,22,1.1,5,Beverages,Debit Card,5,1,4
1000563,Jio Mart,Haridwar,44,104,39,12.7,14,Personal Care,Wallet,2,0,3
1000564,Big Basket,Noida,24,535,23,14.5,14,Personal Care,Cash on Delivery,3,0,5
1000565,Zepto,Pune,36,1208,9,6.4,6,Household,Credit Card,2,1,3
1000566,Jio Mart,Noida,35,248,23,12.5,19,Dairy,Credit Card,1,0,5
1000567,Blinkit,Haridwar,46,699,20,0.5,16,Personal Care,Debit Card,2,0,3
1000568,Zepto,Delhi,26,324,5,15.0,4,Groceries,Cash on Delivery,3,0,3
1000569,Jio Mart,Pune,45,59,24,13.6,6,Beverages,UPI,3,1,3
1000570,Big Basket,Hyderabad,46,50,11,0.6,11,Dairy,Wallet,3,0,5
1000571,Zepto,Chennai,39,425,10,10.0,16,Personal Care,Wallet,3,0,4
1000572,Dunzo,Bengluru,36,50,14,5.5,18,Beverages,Debit Card,3,0,3
1000573,Swiggy Instamart,Amritsar,37,1028,17,12.8,2,Snacks,Debit Card,3,0,3
1000574,Dunzo,Kolkata,30,801,15,9.2,15,Fruits & Vegetables,Wallet,2,0,3
1000575,Dunzo,Gurgaon,26,977,16,10.1,14,Groceries,Debit Card,2,0,5
1000576,Amazon Now,Delhi,33,814,5,2.6,1,Snacks,Debit Card,3,1,5
1000577,Jio Mart,Amritsar,36,553,21,7.0,2,Groceries,Wallet,4,0,4
1000578,Big Basket,Kolkata,39,672,20,13.2,17,Snacks,Credit Card,3,0,3
1000579,Big Basket,Jaipur,36,447,19,2.4,9,Household,Credit Card,4,0,3
1000580,Swiggy Instamart,Jaipur,54,197,19,6.4,19,Snacks,UPI,3,0,5
1000581,Flipkart Minutes,Amritsar,49,871,14,2.3,8,Personal Care,Wallet,4,1,3
1000582,Amazon Now,Jaipur,30,50,23,10.6,14,Snacks,Cash on Delivery,4,0,4
1000583,Swiggy Instamart,Jaipur,59,719,18,7.2,18,Snacks,Debit Card,2,0,4
1000584,Big Basket,Noida,21,474,12,0.6,13,Snacks,Wallet,3,0,3
1000585,Zepto,Hyderabad,55,787,10,11.6,2,Fruits & Vegetables,Cash on Delivery,4,0,3
1000586,Flipkart Minutes,Gurgaon,33,736,18,8.9,5,Fruits & Vegetables,Cash on Delivery,4,1,3
1000587,Swiggy Instamart,Bengluru,39,896,18,7.9,19,Beverages,UPI,5,0,4
1000588,Amazon Now,Mumbai,23,830,23,10.8,10,Groceries,Wallet,4,1,5
1000589,Amazon Now,Amritsar,28,371,20,10.2,18,Fruits & Vegetables,UPI,3,0,5
1000590,Jio Mart,Haridwar,31,94,30,2.8,19,Snacks,Cash on Delivery,1,0,4
1000591,Swiggy Instamart,Bengluru,34,899,16,6.3,5,Fruits & Vegetables,Debit Card,3,1,3
1000592,Jio Mart,Noida,33,238,18,0.9,1,Personal Care,Cash on Delivery,1,1,4
1000593,Amazon Now,Chennai,41,594,20,9.2,9,Snacks,UPI,2,0,3
1000594,Big Basket,Haridwar,18,419,31,9.7,8,Groceries,Credit Card,4,1,3
1000595,Zepto,Hyderabad,36,343,13,14.1,9,Fruits & Vegetables,Debit Card,1,0,4
1000596,Flipkart Minutes,Kolkata,38,541,20,12.6,2,Groceries,Wallet,4,0,3
1000597,Swiggy Instamart,Hyderabad,38,989,12,2.0,12,Groceries,UPI,1,1,4
1000598,Dunzo,Hyderabad,24,578,17,11.5,18,Personal Care,Credit Card,2,1,4
1000599,Amazon Now,Jaipur,44,296,19,2.8,16,Dairy,Debit Card,2,1,4
1000600,Jio Mart,Pune,26,249,25,14.1,17,Dairy,UPI,3,1,3
1000601,Amazon Now,Hyderabad,39,50,15,5.4,4,Dairy,Debit Card,2,0,3
1000602,Dunzo,Chennai,54,803,11,5.8,18,Beverages,Credit Card,3,0,3
1000603,Flipkart Minutes,Jaipur,29,195,16,1.1,2,Snacks,Cash on Delivery,3,0,4
1000604,Dunzo,Amritsar,37,111,10,1.4,19,Groceries,UPI,1,0,4
1000605,Blinkit,Kolkata,58,565,12,0.9,9,Snacks,UPI,2,0,5
1000606,Amazon Now,Kolkata,50,758,16,7.3,14,Groceries,UPI,3,0,5
1000607,Amazon Now,Mumbai,55,809,20,10.2,17,Personal Care,Cash on Delivery,1,1,4
1000608,Dunzo,Chennai,57,50,16,9.6,10,Snacks,UPI,4,1,4
1000609,Flipkart Minutes,Gurgaon,47,893,16,8.3,9,Fruits & Vegetables,Debit Card,5,1,5
1000610,Amazon Now,Chennai,44,448,14,2.6,3,Personal Care,UPI,5,1,4
1000611,Jio Mart,Chennai,50,488,18,3.4,17,Household,Debit Card,2,0,5
1000612,Big Basket,Mumbai,27,730,22,13.6,18,Beverages,Wallet,2,0,4
1000614,Jio Mart,Mumbai,20,50,26,13.9,8,Dairy,Cash on Delivery,4,0,4
1000615,Zepto,Jaipur,32,242,11,3.3,14,Personal Care,Cash on Delivery,2,0,4
1000616,Dunzo,Haridwar,44,50,27,13.0,6,Snacks,Credit Card,4,1,5
1000617,Big Basket,Amritsar,43,50,20,10.0,6,Snacks,Wallet,3,0,3
1000618,Zepto,Pune,21,1404,8,10.1,18,Dairy,Debit Card,3,1,5
1000619,Amazon Now,Chennai,30,50,19,9.5,2,Snacks,Wallet,5,1,4
1000620,Flipkart Minutes,Mumbai,42,50,16,4.9,19,Personal Care,Debit Card,1,0,4
1000621,Swiggy Instamart,Delhi,22,553,5,8.5,1,Snacks,Cash on Delivery,3,0,4
1000622,Amazon Now,Noida,32,739,21,9.3,15,Beverages,Cash on Delivery,3,0,4
1000623,Zepto,Noida,29,1122,5,0.5,16,Household,Cash on Delivery,5,1,4
1000624,Amazon Now,Hyderabad,52,414,20,12.8,13,Snacks,Debit Card,1,0,4
1000625,Flipkart Minutes,Noida,25,833,14,3.2,14,Personal Care,UPI,2,0,3
1000626,Jio Mart,Gurgaon,21,50,24,11.3,14,Dairy,Cash on Delivery,3,0,4
1000627,Swiggy Instamart,Haridwar,42,779,22,1.8,19,Personal Care,Credit Card,4,1,3
1000628,Blinkit,Hyderabad,45,212,13,6.6,14,Household,UPI,4,1,4
1000629,Jio Mart,Haridwar,34,606,32,3.8,19,Personal Care,Credit Card,5,1,4
1000630,Amazon Now,Hyderabad,24,50,18,7.1,9,Beverages,UPI,2,1,4
1000631,Dunzo,Hyderabad,49,315,12,7.6,4,Dairy,Credit Card,4,0,4
1000632,Dunzo,Gurgaon,19,557,11,1.1,11,Personal Care,Credit Card,2,0,5
1000633,Big Basket,Mumbai,54,699,19,10.8,15,Snacks,Cash on Delivery,4,0,3
1000634,Zepto,Delhi,40,217,5,1.6,15,Beverages,Wallet,4,0,3
1000635,Flipkart Minutes,Delhi,45,673,5,6.0,14,Beverages,Debit Card,2,0,4
1000636,Swiggy Instamart,Jaipur,52,134,20,8.1,17,Snacks,Debit Card,2,1,3
1000637,Big Basket,Delhi,19,217,10,9.6,10,Fruits & Vegetables,UPI,2,0,4
1000638,Flipkart Minutes,Delhi,32,1545,8,9.3,15,Personal Care,Credit Card,3,1,4
1000639,Swiggy Instamart,Kolkata,45,854,13,7.4,15,Dairy,Credit Card,2,1,3
1000640,Blinkit,Mumbai,53,570,19,14.0,4,Snacks,Credit Card,2,0,3
1000641,Dunzo,Kolkata,25,167,11,1.3,7,Household,Cash on Delivery,2,0,2
1000642,Zepto,Kolkata,21,202,7,6.7,19,Groceries,Cash on Delivery,4,0,3
1000643,Big Basket,Noida,24,547,19,9.7,18,Snacks,Credit Card,2,0,3
1000644,Big Basket,Delhi,40,450,8,7.2,10,Fruits & Vegetables,Cash on Delivery,5,0,3
1000645,Blinkit,Kolkata,36,933,14,6.5,18,Dairy,Cash on Delivery,4,1,5
1000646,Dunzo,Amritsar,30,599,14,9.8,5,Personal Care,Debit Card,1,0,4
1000647,Flipkart Minutes,Gurgaon,58,409,18,12.4,15,Personal Care,Cash on Delivery,2,0,2
1000648,Zepto,Hyderabad,43,486,5,1.5,4,Fruits & Vegetables,Wallet,2,1,3
1000649,Zepto,Gurgaon,26,314,7,3.2,11,Beverages,Debit Card,2,0,3
1000650,Zepto,Gurgaon,29,868,9,7.6,4,Dairy,UPI,3,0,4
1000651,Big Basket,Haridwar,47,144,30,7.1,7,Personal Care,Cash on Delivery,4,0,4
1000652,Swiggy Instamart,Amritsar,29,299,11,1.4,15,Fruits & Vegetables,Debit Card,4,0,3
1000653,Amazon Now,Kolkata,48,1329,18,8.9,6,Household,Debit Card,4,1,5
1000654,Flipkart Minutes,Noida,29,1252,11,1.8,8,Dairy,Credit Card,4,1,4
1000655,Jio Mart,Mumbai,20,1274,27,11.2,18,Fruits & Vegetables,Debit Card,3,1,4
1000656,Jio Mart,Mumbai,40,559,24,4.4,19,Dairy,Debit Card,4,0,4
1000657,Amazon Now,Delhi,44,558,5,0.7,8,Household,UPI,1,0,5
1000658,Dunzo,Gurgaon,38,541,9,3.1,10,Dairy,Cash on Delivery,2,0,3
1000659,Blinkit,Pune,54,722,10,1.7,16,Fruits & Vegetables,Credit Card,2,0,5
1000660,Amazon Now,Bengluru,35,900,20,9.0,19,Beverages,Debit Card,5,1,4
1000661,Flipkart Minutes,Jaipur,43,566,17,3.8,2,Groceries,UPI,2,0,3
1000662,Dunzo,Delhi,42,849,5,12.5,19,Beverages,Cash on Delivery,2,0,3
1000663,Big Basket,Mumbai,53,467,17,3.1,19,Beverages,UPI,5,0,3
1000664,Dunzo,Amritsar,57,427,12,4.2,14,Fruits & Vegetables,Cash on Delivery,1,1,5
1000665,Zepto,Delhi,27,927,5,4.1,8,Groceries,Credit Card,3,1,4
1000666,Flipkart Minutes,Pune,26,476,13,5.3,2,Snacks,Credit Card,2,1,4
1000667,Swiggy Instamart,Pune,57,497,16,11.2,6,Snacks,Debit Card,3,1,4
1000668,Jio Mart,Amritsar,49,553,20,2.7,19,Personal Care,Cash on Delivery,5,0,4
1000670,Zepto,Jaipur,53,115,12,4.5,3,Household,Wallet,5,1,4
1000671,Flipkart Minutes,Pune,52,633,12,3.5,18,Dairy,Debit Card,2,0,3
1000672,Flipkart Minutes,Bengluru,22,594,19,10.3,12,Dairy,Credit Card,5,1,3
1000673,Jio Mart,Mumbai,50,50,25,10.3,15,Dairy,Credit Card,1,1,5
1000674,Jio Mart,Pune,28,953,25,14.8,10,Fruits & Vegetables,Wallet,3,1,3
1000675,Swiggy Instamart,Mumbai,18,575,16,8.9,7,Fruits & Vegetables,Cash on Delivery,3,0,3
1000676,Swiggy Instamart,Chennai,21,950,17,10.9,13,Snacks,UPI,4,1,4
1000677,Dunzo,Bengluru,34,277,17,14.2,10,Beverages,Wallet,3,0,4
1000678,Dunzo,Kolkata,45,379,10,4.0,1,Beverages,Wallet,1,1,4
1000679,Big Basket,Noida,21,644,14,4.9,8,Dairy,UPI,4,0,5
1000680,Dunzo,Jaipur,29,609,18,9.3,16,Beverages,UPI,4,1,4
1000681,Blinkit,Amritsar,40,758,14,5.3,2,Groceries,Cash on Delivery,2,0,4
1000683,Big Basket,Hyderabad,41,436,22,14.3,19,Fruits & Vegetables,UPI,4,0,5
1000684,Big Basket,Mumbai,56,1064,22,13.3,9,Dairy,UPI,5,0,4
1000685,Zepto,Jaipur,29,215,12,5.4,1,Beverages,Credit Card,5,1,5
1000686,Blinkit,Haridwar,47,1016,25,6.4,8,Dairy,UPI,2,1,5
1000687,Amazon Now,Noida,20,496,16,3.6,19,Dairy,Cash on Delivery,3,0,4
1000688,Swiggy Instamart,Delhi,34,343,5,7.2,3,Fruits & Vegetables,UPI,4,0,5
1000689,Amazon Now,Bengluru,53,1351,20,6.6,19,Beverages,Debit Card,5,1,3
1000690,Zepto,Pune,50,50,7,8.5,5,Fruits & Vegetables,Cash on Delivery,3,1,4
1000691,Flipkart Minutes,Haridwar,32,50,26,4.2,13,Dairy,UPI,2,0,4
1000692,Amazon Now,Kolkata,54,963,14,1.8,12,Household,Debit Card,2,1,3
1000693,Amazon Now,Amritsar,33,862,14,2.9,18,Personal Care,Wallet,3,1,4
1000694,Dunzo,Chennai,36,1120,12,6.7,17,Fruits & Vegetables,Cash on Delivery,4,0,4
1000695,Blinkit,Chennai,38,798,17,14.9,17,Groceries,Cash on Delivery,2,0,3
1000696,Blinkit,Delhi,48,1107,6,12.3,19,Beverages,Debit Card,4,1,3
1000697,Dunzo,Amritsar,23,484,14,7.7,19,Dairy,Wallet,1,0,5
1000698,Amazon Now,Kolkata,59,756,20,12.2,2,Dairy,Cash on Delivery,2,1,4
1000699,Jio Mart,Amritsar,45,926,22,9.6,13,Personal Care,UPI,4,1,5
1000700,Amazon Now,Gurgaon,59,740,21,10.8,10,Personal Care,Debit Card,2,1,4
1000701,Dunzo,Hyderabad,58,348,14,8.2,15,Groceries,Debit Card,3,0,4
1000702,Flipkart Minutes,Bengluru,48,50,14,3.4,19,Dairy,Cash on Delivery,5,0,4
1000703,Blinkit,Jaipur,44,1132,21,10.8,10,Personal Care,Wallet,5,0,4
1000704,Jio Mart,Chennai,18,771,18,2.8,11,Beverages,Credit Card,2,1,3
1000705,Swiggy Instamart,Mumbai,22,533,19,10.7,16,Fruits & Vegetables,Cash on Delivery,3,0,4
1000706,Flipkart Minutes,Pune,50,1461,18,11.0,14,Dairy,Wallet,4,1,4
1000707,Flipkart Minutes,Kolkata,30,313,20,13.0,11,Fruits & Vegetables,Debit Card,3,0,4
1000708,Jio Mart,Jaipur,42,50,27,6.4,9,Fruits & Vegetables,Wallet,1,0,4
1000709,Zepto,Bengluru,49,370,8,6.9,15,Snacks,UPI,5,0,4
1000710,Big Basket,Mumbai,23,555,25,14.7,19,Beverages,Wallet,2,0,4
1000711,Flipkart Minutes,Noida,28,1392,20,14.0,4,Fruits & Vegetables,Debit Card,3,1,4
1000712,Big Basket,Amritsar,52,589,16,3.2,7,Dairy,UPI,1,0,3
1000713,Big Basket,Haridwar,27,652,26,2.4,7,Beverages,Debit Card,2,0,4
1000714,Zepto,Pune,28,1605,8,5.9,8,Personal Care,Credit Card,4,1,3
1000715,Amazon Now,Jaipur,41,50,26,10.7,17,Fruits & Vegetables,Cash on Delivery,1,0,4
1000716,Amazon Now,Pune,29,1302,21,13.4,7,Dairy,Credit Card,2,1,3
1000717,Big Basket,Amritsar,41,164,17,8.3,13,Fruits & Vegetables,Wallet,3,0,3
1000719,Swiggy Instamart,Delhi,29,461,5,3.0,4,Dairy,Debit Card,5,1,3
1000720,Flipkart Minutes,Amritsar,28,50,14,1.7,14,Household,Wallet,3,1,5
1000721,Zepto,Amritsar,27,560,12,13.8,9,Dairy,Cash on Delivery,4,1,4
1000722,Dunzo,Kolkata,38,542,12,7.0,10,Personal Care,Wallet,1,0,4
1000723,Big Basket,Amritsar,43,1083,19,8.7,16,Dairy,Cash on Delivery,2,1,3
1000724,Swiggy Instamart,Delhi,44,312,6,8.6,8,Household,Credit Card,4,0,4
1000725,Amazon Now,Bengluru,31,803,17,2.6,19,Fruits & Vegetables,Credit Card,5,0,3
1000727,Flipkart Minutes,Bengluru,59,710,16,6.4,4,Personal Care,Cash on Delivery,2,1,4
1000728,Amazon Now,Haridwar,19,380,33,10.3,12,Groceries,Debit Card,1,0,4
1000729,Zepto,Kolkata,21,750,9,10.9,2,Groceries,Cash on Delivery,5,1,3
1000730,Swiggy Instamart,Delhi,40,1023,6,12.4,14,Groceries,Cash on Delivery,4,0,4
1000731,Jio Mart,Chennai,39,340,25,15.0,7,Fruits & Vegetables,Cash on Delivery,4,1,4
1000732,Big Basket,Amritsar,46,511,17,7.8,3,Dairy,Wallet,4,0,3
1000733,Swiggy Instamart,Bengluru,34,838,15,7.1,5,Snacks,Credit Card,2,0,4
1000734,Dunzo,Hyderabad,51,676,15,8.6,10,Dairy,Wallet,1,0,3
1000735,Jio Mart,Mumbai,35,201,24,6.6,15,Beverages,Wallet,2,1,4
1000736,Amazon Now,Haridwar,39,859,28,1.2,14,Dairy,Debit Card,4,1,5
1000737,Blinkit,Noida,22,1262,15,8.8,19,Groceries,Wallet,2,0,4
1000738,Amazon Now,Mumbai,28,918,19,5.6,2,Personal Care,Debit Card,2,0,4
1000739,Dunzo,Chennai,45,50,16,14.5,15,Household,UPI,2,0,4
1000740,Zepto,Mumbai,49,310,5,1.4,5,Beverages,Credit Card,4,0,3
1000741,Blinkit,Gurgaon,37,915,18,11.6,2,Personal Care,Credit Card,2,1,4
1000742,Big Basket,Amritsar,45,50,20,13.2,13,Groceries,UPI,1,1,5
1000743,Dunzo,Mumbai,38,1294,17,10.6,14,Fruits & Vegetables,Wallet,2,1,4
1000744,Jio Mart,Hyderabad,37,466,18,2.8,6,Personal Care,Credit Card,3,1,4
1000745,Blinkit,Chennai,49,753,14,8.6,19,Fruits & Vegetables,Cash on Delivery,4,0,4
1000746,Amazon Now,Hyderabad,26,209,20,10.8,16,Groceries,Debit Card,2,0,4
1000747,Flipkart Minutes,Haridwar,40,173,25,1.1,4,Groceries,Cash on Delivery,3,0,3
1000748,Dunzo,Bengluru,50,50,12,4.5,18,Fruits & Vegetables,Cash on Delivery,2,1,4
1000749,Amazon Now,Pune,44,646,16,6.3,5,Snacks,Wallet,2,0,4
1000750,Blinkit,Noida,57,917,19,14.2,7,Fruits & Vegetables,UPI,3,0,4
1000751,Flipkart Minutes,Gurgaon,58,907,10,0.7,11,Household,Credit Card,4,1,4
1000752,Dunzo,Haridwar,32,303,27,10.2,18,Beverages,Cash on Delivery,3,1,3
1000754,Big Basket,Gurgaon,34,1153,15,5.9,4,Snacks,UPI,2,0,3
1000755,Dunzo,Chennai,35,708,17,12.8,2,Household,Debit Card,2,1,4
1000756,Big Basket,Jaipur,51,655,21,5.9,5,Snacks,Credit Card,1,0,4
1000757,Blinkit,Gurgaon,39,334,14,4.6,12,Groceries,Credit Card,3,0,3
1000758,Flipkart Minutes,Pune,18,1273,15,5.0,9,Personal Care,Credit Card,4,1,4
1000759,Swiggy Instamart,Gurgaon,39,496,15,5.8,8,Personal Care,Wallet,3,0,4
1000760,Zepto,Hyderabad,27,381,11,10.5,18,Personal Care,Wallet,3,1,4
1000761,Jio Mart,Hyderabad,38,301,18,2.1,18,Snacks,UPI,3,0,4
1000762,Flipkart Minutes,Mumbai,30,583,19,9.4,19,Fruits & Vegetables,UPI,4,0,4
1000763,Dunzo,Kolkata,19,578,13,10.5,12,Beverages,Credit Card,3,0,4
1000764,Amazon Now,Delhi,44,433,6,4.5,16,Personal Care,Credit Card,1,1,3
1000765,Swiggy Instamart,Delhi,25,703,8,12.7,1,Fruits & Vegetables,Wallet,4,1,3
1000766,Amazon Now,Pune,45,790,20,8.3,11,Household,Credit Card,2,0,3
1000767,Blinkit,Pune,24,235,20,14.3,19,Snacks,Debit Card,5,0,4
1000768,Blinkit,Pune,50,675,15,10.2,4,Household,Debit Card,4,0,3
1000769,Amazon Now,Pune,44,176,19,11.0,7,Snacks,Credit Card,3,0,4
1000770,Amazon Now,Delhi,56,675,12,13.2,6,Household,Debit Card,2,1,4
1000771,Amazon Now,Pune,24,848,17,4.5,15,Personal Care,Credit Card,4,1,3
1000772,Dunzo,Amritsar,35,586,16,12.4,14,Household,Cash on Delivery,2,1,4
1000773,Big Basket,Kolkata,42,812,16,2.5,14,Fruits & Vegetables,Credit Card,3,0,4
1000774,Flipkart Minutes,Kolkata,29,450,18,9.8,11,Snacks,Credit Card,1,1,3
1000775,Amazon Now,Jaipur,28,789,28,14.3,13,Groceries,Cash on Delivery,3,0,3
1000776,Zepto,Delhi,59,946,5,8.3,17,Snacks,Credit Card,4,1,4
1000777,Amazon Now,Jaipur,52,714,26,12.0,13,Dairy,Wallet,2,1,5
1000778,Amazon Now,Gurgaon,19,924,16,3.6,14,Personal Care,Debit Card,3,1,3
1000780,Dunzo,Hyderabad,18,450,14,10.2,14,Household,UPI,3,0,3
1000781,Blinkit,Bengluru,57,50,20,14.5,12,Groceries,UPI,3,0,3
1000782,Jio Mart,Pune,49,355,27,14.5,9,Dairy,Wallet,3,0,3
1000783,Swiggy Instamart,Jaipur,42,50,18,1.8,8,Beverages,Cash on Delivery,4,1,4
1000784,Zepto,Amritsar,48,1444,6,3.0,13,Dairy,Wallet,4,1,3
1000785,Swiggy Instamart,Bengluru,53,50,12,2.7,5,Personal Care,UPI,3,1,5
1000786,Blinkit,Mumbai,26,1225,21,13.0,16,Personal Care,Wallet,2,0,5
1000787,Jio Mart,Amritsar,50,329,22,4.6,5,Personal Care,UPI,4,1,5
1000788,Big Basket,Gurgaon,32,960,19,9.0,4,Personal Care,Debit Card,3,0,5
1000789,Flipkart Minutes,Noida,57,724,16,10.2,6,Household,Debit Card,3,0,5
1000790,Dunzo,Kolkata,22,97,11,1.4,3,Dairy,Debit Card,1,0,3
1000791,Flipkart Minutes,Mumbai,47,132,15,2.0,15,Dairy,Cash on Delivery,1,1,4
1000792,Jio Mart,Bengluru,48,621,27,12.7,4,Snacks,Cash on Delivery,5,0,3
1000793,Zepto,Amritsar,25,557,10,8.0,18,Household,UPI,2,0,3
1000794,Jio Mart,Hyderabad,39,411,27,13.7,6,Household,Wallet,1,0,5
1000795,Blinkit,Amritsar,45,317,13,6.2,10,Household,Credit Card,5,1,3
1000796,Blinkit,Haridwar,48,268,26,8.0,3,Beverages,Debit Card,4,0,4
1000797,Jio Mart,Gurgaon,53,518,24,9.3,16,Fruits & Vegetables,Debit Card,4,0,3
1000799,Dunzo,Hyderabad,49,261,12,5.4,8,Beverages,UPI,2,0,3
1000800,Dunzo,Bengluru,52,1026,17,13.4,16,Fruits & Vegetables,Debit Card,4,1,4
1000801,Zepto,Pune,49,615,5,2.0,7,Groceries,Wallet,3,0,4
1000802,Zepto,Amritsar,38,668,9,9.9,14,Personal Care,Debit Card,2,0,3
1000803,Flipkart Minutes,Haridwar,31,80,29,7.8,19,Groceries,Credit Card,4,1,4
1000804,Big Basket,Gurgaon,47,1817,21,11.7,9,Dairy,Wallet,4,1,4
1000805,Dunzo,Jaipur,27,50,17,6.4,10,Groceries,Debit Card,3,0,5
1000806,Swiggy Instamart,Noida,18,828,12,4.4,19,Personal Care,Cash on Delivery,3,0,4
1000807,Jio Mart,Kolkata,54,216,25,11.9,7,Personal Care,UPI,5,0,3
1000808,Amazon Now,Hyderabad,20,994,18,9.5,4,Fruits & Vegetables,Wallet,3,0,4
1000809,Zepto,Bengluru,48,430,6,0.7,6,Household,Wallet,3,0,5
1000810,Big Basket,Mumbai,57,253,15,3.6,18,Snacks,Credit Card,3,0,5
1000811,Flipkart Minutes,Delhi,32,637,7,6.0,8,Personal Care,Wallet,4,0,4
1000812,Swiggy Instamart,Pune,55,1438,16,12.4,1,Snacks,Wallet,5,1,3
1000813,Dunzo,Hyderabad,58,324,10,1.7,18,Groceries,Cash on Delivery,3,0,3
1000814,Flipkart Minutes,Jaipur,36,738,20,7.4,3,Dairy,UPI,1,0,4
1000815,Zepto,Bengluru,37,53,10,6.5,14,Household,UPI,2,0,3
1000816,Flipkart Minutes,Bengluru,27,851,19,8.0,5,Dairy,Cash on Delivery,2,0,3
1000819,Flipkart Minutes,Amritsar,30,1786,15,6.7,16,Groceries,Cash on Delivery,2,1,4
1000820,Amazon Now,Hyderabad,44,962,17,5.7,13,Beverages,UPI,3,1,4
1000821,Amazon Now,Jaipur,53,565,22,2.9,14,Dairy,Cash on Delivery,2,0,3
1000822,Big Basket,Gurgaon,45,722,17,6.4,18,Snacks,UPI,4,0,4
1000823,Flipkart Minutes,Chennai,39,68,18,9.9,13,Snacks,Wallet,4,0,4
1000824,Jio Mart,Haridwar,59,991,37,14.6,17,Personal Care,Wallet,2,1,5
1000825,Dunzo,Bengluru,46,880,12,6.4,5,Beverages,UPI,3,0,3
1000826,Jio Mart,Mumbai,18,351,26,12.5,13,Beverages,Wallet,4,1,4
1000827,Zepto,Kolkata,44,923,11,12.0,16,Fruits & Vegetables,UPI,4,0,4
1000828,Swiggy Instamart,Haridwar,58,584,27,7.5,11,Fruits & Vegetables,Cash on Delivery,3,0,4
1000829,Dunzo,Amritsar,25,779,15,8.2,9,Groceries,UPI,1,0,3
1000830,Amazon Now,Jaipur,39,50,22,8.4,19,Snacks,Wallet,4,0,4
1000831,Amazon Now,Haridwar,22,50,26,1.2,1,Dairy,Debit Card,2,1,3
1000833,Dunzo,Hyderabad,22,1766,12,5.8,2,Snacks,Cash on Delivery,2,1,5
1000834,Dunzo,Haridwar,22,105,28,11.0,4,Snacks,Credit Card,2,0,4
1000835,Swiggy Instamart,Noida,45,898,17,12.5,2,Personal Care,Debit Card,5,0,4
1000836,Zepto,Gurgaon,55,873,11,14.8,11,Personal Care,Credit Card,5,0,5
1000837,Swiggy Instamart,Kolkata,40,149,14,8.7,10,Household,UPI,3,0,3
1000838,Blinkit,Haridwar,58,1122,32,14.8,9,Beverages,Debit Card,2,1,4
1000839,Flipkart Minutes,Haridwar,53,714,32,12.3,12,Fruits & Vegetables,Debit Card,3,0,3
1000840,Zepto,Delhi,55,501,5,10.5,11,Fruits & Vegetables,Debit Card,4,0,4
1000841,Blinkit,Delhi,57,745,8,14.6,17,Personal Care,UPI,2,0,4
1000842,Jio Mart,Bengluru,36,793,27,11.8,8,Snacks,Debit Card,4,1,3
1000843,Amazon Now,Delhi,27,493,9,6.3,5,Snacks,Cash on Delivery,4,0,3
1000844,Dunzo,Mumbai,25,1020,15,6.1,2,Groceries,Wallet,4,1,3
1000845,Dunzo,Mumbai,18,648,15,5.7,11,Household,Credit Card,4,0,5
1000846,Blinkit,Gurgaon,26,1072,16,13.4,7,Beverages,Wallet,4,1,4
1000847,Jio Mart,Chennai,30,154,22,8.6,18,Groceries,Credit Card,2,0,5
1000848,Big Basket,Noida,46,1484,14,4.9,3,Dairy,UPI,4,1,3
1000849,Jio Mart,Mumbai,45,505,25,7.2,18,Household,Credit Card,4,1,4
1000850,Amazon Now,Hyderabad,44,673,23,14.4,18,Household,UPI,4,0,5
1000851,Zepto,Chennai,47,645,10,12.9,9,Fruits & Vegetables,Wallet,2,0,3
1000852,Swiggy Instamart,Pune,41,50,14,7.9,19,Fruits & Vegetables,Credit Card,2,1,4
1000853,Blinkit,Mumbai,18,1281,20,14.0,2,Household,UPI,2,1,3
1000854,Jio Mart,Amritsar,21,305,22,10.8,11,Snacks,UPI,4,1,4
1000855,Swiggy Instamart,Chennai,59,814,13,7.2,18,Snacks,Wallet,2,0,4
1000856,Big Basket,Pune,40,50,15,0.9,15,Household,UPI,2,0,3
1000857,Flipkart Minutes,Hyderabad,38,693,13,2.8,8,Household,Wallet,4,1,4
1000858,Amazon Now,Noida,41,397,17,6.3,6,Personal Care,UPI,4,0,4
1000859,Zepto,Pune,32,494,5,0.5,6,Groceries,UPI,2,0,4
1000860,Zepto,Bengluru,31,386,7,7.3,16,Personal Care,Debit Card,2,0,5
1000861,Swiggy Instamart,Delhi,59,822,5,2.4,19,Beverages,Credit Card,3,0,3
1000862,Amazon Now,Haridwar,34,465,33,9.8,11,Household,UPI,4,0,4
1000863,Swiggy Instamart,Jaipur,34,283,25,12.9,7,Groceries,Credit Card,5,0,4
1000864,Jio Mart,Gurgaon,21,988,23,8.2,7,Personal Care,Cash on Delivery,4,1,5
1000865,Blinkit,Delhi,56,870,5,0.5,4,Personal Care,Cash on Delivery,3,0,4
1000866,Swiggy Instamart,Kolkata,43,907,18,11.4,9,Groceries,Debit Card,4,1,4
1000867,Jio Mart,Haridwar,29,812,37,9.7,11,Beverages,UPI,3,1,3
1000868,Flipkart Minutes,Chennai,53,790,19,9.8,1,Snacks,Cash on Delivery,3,0,4
1000869,Flipkart Minutes,Haridwar,40,74,24,3.0,7,Personal Care,Cash on Delivery,3,0,4
1000870,Blinkit,Amritsar,41,667,16,8.1,16,Groceries,Cash on Delivery,5,0,4
1000871,Big Basket,Delhi,58,254,10,14.6,16,Beverages,Wallet,4,0,5
1000872,Blinkit,Hyderabad,35,1411,16,8.4,10,Groceries,Debit Card,4,1,4
1000873,Flipkart Minutes,Jaipur,59,238,21,4.3,12,Fruits & Vegetables,Wallet,5,0,3
1000874,Jio Mart,Haridwar,29,77,39,12.8,17,Snacks,Cash on Delivery,1,1,3
1000875,Blinkit,Jaipur,58,836,16,1.3,9,Personal Care,Cash on Delivery,3,0,4
1000876,Swiggy Instamart,Haridwar,54,1005,27,7.1,10,Beverages,Credit Card,3,1,3
1000877,Dunzo,Pune,29,340,9,2.2,15,Dairy,Credit Card,2,0,3
1000879,Blinkit,Gurgaon,27,1307,14,5.6,10,Snacks,Credit Card,5,1,5
1000880,Jio Mart,Hyderabad,45,510,23,7.8,2,Snacks,UPI,2,0,4
1000881,Swiggy Instamart,Pune,43,475,10,2.1,14,Dairy,Wallet,2,0,3
1000882,Jio Mart,Amritsar,30,630,21,4.2,17,Groceries,Cash on Delivery,4,0,3
1000883,Zepto,Bengluru,44,1003,13,15.0,8,Groceries,UPI,3,0,4
1000884,Zepto,Noida,50,743,5,0.9,18,Dairy,Cash on Delivery,3,0,5
1000885,Big Basket,Delhi,27,50,9,8.4,8,Personal Care,Cash on Delivery,4,0,4
1000886,Zepto,Jaipur,51,539,15,13.7,11,Household,Credit Card,3,1,5
1000887,Blinkit,Noida,32,455,12,4.5,8,Fruits & Vegetables,Debit Card,4,0,3
1000888,Big Basket,Pune,47,50,18,9.7,2,Household,Debit Card,4,0,4
1000889,Zepto,Haridwar,57,101,22,13.2,10,Snacks,Debit Card,3,0,5
1000890,Swiggy Instamart,Pune,40,503,12,3.0,16,Fruits & Vegetables,UPI,3,1,4
1000891,Dunzo,Kolkata,25,321,14,6.0,17,Fruits & Vegetables,Wallet,4,0,4
1000892,Big Basket,Jaipur,53,1512,22,7.0,8,Household,Debit Card,1,1,4
1000893,Amazon Now,Chennai,49,482,12,0.8,18,Fruits & Vegetables,Cash on Delivery,1,1,3
1000895,Swiggy Instamart,Kolkata,33,1024,17,9.6,1,Groceries,Credit Card,5,1,4
1000896,Flipkart Minutes,Haridwar,44,50,23,0.7,14,Personal Care,Debit Card,1,0,3
1000897,Dunzo,Mumbai,47,533,14,6.3,18,Beverages,Debit Card,4,1,4
1000898,Jio Mart,Hyderabad,38,266,17,1.5,10,Dairy,Debit Card,3,1,5
1000899,Swiggy Instamart,Bengluru,41,622,13,4.6,12,Personal Care,Credit Card,3,0,3
1000900,Jio Mart,Bengluru,20,683,25,9.2,8,Dairy,UPI,1,0,3
1000901,Swiggy Instamart,Bengluru,25,345,17,6.2,17,Personal Care,Debit Card,4,0,4
1000902,Jio Mart,Hyderabad,59,370,22,7.9,19,Snacks,Wallet,1,0,4
1000903,Swiggy Instamart,Chennai,39,686,20,13.5,12,Snacks,Wallet,2,0,4
1000904,Amazon Now,Jaipur,28,50,25,10.4,16,Fruits & Vegetables,Credit Card,5,0,3
1000905,Amazon Now,Gurgaon,37,553,21,12.0,4,Personal Care,Wallet,3,0,4
1000906,Big Basket,Hyderabad,48,1106,19,10.1,5,Snacks,Cash on Delivery,4,1,4
1000907,Dunzo,Delhi,18,343,5,2.7,9,Dairy,Debit Card,1,0,4
1000908,Flipkart Minutes,Amritsar,41,754,11,1.1,12,Groceries,Cash on Delivery,3,0,4
1000909,Swiggy Instamart,Hyderabad,46,672,19,14.1,1,Beverages,UPI,2,0,3
1000910,Swiggy Instamart,Mumbai,32,926,20,14.2,3,Dairy,UPI,2,0,5
1000911,Flipkart Minutes,Kolkata,29,237,16,8.3,2,Household,Cash on Delivery,4,0,4
1000912,Dunzo,Gurgaon,23,1072,19,14.9,12,Groceries,Credit Card,1,0,4
1000913,Blinkit,Bengluru,59,50,15,8.4,1,Groceries,Debit Card,3,1,4
1000914,Dunzo,Pune,51,981,11,6.1,9,Groceries,Debit Card,4,1,3
1000915,Flipkart Minutes,Haridwar,20,50,30,10.8,1,Dairy,UPI,1,1,3
1000916,Swiggy Instamart,Bengluru,43,190,20,13.6,15,Household,Debit Card,5,0,4
1000917,Big Basket,Mumbai,54,861,24,14.8,7,Dairy,Cash on Delivery,4,1,4
1000918,Jio Mart,Bengluru,48,672,25,10.8,19,Fruits & Vegetables,Wallet,4,0,4
1000920,Big Basket,Pune,24,1724,19,10.1,3,Personal Care,UPI,3,1,3
1000921,Zepto,Jaipur,20,50,13,5.0,1,Beverages,Debit Card,3,0,3
1000923,Zepto,Mumbai,28,534,8,5.4,16,Snacks,Credit Card,5,0,3
1000924,Amazon Now,Noida,58,262,16,4.6,8,Household,UPI,2,0,5
1000925,Big Basket,Delhi,56,335,6,7.1,17,Fruits & Vegetables,Debit Card,2,0,3
1000926,Amazon Now,Bengluru,34,566,18,2.9,19,Groceries,UPI,5,1,3
1000927,Zepto,Bengluru,29,610,11,9.5,5,Fruits & Vegetables,Cash on Delivery,2,0,4
1000928,Dunzo,Kolkata,58,50,16,12.4,19,Dairy,Debit Card,4,1,3
1000929,Blinkit,Kolkata,22,733,12,7.2,7,Fruits & Vegetables,Debit Card,5,0,4
1000930,Zepto,Gurgaon,43,974,11,10.3,14,Snacks,Debit Card,4,0,3
1000931,Amazon Now,Pune,21,779,20,10.9,1,Personal Care,Credit Card,3,1,3
1000932,Blinkit,Kolkata,41,200,13,3.3,10,Groceries,Wallet,4,0,4
1000933,Jio Mart,Delhi,45,107,16,11.3,14,Groceries,Wallet,1,0,3
1000935,Jio Mart,Kolkata,32,185,23,10.3,1,Dairy,Cash on Delivery,5,0,4
1000936,Zepto,Gurgaon,49,530,10,7.6,8,Beverages,UPI,5,1,3
1000937,Amazon Now,Noida,56,465,17,8.1,12,Dairy,Cash on Delivery,2,1,3
1000938,Amazon Now,Kolkata,29,1072,17,8.1,10,Personal Care,Cash on Delivery,3,1,2
1000939,Swiggy Instamart,Hyderabad,19,628,10,1.4,18,Household,Credit Card,4,0,3
1000940,Flipkart Minutes,Hyderabad,56,551,13,3.9,6,Beverages,Cash on Delivery,1,0,3
1000941,Zepto,Noida,47,755,5,1.4,3,Groceries,UPI,4,0,3
1000942,Swiggy Instamart,Haridwar,39,143,28,8.2,8,Beverages,Credit Card,4,0,5
1000943,Flipkart Minutes,Haridwar,22,168,25,3.8,1,Fruits & Vegetables,Debit Card,4,0,4
1000944,Dunzo,Noida,51,331,12,5.7,11,Beverages,Credit Card,3,0,4
1000945,Amazon Now,Pune,45,706,18,7.7,3,Personal Care,Credit Card,4,0,4
1000947,Big Basket,Gurgaon,39,578,16,6.8,18,Household,UPI,4,0,4
1000948,Zepto,Gurgaon,20,552,8,8.0,19,Personal Care,Credit Card,5,0,5
1000949,Swiggy Instamart,Bengluru,35,251,20,12.1,14,Beverages,UPI,4,1,4
1000950,Dunzo,Pune,25,466,11,3.0,5,Fruits & Vegetables,Debit Card,4,1,5
1000951,Dunzo,Delhi,32,427,5,8.4,13,Personal Care,Cash on Delivery,2,0,4
1000952,Jio Mart,Pune,47,993,22,6.5,4,Beverages,Debit Card,3,1,5
1000953,Big Basket,Hyderabad,40,50,16,6.4,6,Fruits & Vegetables,Wallet,3,0,5
1000954,Dunzo,Bengluru,40,689,12,2.0,5,Snacks,Cash on Delivery,1,0,3
1000955,Dunzo,Gurgaon,27,1056,12,8.4,9,Snacks,UPI,2,0,4
1000956,Flipkart Minutes,Jaipur,44,700,20,3.4,12,Beverages,Cash on Delivery,3,0,4
1000957,Flipkart Minutes,Pune,47,306,15,4.1,2,Beverages,Credit Card,3,1,4
1000958,Blinkit,Gurgaon,36,1007,17,12.3,4,Beverages,Wallet,4,1,4
1000959,Zepto,Noida,46,1076,5,0.7,16,Fruits & Vegetables,Cash on Delivery,5,1,4
1000960,Zepto,Hyderabad,21,625,12,14.4,13,Household,Debit Card,2,0,4
1000961,Big Basket,Kolkata,50,669,16,7.5,9,Personal Care,Cash on Delivery,2,1,4
1000962,Zepto,Amritsar,28,529,8,6.6,11,Household,Cash on Delivery,2,0,4
1000963,Flipkart Minutes,Pune,48,470,17,7.2,2,Snacks,Cash on Delivery,5,0,4
1000964,Amazon Now,Hyderabad,21,500,21,10.2,4,Beverages,Wallet,4,0,4
1000965,Blinkit,Bengluru,36,480,13,3.2,5,Beverages,UPI,2,1,5
1000966,Amazon Now,Mumbai,31,226,23,9.9,12,Groceries,Wallet,3,0,3
1000967,Swiggy Instamart,Gurgaon,47,165,17,7.8,12,Dairy,Credit Card,4,0,3
1000968,Amazon Now,Noida,35,535,13,2.1,5,Personal Care,UPI,2,0,3
1000969,Big Basket,Mumbai,57,894,17,4.8,16,Snacks,UPI,4,1,5
1000970,Swiggy Instamart,Noida,52,570,12,1.8,12,Fruits & Vegetables,Credit Card,2,0,5
1000971,Dunzo,Jaipur,26,1085,17,3.6,8,Groceries,Debit Card,3,0,5
1000972,Swiggy Instamart,Amritsar,51,813,18,12.3,19,Fruits & Vegetables,Credit Card,5,0,4
1000973,Dunzo,Mumbai,57,618,15,7.4,14,Groceries,UPI,2,0,4
1000974,Amazon Now,Kolkata,30,343,15,5.6,16,Fruits & Vegetables,Debit Card,2,0,4
1000975,Blinkit,Bengluru,41,404,13,6.7,11,Groceries,Wallet,5,0,5
1000976,Swiggy Instamart,Hyderabad,40,570,15,8.0,8,Snacks,Cash on Delivery,4,1,5
1000977,Dunzo,Pune,56,362,12,8.0,6,Snacks,Wallet,2,0,4
1000978,Dunzo,Noida,18,398,11,7.2,10,Personal Care,Cash on Delivery,1,0,5
1000979,Dunzo,Pune,35,457,15,8.7,5,Fruits & Vegetables,Cash on Delivery,4,0,3
1000980,Blinkit,Kolkata,22,429,16,8.0,6,Groceries,Wallet,2,1,5
1000981,Jio Mart,Bengluru,53,206,23,9.6,2,Snacks,Debit Card,3,1,3
1000982,Jio Mart,Mumbai,21,69,23,4.1,4,Personal Care,UPI,4,0,5
1000983,Jio Mart,Delhi,36,1403,10,4.0,4,Household,UPI,2,1,4
1000984,Blinkit,Kolkata,40,1055,12,5.7,11,Snacks,Debit Card,5,0,5
1000986,Zepto,Jaipur,23,711,9,3.8,9,Dairy,Wallet,5,0,3
1000987,Big Basket,Bengluru,52,1425,19,6.7,16,Household,Debit Card,3,1,4
1000988,Big Basket,Jaipur,45,50,20,4.4,7,Beverages,Debit Card,4,1,3
1000990,Amazon Now,Mumbai,31,801,18,7.0,19,Beverages,UPI,4,1,3
1000991,Amazon Now,Gurgaon,38,286,22,12.6,1,Personal Care,Debit Card,4,0,4
1000992,Blinkit,Delhi,58,465,5,2.0,3,Personal Care,Debit Card,5,0,4
1000993,Jio Mart,Mumbai,46,632,29,13.4,14,Household,Credit Card,2,0,4
1000994,Big Basket,Delhi,42,460,5,6.6,9,Snacks,Wallet,3,0,4
1000995,Big Basket,Chennai,41,743,18,6.2,2,Beverages,Wallet,5,1,3
1000996,Swiggy Instamart,Delhi,35,1110,9,13.0,3,Groceries,Wallet,2,1,4
1000997,Blinkit,Bengluru,50,894,18,12.8,10,Personal Care,Wallet,3,0,4
1000998,Jio Mart,Amritsar,58,535,24,8.8,9,Fruits & Vegetables,Cash on Delivery,2,0,4
1000999,Zepto,Chennai,28,1139,10,12.6,3,Snacks,Wallet,3,1,3
1001000,Dunzo,Hyderabad,47,50,10,3.1,14,Groceries,UPI,2,1,5
1001001,Amazon Now,Amritsar,32,338,23,14.9,9,Groceries,Cash on Delivery,3,0,4
1001002,Zepto,Noida,35,718,9,6.1,14,Snacks,Debit Card,3,0,3
1001003,Swiggy Instamart,Chennai,24,394,12,2.5,2,Groceries,UPI,3,0,4
1001005,Big Basket,Mumbai,56,903,17,3.6,1,Snacks,Wallet,2,0,4
1001006,Zepto,Chennai,24,386,7,4.5,2,Personal Care,UPI,3,0,4
1001007,Blinkit,Haridwar,48,170,27,10.0,4,Snacks,Debit Card,4,0,4
1001008,Dunzo,Hyderabad,55,469,16,13.2,3,Personal Care,Cash on Delivery,3,0,4
1001009,Flipkart Minutes,Chennai,26,64,20,11.3,3,Groceries,Wallet,2,1,4
1001010,Big Basket,Pune,58,1336,20,13.9,6,Household,Wallet,1,1,4
1001011,Amazon Now,Chennai,45,441,19,11.6,15,Personal Care,Cash on Delivery,2,0,3
1001012,Big Basket,Jaipur,34,50,25,12.4,5,Beverages,Credit Card,1,0,4
1001013,Big Basket,Kolkata,24,758,20,9.7,9,Household,Cash on Delivery,4,1,4
1001014,Dunzo,Haridwar,26,964,31,14.4,13,Groceries,UPI,2,1,4
1001015,Jio Mart,Gurgaon,35,356,22,10.1,14,Beverages,UPI,2,0,5
1001016,Big Basket,Kolkata,43,270,20,10.4,16,Fruits & Vegetables,Debit Card,4,0,4
1001017,Amazon Now,Kolkata,47,288,17,7.9,10,Groceries,Credit Card,3,0,3
1001018,Flipkart Minutes,Haridwar,35,50,30,14.0,7,Household,Debit Card,3,1,4
1001019,Amazon Now,Gurgaon,18,1406,20,13.9,9,Personal Care,Debit Card,2,1,5
1001020,Zepto,Delhi,56,845,5,14.8,14,Fruits & Vegetables,Credit Card,4,0,3
1001022,Amazon Now,Amritsar,28,134,20,12.3,5,Dairy,UPI,4,0,4
1001023,Zepto,Chennai,54,219,9,10.2,8,Household,Wallet,4,0,4
1001024,Dunzo,Bengluru,19,1102,16,11.9,2,Beverages,Credit Card,2,0,5
1001025,Swiggy Instamart,Gurgaon,37,312,16,9.4,10,Personal Care,Credit Card,2,0,4
1001026,Blinkit,Noida,25,229,12,6.5,9,Household,Credit Card,3,0,4
1001027,Swiggy Instamart,Jaipur,45,1111,21,7.9,10,Groceries,Debit Card,5,1,3
1001028,Swiggy Instamart,Chennai,38,1016,11,1.8,19,Dairy,Debit Card,2,0,4
1001029,Big Basket,Bengluru,47,1589,16,5.8,2,Groceries,UPI,2,1,5
1001030,Flipkart Minutes,Amritsar,51,813,16,4.8,19,Personal Care,UPI,2,0,4
1001031,Swiggy Instamart,Amritsar,56,1043,15,8.2,14,Dairy,Credit Card,2,0,4
1001032,Dunzo,Mumbai,55,50,12,1.4,17,Groceries,UPI,3,0,3
1001033,Amazon Now,Mumbai,43,378,25,14.7,18,Personal Care,Cash on Delivery,3,1,5
1001034,Swiggy Instamart,Gurgaon,37,713,17,8.2,3,Groceries,UPI,3,0,3
1001035,Dunzo,Chennai,44,170,15,7.6,4,Beverages,Cash on Delivery,2,0,5
1001036,Zepto,Hyderabad,35,380,12,13.7,14,Dairy,UPI,5,0,3
1001037,Blinkit,Jaipur,38,440,19,5.6,17,Personal Care,Wallet,3,0,5
1001038,Jio Mart,Amritsar,51,179,18,1.8,10,Beverages,UPI,1,0,4
1001039,Amazon Now,Mumbai,36,471,23,10.7,12,Fruits & Vegetables,Credit Card,4,0,4
1001040,Big Basket,Chennai,26,671,17,5.2,17,Beverages,Debit Card,2,0,4
1001041,Flipkart Minutes,Hyderabad,21,503,13,1.2,8,Beverages,UPI,4,0,4
1001042,Flipkart Minutes,Pune,29,830,19,10.4,9,Personal Care,Wallet,3,0,5
1001043,Blinkit,Chennai,39,781,14,4.3,10,Beverages,Wallet,2,0,3
1001044,Zepto,Mumbai,19,50,14,14.5,6,Snacks,Wallet,5,0,3
1001045,Dunzo,Bengluru,58,120,19,13.1,10,Beverages,Wallet,2,1,4
1001046,Big Basket,Pune,20,230,15,7.4,6,Snacks,UPI,3,0,3
1001047,Flipkart Minutes,Jaipur,43,315,19,5.4,17,Personal Care,Credit Card,4,1,5
1001048,Flipkart Minutes,Kolkata,32,460,12,2.0,2,Personal Care,Cash on Delivery,5,1,4
1001049,Swiggy Instamart,Bengluru,56,713,17,10.5,8,Groceries,Cash on Delivery,5,1,5
1001050,Zepto,Chennai,39,668,13,12.8,15,Snacks,Wallet,2,1,5
1001051,Swiggy Instamart,Kolkata,33,260,19,11.8,1,Beverages,Cash on Delivery,2,0,4
1001052,Dunzo,Mumbai,33,1406,19,11.8,9,Fruits & Vegetables,Cash on Delivery,2,1,4
1001053,Zepto,Delhi,35,60,5,11.7,13,Household,Cash on Delivery,1,0,4
1001054,Amazon Now,Mumbai,38,498,26,14.8,11,Household,Credit Card,5,0,3
1001055,Jio Mart,Jaipur,18,443,25,4.7,7,Household,Debit Card,4,0,3
1001056,Zepto,Gurgaon,33,822,10,11.7,12,Snacks,Cash on Delivery,2,0,4
1001057,Swiggy Instamart,Mumbai,51,1041,23,14.6,5,Personal Care,Wallet,5,0,4
1001058,Big Basket,Haridwar,22,765,33,14.6,4,Beverages,Debit Card,3,0,3
1001059,Blinkit,Noida,43,316,11,4.9,11,Dairy,UPI,3,0,4
1001060,Dunzo,Kolkata,42,804,10,1.3,13,Dairy,Wallet,2,0,3
1001061,Jio Mart,Amritsar,23,671,24,9.1,5,Beverages,Wallet,2,0,3
1001062,Dunzo,Gurgaon,42,1230,14,6.7,5,Snacks,UPI,2,1,3
1001063,Blinkit,Amritsar,38,438,17,13.6,19,Groceries,Cash on Delivery,5,1,3
1001064,Amazon Now,Noida,51,1259,16,1.8,2,Beverages,Debit Card,3,1,3
1001065,Amazon Now,Kolkata,20,50,15,2.0,5,Groceries,Debit Card,1,0,4
1001066,Swiggy Instamart,Hyderabad,59,965,16,9.9,8,Dairy,Credit Card,4,1,3
1001067,Zepto,Haridwar,31,451,18,7.3,14,Household,Credit Card,2,0,4
1001068,Zepto,Haridwar,44,568,25,12.8,10,Groceries,Wallet,4,0,4
1001069,Amazon Now,Mumbai,30,1093,17,2.4,13,Beverages,Cash on Delivery,3,1,4
1001070,Amazon Now,Pune,47,356,17,6.0,10,Groceries,Credit Card,2,0,3
1001071,Flipkart Minutes,Chennai,58,653,20,12.4,6,Dairy,Cash on Delivery,2,0,4
1001072,Swiggy Instamart,Haridwar,34,606,31,11.1,19,Household,Cash on Delivery,2,1,3
1001073,Jio Mart,Amritsar,21,711,25,9.2,18,Personal Care,Credit Card,4,0,3
1001074,Dunzo,Pune,20,1189,13,7.7,8,Snacks,Credit Card,1,1,3
1001075,Blinkit,Kolkata,26,612,15,7.6,9,Personal Care,Cash on Delivery,4,1,4
1001076,Zepto,Delhi,27,487,5,1.1,10,Household,Cash on Delivery,3,0,3
1001077,Zepto,Jaipur,38,718,16,10.5,8,Fruits & Vegetables,Credit Card,2,0,4
1001078,Swiggy Instamart,Bengluru,48,355,20,11.2,13,Groceries,UPI,5,1,3
1001079,Swiggy Instamart,Pune,49,50,11,3.9,8,Personal Care,Wallet,5,1,4
1001082,Jio Mart,Haridwar,39,50,35,7.5,19,Dairy,Debit Card,5,0,5
1001083,Blinkit,Noida,25,1117,15,9.5,16,Beverages,Wallet,4,0,5
1001084,Amazon Now,Delhi,44,50,5,5.4,15,Household,Cash on Delivery,3,1,4
1001085,Dunzo,Gurgaon,58,572,18,13.9,10,Household,UPI,1,1,3
1001086,Blinkit,Gurgaon,48,664,17,11.0,7,Household,Wallet,3,0,5
1001087,Zepto,Pune,52,1383,5,2.9,15,Household,Cash on Delivery,5,1,2
1001088,Flipkart Minutes,Gurgaon,36,1034,19,11.7,18,Dairy,Credit Card,2,1,4
1001089,Dunzo,Haridwar,42,50,25,4.4,14,Snacks,Debit Card,3,0,3
1001091,Dunzo,Jaipur,29,50,18,7.6,9,Fruits & Vegetables,Credit Card,4,0,5
1001092,Zepto,Jaipur,20,50,17,12.2,10,Household,Debit Card,5,1,3
1001093,Zepto,Jaipur,25,514,13,6.1,19,Dairy,Debit Card,2,1,5
1001094,Jio Mart,Mumbai,48,472,27,13.1,7,Personal Care,UPI,5,0,4
1001095,Blinkit,Bengluru,30,863,19,13.7,6,Fruits & Vegetables,Credit Card,5,0,4
1001096,Amazon Now,Noida,59,448,15,4.4,10,Beverages,Debit Card,5,1,4
1001098,Jio Mart,Pune,23,50,22,5.7,13,Snacks,Credit Card,4,0,3
1001099,Jio Mart,Mumbai,29,516,22,1.6,3,Dairy,Credit Card,5,0,5
1001100,Dunzo,Haridwar,47,726,30,13.7,18,Fruits & Vegetables,Debit Card,3,0,3
1001101,Amazon Now,Bengluru,24,50,15,3.4,19,Snacks,Wallet,5,0,5
1001102,Dunzo,Mumbai,48,827,17,8.6,15,Groceries,UPI,2,1,4
1001103,Amazon Now,Haridwar,19,1002,32,8.6,7,Household,Debit Card,1,1,4
1001104,Zepto,Jaipur,20,179,16,12.4,7,Dairy,Credit Card,4,0,3
1001105,Jio Mart,Gurgaon,27,591,21,4.0,8,Personal Care,Debit Card,2,1,4
1001106,Swiggy Instamart,Kolkata,19,1059,14,7.5,1,Snacks,UPI,4,1,3
1001107,Dunzo,Chennai,45,843,8,1.9,17,Fruits & Vegetables,Wallet,3,0,5
1001108,Zepto,Kolkata,49,50,9,6.6,5,Dairy,Wallet,4,0,4
1001109,Zepto,Hyderabad,34,606,8,6.0,17,Snacks,Debit Card,4,0,4
1001110,Flipkart Minutes,Pune,26,50,13,3.4,5,Beverages,Wallet,3,0,3
1001111,Flipkart Minutes,Noida,47,361,15,6.1,5,Beverages,UPI,5,0,4
1001112,Jio Mart,Hyderabad,30,1578,23,8.3,11,Dairy,Debit Card,1,1,4
1001113,Dunzo,Pune,29,486,12,8.6,9,Groceries,Credit Card,2,0,4
1001114,Swiggy Instamart,Delhi,49,409,8,13.7,5,Groceries,Credit Card,4,0,2
1001115,Jio Mart,Jaipur,49,355,29,13.3,6,Household,Wallet,3,0,4
1001116,Dunzo,Jaipur,22,50,20,8.2,19,Beverages,Debit Card,4,1,3
1001117,Flipkart Minutes,Haridwar,25,50,30,7.9,15,Personal Care,Cash on Delivery,4,0,4
1001119,Dunzo,Haridwar,50,50,25,8.2,1,Personal Care,Credit Card,2,0,2
1001120,Flipkart Minutes,Gurgaon,49,1012,14,1.0,6,Snacks,Wallet,3,1,3
1001121,Amazon Now,Gurgaon,53,50,16,5.4,16,Dairy,Credit Card,4,0,4
1001122,Zepto,Haridwar,28,175,24,10.9,13,Household,UPI,5,1,4
1001123,Swiggy Instamart,Bengluru,41,2438,17,9.6,8,Personal Care,Cash on Delivery,3,1,5
1001124,Zepto,Chennai,19,829,9,8.2,10,Groceries,Credit Card,2,0,3
1001125,Jio Mart,Amritsar,23,395,24,13.4,15,Personal Care,Debit Card,3,1,5
1001126,Zepto,Gurgaon,29,1234,8,8.0,7,Dairy,Credit Card,2,1,5
1001127,Blinkit,Chennai,33,895,17,12.0,15,Beverages,UPI,5,1,5
1001128,Big Basket,Kolkata,28,451,22,12.7,5,Groceries,UPI,1,0,3
1001129,Zepto,Amritsar,53,288,6,5.0,17,Personal Care,Wallet,3,1,4
1001130,Jio Mart,Hyderabad,50,50,23,10.0,6,Household,Cash on Delivery,1,0,3
1001131,Zepto,Pune,31,199,14,14.6,13,Fruits & Vegetables,Wallet,3,1,3
1001132,Flipkart Minutes,Noida,36,351,12,1.1,5,Snacks,Wallet,3,0,5
1001133,Flipkart Minutes,Bengluru,57,1034,16,3.0,5,Dairy,Wallet,4,1,4
1001134,Zepto,Jaipur,42,1110,17,11.2,13,Dairy,UPI,2,1,4
1001135,Swiggy Instamart,Chennai,33,797,18,14.4,1,Fruits & Vegetables,Cash on Delivery,1,0,3
1001136,Big Basket,Kolkata,22,640,18,12.2,18,Household,Cash on Delivery,3,1,4
1001137,Jio Mart,Bengluru,18,557,27,12.7,14,Snacks,Wallet,4,1,3
1001138,Dunzo,Noida,39,924,19,14.8,11,Dairy,Wallet,3,1,5
1001139,Swiggy Instamart,Jaipur,58,50,16,3.7,10,Dairy,Cash on Delivery,3,0,3
1001140,Blinkit,Delhi,51,1254,5,8.1,16,Dairy,UPI,3,1,5
1001141,Big Basket,Chennai,33,175,20,10.5,9,Snacks,Wallet,2,0,3
1001143,Dunzo,Haridwar,56,371,27,13.8,9,Snacks,Cash on Delivery,2,0,3
1001144,Blinkit,Chennai,55,647,14,10.2,15,Beverages,Debit Card,3,1,3
1001145,Big Basket,Bengluru,49,668,18,9.5,5,Dairy,Wallet,5,0,4
1001146,Amazon Now,Chennai,46,379,14,4.1,13,Groceries,UPI,1,0,4
1001147,Blinkit,Chennai,29,50,12,6.5,5,Dairy,UPI,4,1,4
1001148,Dunzo,Mumbai,47,469,16,11.9,11,Snacks,Cash on Delivery,2,1,5
1001149,Amazon Now,Bengluru,31,464,17,5.6,12,Snacks,Cash on Delivery,2,0,3
1001150,Flipkart Minutes,Delhi,43,595,7,6.2,10,Snacks,Cash on Delivery,1,1,3
1001151,Blinkit,Bengluru,42,398,16,11.8,16,Personal Care,Cash on Delivery,5,0,3
1001152,Swiggy Instamart,Jaipur,47,50,19,3.9,10,Snacks,Credit Card,1,1,3
1001153,Flipkart Minutes,Noida,48,50,20,12.6,2,Beverages,UPI,3,0,4
1001155,Big Basket,Delhi,56,1216,8,11.6,9,Snacks,Debit Card,4,1,3
1001156,Amazon Now,Pune,19,65,20,8.1,14,Personal Care,Debit Card,3,1,4
1001157,Big Basket,Kolkata,49,499,19,9.2,19,Personal Care,Credit Card,4,0,4
1001158,Blinkit,Amritsar,49,880,19,13.8,7,Dairy,UPI,4,1,4
1001159,Jio Mart,Mumbai,39,418,25,12.0,16,Groceries,Debit Card,2,1,3
1001160,Dunzo,Jaipur,46,891,18,8.3,16,Personal Care,Wallet,3,0,4
1001161,Blinkit,Bengluru,34,377,13,3.6,9,Dairy,Wallet,5,0,4
1001162,Swiggy Instamart,Hyderabad,44,1008,15,7.1,19,Snacks,Cash on Delivery,4,1,3
1001163,Jio Mart,Mumbai,30,417,27,13.3,17,Dairy,Wallet,5,1,3
1001164,Dunzo,Delhi,35,50,5,7.3,17,Fruits & Vegetables,Wallet,4,1,4
1001165,Zepto,Delhi,20,1388,5,12.3,3,Household,UPI,1,1,3
1001166,Zepto,Pune,44,1267,7,3.9,2,Fruits & Vegetables,Cash on Delivery,4,1,3
1001167,Big Basket,Bengluru,23,364,14,1.6,16,Snacks,Cash on Delivery,2,1,3
1001168,Big Basket,Amritsar,34,413,15,4.8,2,Household,Cash on Delivery,1,0,4
1001169,Swiggy Instamart,Hyderabad,33,1583,15,7.8,12,Personal Care,Debit Card,5,1,4
1001170,Amazon Now,Jaipur,56,651,21,1.1,9,Beverages,Credit Card,2,0,5
1001171,Jio Mart,Noida,36,360,21,5.3,12,Groceries,Credit Card,1,1,4
1001172,Jio Mart,Jaipur,51,313,24,4.8,4,Personal Care,Credit Card,4,0,4
1001173,Zepto,Hyderabad,36,729,8,6.5,6,Fruits & Vegetables,Cash on Delivery,3,0,3
1001174,Dunzo,Chennai,35,103,12,4.2,19,Groceries,Cash on Delivery,2,0,5
1001175,Dunzo,Jaipur,32,729,15,4.5,17,Groceries,UPI,1,0,4
1001176,Blinkit,Gurgaon,49,1519,12,5.8,1,Fruits & Vegetables,Debit Card,3,1,4
1001177,Flipkart Minutes,Jaipur,54,270,19,4.7,8,Groceries,Wallet,5,0,4
1001178,Jio Mart,Hyderabad,24,155,24,8.7,16,Dairy,Cash on Delivery,1,0,3
1001179,Amazon Now,Mumbai,56,388,22,11.4,11,Beverages,UPI,5,0,4
1001180,Dunzo,Gurgaon,46,441,16,14.6,8,Household,Debit Card,1,0,4
1001181,Swiggy Instamart,Bengluru,25,719,15,6.1,15,Snacks,Debit Card,3,0,3
1001182,Dunzo,Kolkata,27,71,17,14.0,3,Snacks,UPI,4,0,3
1001183,Blinkit,Chennai,25,569,13,6.0,14,Groceries,Debit Card,5,1,4
1001184,Zepto,Mumbai,56,732,8,3.8,9,Household,Wallet,4,0,4
1001185,Zepto,Gurgaon,40,874,5,0.6,11,Household,Credit Card,5,0,5
1001186,Jio Mart,Chennai,23,1018,26,12.0,2,Fruits & Vegetables,Wallet,3,1,3
1001187,Dunzo,Haridwar,38,211,28,11.9,4,Fruits & Vegetables,Debit Card,4,0,4
1001188,Flipkart Minutes,Mumbai,36,1060,19,10.5,5,Household,Debit Card,3,1,5
1001189,Jio Mart,Mumbai,55,1000,21,3.5,19,Snacks,Credit Card,4,1,4
1001190,Swiggy Instamart,Noida,48,784,19,14.9,14,Personal Care,Debit Card,3,0,4
1001192,Blinkit,Pune,20,998,17,10.1,11,Fruits & Vegetables,Debit Card,3,1,3
1001193,Flipkart Minutes,Hyderabad,32,1105,17,8.3,16,Dairy,Debit Card,1,1,4
1001194,Amazon Now,Bengluru,32,1015,18,6.2,17,Fruits & Vegetables,Credit Card,3,1,5
1001195,Flipkart Minutes,Gurgaon,30,239,12,2.1,11,Household,UPI,3,1,3
1001196,Blinkit,Pune,40,259,19,14.5,12,Snacks,Credit Card,5,0,4
1001197,Blinkit,Haridwar,34,544,24,1.5,5,Personal Care,Debit Card,5,0,4
1001199,Swiggy Instamart,Pune,40,619,14,5.0,14,Groceries,Cash on Delivery,2,0,4
1001200,Flipkart Minutes,Amritsar,27,514,18,11.7,4,Beverages,UPI,4,1,3
1001201,Amazon Now,Noida,56,377,18,8.4,13,Groceries,Cash on Delivery,2,0,4
1001202,Blinkit,Delhi,18,899,5,3.4,7,Household,Credit Card,3,0,4
1001204,Swiggy Instamart,Mumbai,37,234,19,7.6,6,Dairy,Debit Card,5,0,4
1001205,Blinkit,Pune,28,369,15,9.9,13,Personal Care,Cash on Delivery,3,0,3
1001206,Blinkit,Haridwar,47,746,27,7.8,19,Beverages,Debit Card,5,1,4
1001207,Swiggy Instamart,Amritsar,20,464,12,5.6,15,Dairy,UPI,4,1,5
1001208,Zepto,Bengluru,58,50,13,13.9,19,Snacks,UPI,4,0,4
1001209,Amazon Now,Jaipur,48,277,25,11.7,18,Beverages,Debit Card,2,0,3
1001210,Swiggy Instamart,Pune,23,50,17,13.4,6,Beverages,Credit Card,5,0,4
1001211,Dunzo,Chennai,56,338,13,9.8,15,Beverages,Cash on Delivery,3,1,3
1001212,Amazon Now,Amritsar,49,520,13,2.4,5,Fruits & Vegetables,Debit Card,4,1,4
1001213,Big Basket,Pune,45,525,18,11.9,5,Household,UPI,3,1,4
1001214,Dunzo,Amritsar,28,561,15,13.5,5,Personal Care,Cash on Delivery,2,0,4
1001215,Zepto,Haridwar,48,627,22,12.2,14,Personal Care,Credit Card,2,1,4
1001216,Dunzo,Pune,34,344,16,14.6,8,Groceries,Wallet,1,0,4
1001217,Blinkit,Hyderabad,22,231,11,3.0,6,Fruits & Vegetables,Cash on Delivery,2,0,5
1001218,Zepto,Kolkata,37,331,9,8.6,14,Groceries,UPI,5,0,3
1001219,Flipkart Minutes,Delhi,28,50,5,3.9,19,Fruits & Vegetables,Credit Card,4,1,5
1001220,Zepto,Noida,40,427,10,12.7,15,Groceries,Debit Card,5,0,3
1001221,Jio Mart,Chennai,42,233,19,5.1,14,Groceries,UPI,2,0,5
1001222,Swiggy Instamart,Delhi,29,1307,5,5.9,18,Snacks,Debit Card,4,1,4
1001223,Zepto,Noida,29,693,11,9.8,12,Personal Care,Debit Card,3,0,2
1001224,Amazon Now,Hyderabad,18,50,24,14.8,3,Household,Cash on Delivery,1,0,5
1001225,Swiggy Instamart,Noida,46,947,14,8.2,5,Dairy,Cash on Delivery,2,0,3
1001226,Swiggy Instamart,Pune,18,904,17,13.4,11,Snacks,UPI,2,0,3
1001227,Blinkit,Mumbai,46,128,13,1.6,2,Dairy,UPI,5,1,4
1001228,Swiggy Instamart,Noida,31,1022,14,6.0,9,Dairy,Cash on Delivery,4,0,4
1001229,Big Basket,Kolkata,57,508,21,13.4,9,Household,Cash on Delivery,3,0,5
1001230,Flipkart Minutes,Hyderabad,59,383,12,3.7,19,Dairy,UPI,3,0,4
1001231,Flipkart Minutes,Amritsar,45,152,13,5.8,9,Personal Care,UPI,3,0,3
1001232,Blinkit,Chennai,29,861,13,4.4,12,Snacks,Credit Card,4,1,3
1001233,Amazon Now,Delhi,54,486,11,10.9,17,Snacks,Cash on Delivery,2,0,5
1001234,Swiggy Instamart,Amritsar,25,482,21,15.0,16,Dairy,Wallet,2,0,5
1001235,Flipkart Minutes,Amritsar,58,901,12,3.7,5,Personal Care,UPI,3,1,3
1001236,Jio Mart,Jaipur,22,50,25,4.7,14,Personal Care,Wallet,2,0,4
1001237,Flipkart Minutes,Gurgaon,49,799,15,8.0,19,Personal Care,Credit Card,3,0,3
1001238,Blinkit,Jaipur,48,749,18,4.2,6,Dairy,UPI,5,0,4
1001239,Jio Mart,Bengluru,38,50,23,8.2,17,Household,UPI,2,0,5
1001240,Flipkart Minutes,Kolkata,54,561,17,8.0,5,Beverages,Cash on Delivery,2,1,5
1001241,Big Basket,Noida,46,575,16,2.7,8,Dairy,Wallet,3,0,5
1001242,Blinkit,Mumbai,51,1175,18,13.1,10,Household,Cash on Delivery,4,1,4
1001243,Big Basket,Jaipur,21,411,26,11.8,17,Fruits & Vegetables,Wallet,1,0,5
1001244,Amazon Now,Amritsar,27,936,18,5.5,14,Personal Care,Wallet,3,0,4
1001245,Swiggy Instamart,Jaipur,56,1093,21,9.8,6,Dairy,Debit Card,5,0,4
1001248,Flipkart Minutes,Pune,36,174,21,13.9,8,Household,Cash on Delivery,5,0,3
1001249,Big Basket,Gurgaon,50,50,17,6.7,10,Personal Care,UPI,4,0,4
1001250,Jio Mart,Haridwar,58,415,37,11.5,15,Groceries,Credit Card,2,0,5
1001251,Swiggy Instamart,Amritsar,56,395,12,2.2,7,Personal Care,Wallet,3,1,4
1001252,Dunzo,Chennai,54,50,10,3.8,13,Snacks,UPI,2,0,4
1001253,Zepto,Mumbai,53,734,5,0.5,5,Household,UPI,5,0,5
1001254,Swiggy Instamart,Gurgaon,56,589,13,3.1,15,Household,Credit Card,4,0,3
1001255,Blinkit,Delhi,34,50,5,10.2,13,Groceries,Debit Card,3,1,4
1001256,Dunzo,Amritsar,57,439,18,14.8,9,Dairy,Wallet,2,0,3
1001257,Jio Mart,Chennai,39,588,24,11.9,18,Snacks,Wallet,3,1,4
1001258,Big Basket,Amritsar,25,463,12,1.0,14,Fruits & Vegetables,Wallet,3,0,4
1001259,Zepto,Jaipur,48,50,9,4.0,9,Groceries,UPI,2,1,3
1001260,Blinkit,Kolkata,44,572,13,7.1,17,Groceries,Wallet,2,0,5
1001261,Zepto,Noida,49,341,12,14.8,13,Personal Care,Cash on Delivery,3,0,2
1001262,Swiggy Instamart,Gurgaon,33,69,14,8.2,18,Beverages,Cash on Delivery,3,0,4
1001263,Blinkit,Jaipur,33,50,17,6.7,9,Fruits & Vegetables,Credit Card,2,0,3
1001264,Amazon Now,Mumbai,53,981,18,7.2,11,Personal Care,Credit Card,4,0,5
1001265,Blinkit,Noida,19,117,12,1.8,3,Household,Wallet,2,0,3
1001266,Amazon Now,Bengluru,35,672,17,4.7,13,Household,Cash on Delivery,3,0,5
1001267,Zepto,Jaipur,58,841,11,4.0,6,Groceries,UPI,3,0,4
1001268,Amazon Now,Gurgaon,24,410,17,4.9,4,Beverages,Wallet,3,0,4
1001269,Flipkart Minutes,Delhi,29,535,7,9.4,6,Fruits & Vegetables,UPI,3,0,4
1001270,Dunzo,Kolkata,43,177,14,6.5,13,Dairy,Credit Card,3,0,4
1001271,Amazon Now,Haridwar,41,477,33,13.0,18,Dairy,Credit Card,3,0,3
1001272,Flipkart Minutes,Delhi,25,893,6,5.8,11,Groceries,Debit Card,5,1,5
1001273,Flipkart Minutes,Bengluru,35,390,17,10.2,19,Snacks,Wallet,3,0,4
1001274,Swiggy Instamart,Bengluru,51,1140,20,11.2,18,Groceries,Cash on Delivery,4,0,4
1001275,Dunzo,Chennai,58,774,17,12.9,14,Snacks,Wallet,1,0,5
1001276,Blinkit,Hyderabad,48,921,14,7.4,10,Fruits & Vegetables,Debit Card,3,1,3
1001277,Zepto,Jaipur,58,50,9,3.0,7,Groceries,Wallet,2,0,4
1001278,Amazon Now,Delhi,18,271,6,6.8,1,Dairy,Wallet,1,0,4
1001279,Zepto,Bengluru,44,284,7,7.3,19,Snacks,UPI,4,1,3
1001280,Amazon Now,Mumbai,21,735,23,9.9,8,Dairy,Debit Card,5,0,3
1001281,Jio Mart,Gurgaon,28,678,17,2.1,19,Beverages,Wallet,4,0,3
1001282,Swiggy Instamart,Kolkata,33,753,15,7.2,13,Groceries,Wallet,4,0,5
1001283,Dunzo,Chennai,23,507,17,11.0,7,Beverages,Wallet,1,0,3
1001284,Jio Mart,Delhi,51,730,10,6.8,8,Personal Care,Cash on Delivery,4,1,2
1001285,Dunzo,Noida,24,405,10,4.4,7,Personal Care,UPI,1,1,5
1001286,Jio Mart,Bengluru,50,50,23,6.2,17,Groceries,UPI,1,1,5
1001287,Zepto,Mumbai,37,1157,10,8.8,1,Snacks,UPI,5,1,3
1001288,Big Basket,Pune,22,1046,15,7.3,7,Groceries,Cash on Delivery,2,0,4
1001289,Blinkit,Gurgaon,21,440,11,4.0,17,Snacks,Cash on Delivery,5,0,5
1001290,Big Basket,Gurgaon,41,664,20,11.9,4,Groceries,Debit Card,3,1,3
1001291,Dunzo,Mumbai,57,680,17,10.8,14,Groceries,Wallet,4,0,4
1001292,Amazon Now,Mumbai,37,517,18,5.3,19,Groceries,Credit Card,4,0,3
1001293,Big Basket,Pune,56,761,16,8.2,19,Groceries,Debit Card,1,1,4
1001294,Flipkart Minutes,Delhi,24,673,10,13.4,5,Personal Care,Cash on Delivery,3,0,4
1001295,Zepto,Kolkata,46,953,5,0.6,9,Household,Wallet,5,1,4
1001296,Zepto,Noida,24,980,8,7.4,17,Dairy,Wallet,4,1,4
1001297,Flipkart Minutes,Kolkata,35,536,14,1.9,6,Household,UPI,2,0,4
1001298,Dunzo,Noida,37,515,12,9.1,18,Snacks,UPI,2,0,4
1001299,Big Basket,Pune,43,960,12,0.9,17,Groceries,Debit Card,2,0,4
1001300,Big Basket,Pune,36,50,21,12.4,5,Personal Care,UPI,4,0,4
1001301,Big Basket,Noida,20,1044,16,6.3,17,Household,Cash on Delivery,2,0,3
1001302,Zepto,Haridwar,39,161,25,14.4,16,Snacks,UPI,3,0,5
1001303,Flipkart Minutes,Bengluru,38,153,17,4.3,5,Snacks,UPI,2,0,4
1001304,Flipkart Minutes,Hyderabad,51,422,14,5.1,19,Household,Credit Card,3,1,4
1001305,Blinkit,Kolkata,47,727,14,4.5,9,Household,Wallet,2,1,3
1001306,Zepto,Haridwar,30,102,17,1.7,5,Personal Care,Debit Card,3,0,4
1001307,Jio Mart,Bengluru,52,508,21,3.2,18,Personal Care,Credit Card,1,1,3
1001308,Amazon Now,Noida,31,1820,18,9.0,7,Personal Care,Cash on Delivery,3,1,3
1001309,Zepto,Haridwar,26,937,19,6.3,4,Dairy,Credit Card,2,0,3
1001310,Dunzo,Gurgaon,22,1417,13,4.6,12,Snacks,UPI,1,1,4
1001311,Jio Mart,Bengluru,47,381,26,14.6,2,Dairy,Cash on Delivery,3,0,3
1001312,Blinkit,Mumbai,20,1078,19,13.3,18,Personal Care,Wallet,4,0,4
1001313,Amazon Now,Hyderabad,29,546,16,2.5,11,Dairy,Cash on Delivery,2,0,5
1001314,Jio Mart,Mumbai,37,683,25,11.0,13,Fruits & Vegetables,Cash on Delivery,5,1,4
1001315,Jio Mart,Haridwar,58,54,32,3.4,2,Snacks,Cash on Delivery,4,1,3
1001316,Dunzo,Jaipur,55,868,21,12.0,17,Fruits & Vegetables,Credit Card,2,1,5
1001317,Jio Mart,Kolkata,51,93,24,7.9,18,Fruits & Vegetables,Cash on Delivery,4,0,3
1001318,Swiggy Instamart,Haridwar,54,73,27,8.4,16,Household,Debit Card,3,1,5
1001319,Dunzo,Amritsar,45,375,14,8.7,14,Fruits & Vegetables,Cash on Delivery,2,1,4
1001320,Zepto,Delhi,53,1468,5,8.4,8,Dairy,Debit Card,3,1,3
1001321,Dunzo,Gurgaon,21,832,7,0.7,3,Fruits & Vegetables,Wallet,2,0,4
1001322,Amazon Now,Haridwar,27,165,27,1.0,7,Personal Care,Debit Card,2,1,4
1001323,Big Basket,Mumbai,26,459,20,9.5,5,Beverages,Debit Card,2,0,5
1001324,Jio Mart,Delhi,50,347,16,14.4,13,Groceries,Debit Card,2,0,5
1001325,Dunzo,Kolkata,21,378,15,9.5,1,Household,Cash on Delivery,1,0,4
1001326,Blinkit,Amritsar,28,269,11,1.1,10,Dairy,Wallet,4,0,5
1001327,Jio Mart,Gurgaon,32,467,21,7.0,3,Personal Care,Credit Card,2,1,2
1001328,Amazon Now,Noida,30,935,16,7.1,2,Household,Cash on Delivery,1,0,4
1001329,Zepto,Amritsar,34,682,5,2.3,1,Dairy,UPI,2,1,2
1001330,Flipkart Minutes,Gurgaon,37,574,21,13.6,7,Groceries,Debit Card,3,0,3
1001331,Dunzo,Gurgaon,23,508,14,10.4,18,Fruits & Vegetables,Credit Card,3,0,4
1001332,Flipkart Minutes,Hyderabad,57,50,15,6.9,13,Snacks,Wallet,2,0,4
1001333,Flipkart Minutes,Bengluru,49,862,17,7.3,10,Dairy,Debit Card,2,0,4
1001334,Amazon Now,Jaipur,49,50,24,6.8,5,Fruits & Vegetables,Debit Card,4,1,3
1001335,Flipkart Minutes,Mumbai,49,142,18,5.2,5,Personal Care,Credit Card,5,1,3
1001336,Jio Mart,Hyderabad,42,609,23,8.9,19,Beverages,Wallet,1,1,3
1001337,Zepto,Pune,54,449,5,0.8,9,Fruits & Vegetables,UPI,2,0,4
1001338,Blinkit,Noida,49,936,13,9.1,5,Household,Credit Card,3,1,3
1001339,Flipkart Minutes,Pune,52,468,21,14.9,14,Beverages,Wallet,2,0,3
1001340,Jio Mart,Delhi,50,141,14,12.2,5,Personal Care,UPI,1,0,4
1001341,Blinkit,Mumbai,19,1506,11,1.6,14,Beverages,Wallet,3,1,3
1001342,Big Basket,Chennai,53,432,16,5.1,17,Groceries,Credit Card,4,1,4
1001343,Blinkit,Mumbai,25,600,19,12.8,1,Dairy,Cash on Delivery,3,0,4
1001344,Zepto,Jaipur,47,546,11,3.2,14,Snacks,Wallet,5,0,4
1001345,Dunzo,Delhi,59,50,5,3.5,2,Dairy,Wallet,2,1,4
1001347,Flipkart Minutes,Delhi,53,295,5,2.8,13,Household,UPI,3,0,3
1001348,Jio Mart,Amritsar,57,666,24,12.0,14,Fruits & Vegetables,UPI,1,1,3
1001349,Dunzo,Amritsar,49,1162,16,13.9,2,Snacks,Wallet,1,1,4
1001350,Amazon Now,Delhi,51,1053,10,13.3,13,Household,Credit Card,3,1,4
1001351,Big Basket,Pune,25,446,15,3.1,19,Dairy,Cash on Delivery,2,1,5
1001352,Dunzo,Pune,42,620,15,10.2,3,Snacks,Wallet,2,1,4
1001353,Flipkart Minutes,Amritsar,47,876,19,14.2,1,Fruits & Vegetables,Debit Card,3,0,5
1001354,Jio Mart,Bengluru,32,611,25,7.8,1,Beverages,UPI,3,0,3
1001355,Blinkit,Gurgaon,33,833,15,8.3,17,Personal Care,UPI,4,0,4
1001356,Dunzo,Chennai,50,1030,14,9.9,18,Snacks,Cash on Delivery,1,0,4
1001357,Amazon Now,Amritsar,44,696,19,12.0,8,Household,Cash on Delivery,2,0,3
1001358,Big Basket,Mumbai,51,198,18,3.7,10,Groceries,Wallet,4,0,3
1001359,Jio Mart,Hyderabad,29,634,18,3.9,16,Fruits & Vegetables,Cash on Delivery,3,1,4
1001360,Big Basket,Amritsar,56,615,19,13.9,2,Personal Care,Cash on Delivery,5,0,4
1001361,Swiggy Instamart,Noida,18,259,10,1.9,12,Household,Wallet,5,0,5
1001362,Swiggy Instamart,Mumbai,29,1096,18,11.9,15,Personal Care,Wallet,4,1,4
1001364,Flipkart Minutes,Chennai,45,659,22,14.2,4,Personal Care,UPI,4,0,4
1001365,Zepto,Pune,39,212,7,7.2,5,Dairy,Wallet,5,0,4
1001366,Blinkit,Delhi,45,490,5,5.4,12,Groceries,Cash on Delivery,3,1,3
1001367,Jio Mart,Delhi,20,1018,14,9.9,18,Personal Care,Debit Card,2,1,4
1001368,Big Basket,Bengluru,20,363,14,3.0,17,Beverages,Credit Card,3,0,2
1001370,Dunzo,Jaipur,30,90,22,12.7,8,Beverages,Cash on Delivery,3,0,4
1001371,Flipkart Minutes,Amritsar,53,50,12,2.2,2,Groceries,UPI,4,1,3
1001372,Swiggy Instamart,Bengluru,37,266,18,12.7,14,Groceries,Credit Card,3,1,4
1001373,Blinkit,Amritsar,24,50,17,13.1,14,Dairy,Debit Card,5,1,3
1001374,Jio Mart,Bengluru,29,418,27,11.1,5,Household,Wallet,2,0,3
1001375,Jio Mart,Delhi,56,504,13,9.0,2,Dairy,Wallet,4,0,4
1001376,Zepto,Amritsar,40,248,9,9.8,5,Groceries,Cash on Delivery,3,0,4
1001377,Amazon Now,Mumbai,59,1393,23,13.8,19,Beverages,Debit Card,4,0,3
1001379,Dunzo,Bengluru,46,897,17,12.1,3,Dairy,Debit Card,2,1,3
1001380,Zepto,Haridwar,28,78,24,11.9,1,Snacks,Wallet,3,0,3
1001381,Dunzo,Kolkata,55,481,14,10.4,12,Household,UPI,2,0,4
1001382,Dunzo,Haridwar,35,682,25,9.8,13,Personal Care,Cash on Delivery,4,0,4
1001383,Flipkart Minutes,Jaipur,26,50,20,2.7,15,Fruits & Vegetables,Cash on Delivery,4,0,5
1001384,Amazon Now,Pune,58,294,21,12.2,7,Personal Care,Cash on Delivery,4,0,4
1001385,Jio Mart,Jaipur,18,276,27,6.0,10,Household,Credit Card,1,0,5
1001386,Swiggy Instamart,Delhi,44,245,6,10.1,16,Household,UPI,4,0,5
1001387,Blinkit,Kolkata,39,220,13,9.1,16,Snacks,Debit Card,5,0,3
1001388,Amazon Now,Bengluru,28,858,17,5.5,12,Groceries,Debit Card,4,1,4
1001389,Swiggy Instamart,Mumbai,21,364,19,8.6,2,Groceries,Cash on Delivery,3,1,4
1001390,Big Basket,Noida,39,533,13,0.8,4,Household,Credit Card,4,0,3
1001391,Big Basket,Kolkata,18,977,16,5.8,19,Groceries,Cash on Delivery,1,0,3
1001392,Big Basket,Chennai,44,437,12,1.2,10,Beverages,Debit Card,2,0,5
1001393,Blinkit,Haridwar,41,363,28,12.0,12,Dairy,UPI,5,1,4
1001394,Dunzo,Hyderabad,24,311,9,1.9,19,Dairy,Debit Card,1,1,4
1001395,Big Basket,Delhi,28,981,5,3.2,6,Personal Care,Wallet,3,1,4
1001396,Flipkart Minutes,Mumbai,35,1088,16,2.6,11,Personal Care,UPI,3,1,3
1001397,Flipkart Minutes,Mumbai,41,229,20,10.2,11,Household,Debit Card,4,0,4
1001398,Blinkit,Noida,32,1315,15,7.5,4,Snacks,Cash on Delivery,4,1,4
1001399,Amazon Now,Delhi,31,545,7,8.0,8,Household,Cash on Delivery,2,0,5
1001400,Amazon Now,Mumbai,42,430,20,9.1,16,Personal Care,Cash on Delivery,5,0,4
1001401,Dunzo,Hyderabad,50,306,15,8.2,11,Household,Credit Card,2,0,4
1001402,Swiggy Instamart,Mumbai,50,722,17,10.2,5,Snacks,Debit Card,2,0,3
1001403,Jio Mart,Noida,42,541,19,1.5,3,Fruits & Vegetables,Credit Card,1,0,4
1001404,Flipkart Minutes,Mumbai,49,1324,18,7.0,17,Beverages,UPI,3,1,4
1001406,Amazon Now,Amritsar,59,889,15,1.2,14,Dairy,Cash on Delivery,2,1,4
1001407,Amazon Now,Gurgaon,59,74,18,8.9,2,Groceries,Debit Card,3,1,4
1001408,Dunzo,Pune,56,701,17,14.2,1,Personal Care,UPI,2,0,4
1001409,Big Basket,Chennai,19,232,15,4.9,18,Groceries,Wallet,1,0,4
1001410,Flipkart Minutes,Hyderabad,31,623,18,11.2,15,Dairy,Debit Card,3,0,4
1001411,Zepto,Kolkata,27,397,9,7.1,6,Dairy,Wallet,3,1,3
1001412,Blinkit,Chennai,54,50,10,3.1,6,Dairy,Cash on Delivery,2,0,4
1001413,Swiggy Instamart,Mumbai,20,668,14,5.4,18,Fruits & Vegetables,Wallet,2,1,5
1001414,Jio Mart,Amritsar,59,392,24,13.9,19,Dairy,Credit Card,2,0,5
1001415,Blinkit,Mumbai,48,598,12,1.6,15,Snacks,Debit Card,2,1,3
1001416,Big Basket,Hyderabad,51,1120,20,11.4,19,Groceries,UPI,2,0,5
1001418,Amazon Now,Mumbai,47,1716,17,2.2,1,Groceries,Credit Card,4,1,3
1001419,Amazon Now,Delhi,49,767,11,14.3,5,Dairy,Cash on Delivery,4,1,4
1001420,Amazon Now,Hyderabad,22,81,23,13.2,4,Household,Debit Card,1,1,4
1001421,Big Basket,Hyderabad,51,117,16,2.6,12,Snacks,Wallet,4,0,4
1001422,Swiggy Instamart,Chennai,50,595,19,12.3,6,Groceries,UPI,2,0,4
1001424,Swiggy Instamart,Pune,43,550,21,14.7,5,Household,Cash on Delivery,3,0,4
1001425,Blinkit,Haridwar,29,782,24,0.8,1,Snacks,Wallet,3,0,5
1001426,Big Basket,Delhi,24,1276,6,3.4,19,Groceries,Wallet,4,1,4
1001427,Amazon Now,Haridwar,53,851,33,11.9,1,Fruits & Vegetables,Debit Card,4,1,4
1001428,Blinkit,Pune,51,350,11,2.4,1,Dairy,Debit Card,5,0,4
1001430,Big Basket,Kolkata,48,486,16,7.3,19,Personal Care,UPI,4,1,5
1001431,Dunzo,Delhi,55,674,5,5.4,6,Snacks,Credit Card,4,1,3
1001433,Swiggy Instamart,Bengluru,23,1312,20,11.7,13,Beverages,Debit Card,5,1,4
1001434,Amazon Now,Hyderabad,26,816,18,10.2,3,Snacks,UPI,2,1,5
1001435,Jio Mart,Bengluru,52,208,24,10.3,8,Dairy,Wallet,2,1,4
1001436,Swiggy Instamart,Gurgaon,18,777,16,10.4,18,Beverages,Wallet,3,0,5
1001437,Blinkit,Noida,41,1041,19,15.0,19,Fruits & Vegetables,Credit Card,2,1,4
1001438,Dunzo,Noida,49,728,13,10.6,1,Personal Care,Credit Card,2,0,4
1001439,Swiggy Instamart,Chennai,30,1818,18,13.6,12,Personal Care,Cash on Delivery,5,1,3
1001440,Jio Mart,Delhi,48,511,18,14.5,3,Household,Cash on Delivery,4,1,5
1001441,Swiggy Instamart,Haridwar,26,50,30,11.6,2,Groceries,Credit Card,3,1,5
1001442,Amazon Now,Haridwar,45,86,33,14.1,19,Personal Care,UPI,4,0,4
1001443,Jio Mart,Jaipur,39,167,25,5.6,4,Groceries,Credit Card,3,0,3
1001444,Blinkit,Mumbai,57,1598,12,2.5,14,Beverages,Debit Card,4,1,3
1001445,Blinkit,Jaipur,54,912,19,6.4,7,Snacks,Wallet,4,0,4
1001446,Big Basket,Gurgaon,55,822,15,4.2,11,Snacks,Cash on Delivery,3,0,3
1001447,Amazon Now,Pune,51,213,14,3.2,5,Personal Care,Wallet,5,0,3
1001448,Big Basket,Chennai,29,323,19,9.4,10,Snacks,Wallet,3,1,5
1001449,Amazon Now,Delhi,55,186,8,4.7,9,Household,Wallet,3,0,5
1001450,Amazon Now,Amritsar,27,884,14,3.5,15,Snacks,Debit Card,1,1,4
1001451,Zepto,Pune,37,1130,10,12.0,17,Dairy,Credit Card,3,1,4
1001452,Zepto,Delhi,27,126,5,0.5,10,Household,Wallet,3,0,4
1001453,Big Basket,Jaipur,48,50,23,12.0,19,Dairy,Cash on Delivery,5,1,3
1001454,Swiggy Instamart,Amritsar,56,571,14,8.0,12,Dairy,Debit Card,5,0,3
1001455,Zepto,Delhi,39,145,5,6.2,2,Fruits & Vegetables,Cash on Delivery,5,0,4
1001457,Blinkit,Pune,36,1057,11,4.9,1,Fruits & Vegetables,Wallet,3,1,3
1001458,Swiggy Instamart,Jaipur,28,264,17,1.3,19,Snacks,Wallet,3,1,3
1001459,Big Basket,Haridwar,20,537,30,12.4,19,Snacks,Cash on Delivery,4,1,5
1001460,Big Basket,Hyderabad,54,801,18,10.7,8,Fruits & Vegetables,Wallet,4,0,3
1001461,Zepto,Pune,42,779,5,1.8,17,Personal Care,Debit Card,5,1,4
1001462,Flipkart Minutes,Amritsar,50,885,19,11.5,14,Groceries,Cash on Delivery,2,1,3
1001463,Zepto,Kolkata,43,50,11,10.6,11,Personal Care,Wallet,2,1,3
1001464,Amazon Now,Hyderabad,43,988,16,2.3,14,Snacks,UPI,1,0,4
1001466,Swiggy Instamart,Jaipur,43,359,24,11.4,10,Beverages,Credit Card,5,0,3
1001467,Dunzo,Haridwar,35,857,26,11.1,16,Beverages,UPI,4,0,3
1001468,Blinkit,Gurgaon,21,517,11,4.7,10,Beverages,Cash on Delivery,2,0,4
1001469,Blinkit,Bengluru,38,809,14,5.2,19,Dairy,Wallet,5,1,5
1001470,Big Basket,Pune,22,434,13,1.1,8,Groceries,UPI,4,0,4
1001471,Big Basket,Hyderabad,34,225,20,13.6,5,Personal Care,Cash on Delivery,3,0,3
1001472,Dunzo,Haridwar,30,242,25,5.4,15,Dairy,Credit Card,2,0,4
1001473,Zepto,Delhi,37,907,5,14.9,16,Household,Credit Card,2,0,4
1001474,Blinkit,Amritsar,36,709,10,2.5,16,Dairy,Credit Card,4,0,3
1001475,Amazon Now,Chennai,35,1266,17,8.3,2,Groceries,Wallet,2,1,4
1001476,Zepto,Jaipur,59,758,9,0.7,8,Personal Care,Cash on Delivery,2,1,3
1001477,Amazon Now,Jaipur,45,481,22,9.0,10,Dairy,Credit Card,3,0,4
1001478,Big Basket,Mumbai,18,408,16,4.7,10,Fruits & Vegetables,Debit Card,2,1,4
1001479,Dunzo,Delhi,47,197,5,8.6,11,Dairy,UPI,4,0,3
1001480,Dunzo,Pune,50,759,18,14.2,8,Snacks,Wallet,4,0,3
1001481,Amazon Now,Haridwar,56,50,34,11.1,9,Beverages,Cash on Delivery,3,0,3
1001482,Jio Mart,Chennai,53,295,19,0.8,14,Fruits & Vegetables,UPI,4,0,3
1001483,Swiggy Instamart,Chennai,46,50,13,3.1,16,Personal Care,Debit Card,3,1,3
1001484,Swiggy Instamart,Kolkata,40,463,14,4.3,12,Fruits & Vegetables,Cash on Delivery,5,0,3
1001485,Blinkit,Mumbai,35,618,18,11.1,1,Personal Care,UPI,4,1,3
1001486,Amazon Now,Mumbai,41,237,23,10.9,6,Household,Wallet,4,0,5
1001487,Dunzo,Haridwar,22,809,26,8.8,14,Snacks,Credit Card,2,1,4
1001488,Zepto,Bengluru,53,50,11,8.1,12,Personal Care,UPI,5,0,4
1001489,Big Basket,Noida,52,1034,17,7.9,9,Household,Cash on Delivery,1,1,2
1001490,Amazon Now,Delhi,18,274,8,4.4,15,Snacks,Cash on Delivery,2,0,5
1001491,Blinkit,Chennai,45,1459,17,14.7,19,Dairy,Cash on Delivery,3,0,3
1001492,Zepto,Pune,55,741,6,1.3,12,Dairy,Cash on Delivery,2,0,3
1001493,Flipkart Minutes,Delhi,25,797,5,1.6,8,Fruits & Vegetables,UPI,2,1,4
1001494,Big Basket,Noida,43,393,18,12.4,6,Groceries,Debit Card,2,0,4
1001495,Jio Mart,Chennai,51,199,26,13.0,2,Groceries,Cash on Delivery,2,0,4
1001496,Amazon Now,Bengluru,57,685,19,10.6,6,Household,Debit Card,4,1,4
1001497,Amazon Now,Mumbai,36,182,23,12.3,10,Beverages,Cash on Delivery,4,1,3
1001498,Zepto,Haridwar,30,770,22,10.0,12,Dairy,Cash on Delivery,3,1,4
1001499,Flipkart Minutes,Delhi,57,765,7,9.9,6,Personal Care,UPI,2,0,3
1001500,Swiggy Instamart,Gurgaon,56,649,18,12.9,11,Fruits & Vegetables,Cash on Delivery,3,1,4
1001501,Big Basket,Amritsar,44,432,16,6.0,14,Dairy,Wallet,4,0,4
1001502,Flipkart Minutes,Chennai,48,150,15,8.8,1,Personal Care,Credit Card,1,1,4
1001503,Zepto,Chennai,40,50,10,13.4,10,Groceries,UPI,3,1,3
1001504,Dunzo,Amritsar,26,746,13,10.8,6,Beverages,Debit Card,3,1,4
1001505,Jio Mart,Kolkata,42,569,23,9.0,1,Fruits & Vegetables,UPI,3,1,5
1001506,Jio Mart,Chennai,42,50,18,2.9,19,Dairy,Debit Card,3,1,4
1001507,Big Basket,Jaipur,52,816,24,11.5,9,Personal Care,Cash on Delivery,2,0,5
1001508,Blinkit,Jaipur,21,359,23,13.8,1,Dairy,Wallet,4,0,5
1001509,Zepto,Amritsar,42,67,7,8.0,1,Dairy,Debit Card,2,0,5
1001510,Swiggy Instamart,Gurgaon,56,306,11,4.2,2,Personal Care,Cash on Delivery,5,0,5
1001511,Jio Mart,Haridwar,54,72,39,13.0,5,Household,Debit Card,1,0,4
1001512,Dunzo,Haridwar,45,284,28,10.3,9,Groceries,Wallet,2,0,4
1001513,Amazon Now,Pune,28,668,16,6.9,13,Groceries,Debit Card,3,0,4
1001514,Blinkit,Bengluru,36,120,15,10.2,14,Fruits & Vegetables,Cash on Delivery,5,0,3
1001515,Jio Mart,Noida,30,505,23,10.5,13,Fruits & Vegetables,Wallet,2,0,3
1001516,Jio Mart,Mumbai,55,143,23,3.2,12,Fruits & Vegetables,Wallet,5,0,4
1001517,Flipkart Minutes,Delhi,29,933,8,10.5,18,Dairy,UPI,3,0,5
1001518,Flipkart Minutes,Kolkata,43,268,18,12.5,11,Groceries,Credit Card,3,1,3
1001519,Dunzo,Hyderabad,52,749,16,9.6,7,Snacks,UPI,3,1,4
1001520,Dunzo,Pune,20,50,11,4.3,8,Groceries,Wallet,4,0,4
1001521,Zepto,Pune,25,398,8,4.9,11,Personal Care,UPI,2,0,4
1001522,Blinkit,Haridwar,58,340,26,10.4,6,Dairy,Wallet,4,1,5
1001523,Zepto,Haridwar,29,1174,19,4.2,13,Beverages,Debit Card,5,1,4
1001524,Dunzo,Haridwar,56,579,24,6.2,8,Household,Credit Card,2,0,4
1001525,Jio Mart,Mumbai,18,120,24,9.3,15,Fruits & Vegetables,Cash on Delivery,5,0,3
1001526,Flipkart Minutes,Pune,41,80,16,5.5,16,Beverages,Cash on Delivery,3,0,3
1001527,Amazon Now,Delhi,21,562,11,13.5,10,Beverages,Credit Card,2,0,4
1001528,Zepto,Haridwar,35,50,19,2.9,18,Groceries,Cash on Delivery,3,0,3
1001529,Jio Mart,Delhi,49,516,8,1.4,16,Groceries,Credit Card,3,1,4
1001530,Big Basket,Gurgaon,44,1008,14,0.7,2,Household,Debit Card,4,1,2
1001531,Zepto,Delhi,59,1096,5,2.8,8,Snacks,Cash on Delivery,3,0,3
1001532,Jio Mart,Mumbai,31,270,25,7.1,7,Beverages,Credit Card,1,1,4
1001533,Amazon Now,Delhi,27,93,8,6.6,6,Dairy,Cash on Delivery,2,1,5
1001534,Dunzo,Jaipur,47,532,19,8.2,16,Personal Care,Debit Card,3,1,3
1001535,Jio Mart,Mumbai,23,791,24,6.6,16,Beverages,Cash on Delivery,3,1,4
1001536,Blinkit,Bengluru,39,251,13,6.6,3,Dairy,Wallet,5,1,3
1001537,Flipkart Minutes,Amritsar,44,318,11,2.3,8,Dairy,Cash on Delivery,5,0,4
1001538,Blinkit,Gurgaon,26,1460,18,12.6,19,Groceries,Wallet,3,0,5
1001539,Swiggy Instamart,Chennai,19,927,17,11.8,12,Fruits & Vegetables,Cash on Delivery,3,1,4
1001540,Jio Mart,Hyderabad,30,566,22,4.6,15,Fruits & Vegetables,Debit Card,2,0,4
1001541,Flipkart Minutes,Chennai,28,746,15,3.0,16,Personal Care,Credit Card,2,0,3
1001542,Dunzo,Hyderabad,31,323,12,4.5,4,Personal Care,Wallet,3,0,5
1001544,Big Basket,Chennai,26,508,15,3.8,9,Fruits & Vegetables,UPI,1,1,3
1001545,Amazon Now,Chennai,18,50,15,4.5,18,Fruits & Vegetables,Wallet,3,1,3
1001546,Zepto,Mumbai,26,139,12,9.0,4,Dairy,Wallet,4,0,4
1001547,Blinkit,Bengluru,25,105,19,13.6,6,Personal Care,Credit Card,4,1,3
1001548,Swiggy Instamart,Pune,43,82,16,9.9,13,Personal Care,Credit Card,3,0,3
1001550,Jio Mart,Kolkata,34,400,16,0.6,9,Household,Wallet,4,0,5
1001551,Dunzo,Pune,45,274,17,11.5,8,Personal Care,Wallet,1,1,5
1001552,Dunzo,Kolkata,47,50,12,5.6,2,Groceries,Wallet,3,0,4
1001553,Dunzo,Noida,19,50,16,11.4,15,Beverages,UPI,1,1,4
1001554,Big Basket,Kolkata,37,595,15,4.5,3,Beverages,Wallet,4,0,4
1001555,Big Basket,Kolkata,31,50,18,8.5,6,Dairy,Wallet,3,0,5
1001556,Swiggy Instamart,Mumbai,59,544,23,14.3,4,Fruits & Vegetables,UPI,5,0,3
1001557,Blinkit,Pune,20,50,17,12.6,13,Snacks,Debit Card,2,0,3
1001558,Blinkit,Noida,46,779,12,2.6,3,Dairy,Wallet,3,0,4
1001559,Blinkit,Delhi,53,539,6,9.1,12,Household,UPI,2,0,5
1001560,Dunzo,Bengluru,33,461,15,9.2,7,Fruits & Vegetables,Debit Card,4,0,3
1001561,Jio Mart,Bengluru,56,50,29,14.3,4,Groceries,Credit Card,3,0,4
1001562,Dunzo,Kolkata,29,985,12,3.5,16,Beverages,Credit Card,4,0,5
1001563,Flipkart Minutes,Haridwar,30,664,28,6.6,12,Dairy,Debit Card,4,0,3
1001564,Flipkart Minutes,Noida,29,951,13,2.4,4,Fruits & Vegetables,UPI,1,1,3
1001565,Dunzo,Hyderabad,29,318,10,5.5,17,Snacks,Cash on Delivery,2,0,3
1001566,Dunzo,Delhi,52,338,5,10.3,5,Snacks,Credit Card,2,0,3
1001567,Blinkit,Chennai,32,172,9,1.3,7,Household,Credit Card,4,0,4
1001568,Flipkart Minutes,Bengluru,52,243,18,12.4,18,Household,Credit Card,3,0,3
1001569,Jio Mart,Gurgaon,21,1398,20,2.4,15,Groceries,Credit Card,4,1,4
1001570,Dunzo,Delhi,56,1186,5,6.4,7,Fruits & Vegetables,Credit Card,3,1,3
1001571,Swiggy Instamart,Jaipur,22,644,17,2.3,11,Beverages,Credit Card,5,1,4
1001572,Jio Mart,Delhi,51,332,13,11.7,19,Household,Cash on Delivery,4,0,3
1001573,Zepto,Kolkata,53,905,8,4.7,9,Personal Care,Credit Card,4,1,3
1001574,Swiggy Instamart,Pune,52,281,14,3.7,4,Beverages,Credit Card,3,0,3
1001575,Zepto,Chennai,28,568,8,4.7,18,Snacks,UPI,3,0,5
1001576,Zepto,Chennai,32,988,5,2.2,9,Dairy,Wallet,5,1,4
1001577,Flipkart Minutes,Kolkata,18,736,20,14.7,19,Fruits & Vegetables,Wallet,3,1,3
1001578,Zepto,Amritsar,28,703,11,10.0,19,Dairy,Cash on Delivery,5,0,5
1001579,Zepto,Mumbai,21,1017,10,6.6,13,Fruits & Vegetables,Credit Card,5,1,3
1001580,Dunzo,Kolkata,33,1019,13,7.7,3,Personal Care,UPI,1,0,4
1001581,Dunzo,Hyderabad,41,196,17,12.7,6,Groceries,Cash on Delivery,1,1,5
1001582,Dunzo,Mumbai,38,50,12,3.6,16,Fruits & Vegetables,Debit Card,4,1,5
1001583,Big Basket,Hyderabad,35,279,13,4.0,6,Groceries,Cash on Delivery,3,0,3
1001584,Zepto,Bengluru,51,1040,9,4.6,16,Snacks,Wallet,4,1,4
1001585,Big Basket,Pune,44,278,18,8.8,4,Beverages,Debit Card,2,1,4
1001586,Flipkart Minutes,Gurgaon,23,523,16,7.9,4,Groceries,Cash on Delivery,4,0,4
1001587,Swiggy Instamart,Gurgaon,34,50,15,5.4,1,Household,Credit Card,5,1,4
1001588,Amazon Now,Mumbai,53,783,18,3.4,5,Household,Wallet,4,1,4
1001589,Blinkit,Mumbai,57,959,20,13.6,3,Personal Care,Cash on Delivery,4,1,3
1001590,Big Basket,Kolkata,58,650,16,8.6,10,Personal Care,Cash on Delivery,3,0,4
1001591,Dunzo,Pune,50,488,11,4.3,10,Snacks,Credit Card,3,0,3
1001592,Flipkart Minutes,Bengluru,57,480,20,9.4,19,Household,Credit Card,4,0,5
1001593,Big Basket,Hyderabad,27,673,14,5.4,19,Beverages,Credit Card,2,0,3
1001594,Blinkit,Noida,24,652,12,3.9,16,Snacks,Wallet,2,0,4
1001596,Jio Mart,Delhi,57,1063,12,7.5,14,Fruits & Vegetables,Debit Card,1,1,3
1001597,Dunzo,Kolkata,31,819,17,13.8,10,Snacks,UPI,2,1,3
1001598,Big Basket,Chennai,18,876,19,10.5,13,Dairy,Wallet,3,0,3
1001599,Amazon Now,Mumbai,31,530,18,5.1,16,Snacks,Wallet,5,0,4
1001600,Zepto,Haridwar,33,375,23,14.2,12,Beverages,Cash on Delivery,4,1,4
1001601,Zepto,Bengluru,42,1128,6,0.8,5,Groceries,Cash on Delivery,2,1,4
1001602,Jio Mart,Kolkata,25,636,25,10.0,13,Beverages,Cash on Delivery,3,1,4
1001603,Jio Mart,Amritsar,20,570,22,8.2,3,Beverages,Credit Card,2,1,4
1001604,Amazon Now,Hyderabad,52,980,16,6.1,10,Fruits & Vegetables,Wallet,3,0,3
1001605,Big Basket,Noida,48,766,16,4.6,10,Fruits & Vegetables,Cash on Delivery,2,0,3
1001606,Flipkart Minutes,Haridwar,46,269,25,1.2,10,Groceries,Debit Card,3,0,4
1001607,Big Basket,Gurgaon,26,364,19,12.7,3,Personal Care,Credit Card,4,0,3
1001608,Jio Mart,Delhi,46,293,13,8.8,9,Dairy,Wallet,3,0,4
1001610,Amazon Now,Hyderabad,50,611,17,6.8,8,Fruits & Vegetables,Cash on Delivery,2,1,3
1001611,Amazon Now,Amritsar,25,392,19,7.8,17,Beverages,Wallet,4,0,3
1001612,Jio Mart,Hyderabad,29,425,25,12.4,19,Fruits & Vegetables,UPI,2,1,5
1001613,Amazon Now,Kolkata,32,384,21,12.6,3,Snacks,Debit Card,4,0,4
1001614,Amazon Now,Jaipur,24,1491,22,4.0,18,Household,Wallet,3,1,4
1001616,Blinkit,Bengluru,56,1161,17,12.6,2,Fruits & Vegetables,UPI,2,1,3
1001617,Big Basket,Bengluru,49,596,16,1.9,2,Beverages,Credit Card,2,0,4
1001618,Flipkart Minutes,Haridwar,41,1084,30,13.6,1,Snacks,Credit Card,4,1,4
1001619,Big Basket,Pune,25,909,13,2.1,16,Fruits & Vegetables,Cash on Delivery,1,0,4
1001620,Flipkart Minutes,Jaipur,22,50,22,11.3,12,Household,Cash on Delivery,3,1,5
1001621,Zepto,Chennai,41,898,5,4.0,5,Personal Care,Wallet,3,1,3
1001622,Amazon Now,Bengluru,49,591,17,6.9,1,Groceries,Credit Card,3,0,3
1001623,Zepto,Gurgaon,18,901,5,4.3,19,Beverages,Debit Card,4,0,3
1001624,Blinkit,Amritsar,39,65,14,9.1,6,Beverages,Cash on Delivery,5,0,4
1001625,Big Basket,Mumbai,42,129,16,1.2,14,Snacks,UPI,5,0,3
1001626,Big Basket,Delhi,26,843,5,5.9,19,Beverages,UPI,4,1,3
1001627,Jio Mart,Noida,47,807,25,14.1,15,Groceries,Credit Card,2,0,4
1001628,Blinkit,Hyderabad,42,765,15,11.4,16,Fruits & Vegetables,UPI,2,1,4
1001629,Swiggy Instamart,Kolkata,35,125,13,5.6,9,Groceries,UPI,3,0,4
1001630,Dunzo,Haridwar,50,351,27,12.1,2,Dairy,UPI,1,0,3
1001631,Amazon Now,Amritsar,40,585,18,8.3,7,Personal Care,UPI,4,0,3
1001632,Big Basket,Mumbai,51,229,20,10.6,4,Snacks,Credit Card,4,0,4
1001633,Big Basket,Delhi,30,154,7,9.2,8,Personal Care,Cash on Delivery,3,0,4
1001634,Dunzo,Mumbai,49,180,16,6.6,17,Household,Cash on Delivery,3,0,3
1001635,Flipkart Minutes,Gurgaon,58,831,18,12.3,15,Beverages,UPI,3,0,4
1001636,Amazon Now,Pune,42,513,23,14.7,1,Dairy,Wallet,4,0,4
1001637,Amazon Now,Kolkata,54,50,19,7.4,19,Household,Cash on Delivery,2,1,4
1001638,Amazon Now,Hyderabad,34,605,24,14.6,12,Personal Care,Credit Card,4,0,4
1001639,Amazon Now,Haridwar,27,224,30,7.4,17,Groceries,Debit Card,3,1,4
1001640,Blinkit,Jaipur,39,523,13,0.8,4,Groceries,Cash on Delivery,5,0,4
1001641,Blinkit,Mumbai,54,80,18,10.2,17,Dairy,UPI,3,1,4
1001642,Blinkit,Noida,39,718,14,5.8,16,Snacks,Wallet,5,0,3
1001643,Swiggy Instamart,Delhi,51,50,10,13.3,17,Snacks,Wallet,3,1,4
1001644,Big Basket,Haridwar,54,224,32,9.3,4,Beverages,UPI,3,0,3
1001645,Big Basket,Haridwar,40,143,31,12.1,6,Groceries,Cash on Delivery,4,0,5
1001646,Swiggy Instamart,Kolkata,32,400,19,14.2,8,Personal Care,Debit Card,3,0,3
1001647,Big Basket,Delhi,35,477,5,2.3,18,Household,Wallet,2,0,3
1001648,Big Basket,Jaipur,37,192,24,11.3,18,Personal Care,Debit Card,4,1,5
1001649,Big Basket,Hyderabad,26,703,16,5.1,14,Dairy,Credit Card,2,0,4
1001650,Flipkart Minutes,Chennai,18,50,19,9.8,15,Beverages,Debit Card,2,1,5
1001651,Amazon Now,Hyderabad,35,1181,13,1.8,17,Beverages,Debit Card,2,0,3
1001652,Jio Mart,Haridwar,58,365,31,1.0,8,Groceries,Wallet,3,0,4
1001653,Zepto,Haridwar,32,50,17,4.3,5,Fruits & Vegetables,UPI,4,0,4
1001654,Swiggy Instamart,Kolkata,25,275,13,5.5,5,Beverages,Credit Card,4,0,4
1001655,Big Basket,Amritsar,35,519,17,10.3,19,Fruits & Vegetables,Credit Card,4,0,4
1001657,Zepto,Gurgaon,52,1825,12,13.1,10,Personal Care,Credit Card,4,1,3
1001658,Swiggy Instamart,Haridwar,19,1071,28,8.6,15,Personal Care,UPI,5,1,4
1001659,Dunzo,Bengluru,34,1411,12,4.9,18,Fruits & Vegetables,Credit Card,2,1,4
1001660,Swiggy Instamart,Noida,43,568,16,7.1,19,Groceries,UPI,5,0,4
1001661,Blinkit,Kolkata,34,227,16,10.9,7,Groceries,UPI,5,1,4
1001662,Amazon Now,Pune,47,383,16,6.5,13,Personal Care,UPI,1,1,4
1001663,Dunzo,Amritsar,56,50,15,7.8,9,Beverages,Credit Card,3,1,4
1001664,Jio Mart,Jaipur,32,343,22,0.6,10,Beverages,Debit Card,4,1,3
1001665,Amazon Now,Haridwar,22,824,34,11.5,5,Dairy,Debit Card,4,1,4
1001666,Dunzo,Chennai,58,980,13,8.0,16,Dairy,Wallet,3,1,4
1001667,Swiggy Instamart,Pune,22,678,17,10.5,2,Groceries,Credit Card,2,1,4
1001668,Flipkart Minutes,Gurgaon,26,1111,15,5.8,17,Groceries,Wallet,2,1,4
1001669,Big Basket,Noida,33,521,18,9.0,18,Beverages,Debit Card,5,0,3
1001670,Flipkart Minutes,Bengluru,18,1132,19,13.4,17,Household,Debit Card,5,1,4
1001671,Dunzo,Amritsar,47,687,12,6.6,2,Household,Cash on Delivery,3,1,4
1001673,Dunzo,Mumbai,19,83,13,4.3,7,Personal Care,Wallet,4,0,3
1001674,Dunzo,Pune,21,602,11,5.9,3,Snacks,Wallet,2,1,3
1001675,Big Basket,Haridwar,35,694,31,8.2,7,Groceries,Wallet,5,0,3
1001676,Zepto,Haridwar,23,901,19,4.0,17,Personal Care,Debit Card,1,1,4
1001677,Dunzo,Jaipur,35,125,19,9.5,16,Dairy,Credit Card,3,0,3
1001678,Big Basket,Amritsar,31,868,14,0.5,5,Beverages,UPI,3,0,4
1001679,Big Basket,Noida,31,538,18,7.6,5,Groceries,Credit Card,3,0,3
1001680,Big Basket,Jaipur,31,954,19,2.0,15,Dairy,Wallet,2,1,5
1001683,Jio Mart,Mumbai,38,698,29,14.7,4,Beverages,UPI,1,0,3
1001684,Zepto,Hyderabad,30,193,10,8.9,14,Beverages,Cash on Delivery,2,1,3
1001685,Zepto,Delhi,53,632,5,5.4,15,Personal Care,Wallet,3,0,5
1001686,Swiggy Instamart,Delhi,30,1247,5,9.9,14,Fruits & Vegetables,Credit Card,3,1,4
1001687,Flipkart Minutes,Delhi,45,50,6,5.8,5,Fruits & Vegetables,Credit Card,4,0,4
1001688,Flipkart Minutes,Delhi,18,1461,10,14.0,4,Household,UPI,3,1,4
1001690,Dunzo,Jaipur,57,1054,15,4.3,9,Groceries,UPI,2,0,4
1001691,Jio Mart,Bengluru,48,349,22,7.2,2,Dairy,Cash on Delivery,4,1,4
1001692,Flipkart Minutes,Delhi,23,201,5,1.0,19,Fruits & Vegetables,UPI,5,0,3
1001693,Jio Mart,Gurgaon,50,527,24,13.9,1,Fruits & Vegetables,Wallet,2,0,3
1001694,Blinkit,Pune,20,248,13,6.0,2,Groceries,Credit Card,5,1,3
1001695,Flipkart Minutes,Amritsar,29,1112,12,1.3,2,Dairy,Wallet,2,1,3
1001696,Blinkit,Amritsar,48,84,17,13.1,14,Household,Wallet,4,1,4
1001697,Flipkart Minutes,Hyderabad,23,496,15,6.2,5,Personal Care,Credit Card,2,0,5
1001698,Big Basket,Jaipur,42,1024,20,4.2,13,Dairy,UPI,2,1,4
1001699,Dunzo,Jaipur,35,204,23,12.8,12,Groceries,Debit Card,3,1,3
1001700,Flipkart Minutes,Gurgaon,35,1484,17,9.2,9,Groceries,UPI,1,1,5
1001701,Zepto,Amritsar,39,544,9,12.0,4,Snacks,Wallet,3,0,3
1001702,Jio Mart,Mumbai,32,495,24,5.5,7,Snacks,Wallet,4,0,3
1001703,Flipkart Minutes,Delhi,52,820,6,5.7,3,Dairy,Wallet,5,1,4
1001704,Zepto,Mumbai,20,989,5,1.2,6,Dairy,UPI,4,1,4
1001705,Amazon Now,Pune,33,740,15,2.3,13,Beverages,Credit Card,4,1,3
1001706,Amazon Now,Kolkata,54,428,14,0.7,8,Beverages,Cash on Delivery,2,0,4
1001707,Jio Mart,Mumbai,41,652,26,8.7,17,Personal Care,UPI,2,1,4
1001708,Big Basket,Pune,43,50,20,11.4,10,Personal Care,Credit Card,5,0,4
1001709,Dunzo,Mumbai,31,104,18,12.8,1,Dairy,Credit Card,4,0,4
1001711,Big Basket,Haridwar,37,1295,29,5.5,1,Household,Wallet,5,1,3
1001712,Zepto,Noida,28,1588,11,12.9,19,Household,UPI,3,1,3
1001713,Big Basket,Gurgaon,46,496,12,1.6,19,Fruits & Vegetables,Debit Card,4,1,3
1001714,Flipkart Minutes,Hyderabad,24,120,13,4.7,1,Groceries,Debit Card,3,0,5
1001715,Jio Mart,Hyderabad,57,336,17,1.1,17,Groceries,Debit Card,1,1,4
1001716,Flipkart Minutes,Kolkata,22,791,14,7.0,7,Dairy,UPI,4,1,3
1001717,Dunzo,Mumbai,21,622,11,0.6,10,Groceries,Debit Card,2,0,4
1001718,Amazon Now,Hyderabad,35,263,19,8.7,11,Snacks,Cash on Delivery,1,0,4
1001720,Amazon Now,Pune,36,202,18,10.0,3,Fruits & Vegetables,Debit Card,5,0,4
1001721,Flipkart Minutes,Hyderabad,30,63,10,0.8,19,Dairy,Wallet,3,0,3
1001722,Swiggy Instamart,Haridwar,57,594,28,6.7,11,Snacks,Debit Card,4,0,5
1001723,Flipkart Minutes,Bengluru,56,926,20,12.5,7,Household,UPI,2,0,4
1001724,Swiggy Instamart,Chennai,35,745,18,14.6,2,Groceries,Debit Card,4,1,2
1001725,Flipkart Minutes,Haridwar,27,317,32,12.2,14,Household,Wallet,3,0,5
1001726,Amazon Now,Gurgaon,59,50,20,8.2,6,Groceries,Wallet,2,0,4
1001727,Dunzo,Chennai,38,435,18,14.2,18,Fruits & Vegetables,UPI,1,1,5
1001728,Amazon Now,Gurgaon,49,50,15,1.9,9,Dairy,Wallet,5,1,4
1001730,Big Basket,Amritsar,54,699,23,14.2,9,Beverages,Credit Card,5,1,3
1001731,Dunzo,Chennai,37,279,12,5.9,3,Snacks,UPI,4,0,4
1001732,Swiggy Instamart,Chennai,47,976,19,13.1,6,Household,Debit Card,2,1,3
1001733,Flipkart Minutes,Pune,44,467,16,4.6,3,Snacks,Debit Card,4,0,3
1001734,Jio Mart,Noida,37,265,19,3.7,12,Fruits & Vegetables,Wallet,4,0,5
1001735,Jio Mart,Hyderabad,28,726,18,2.8,12,Household,Debit Card,1,1,4
1001736,Blinkit,Amritsar,21,800,18,12.5,10,Groceries,Wallet,4,0,4
1001737,Amazon Now,Mumbai,33,412,18,3.5,9,Household,Cash on Delivery,3,0,4
1001738,Dunzo,Haridwar,49,728,24,7.4,4,Personal Care,Wallet,1,1,3
1001739,Zepto,Mumbai,52,50,14,14.4,17,Dairy,Wallet,4,1,4
1001740,Jio Mart,Mumbai,25,1054,20,0.7,8,Snacks,Cash on Delivery,4,1,3
1001741,Blinkit,Noida,23,717,17,14.8,11,Groceries,UPI,4,1,3
1001742,Big Basket,Delhi,20,427,8,12.5,2,Dairy,Cash on Delivery,3,0,4
1001743,Big Basket,Amritsar,45,528,18,8.0,17,Beverages,UPI,1,1,4
1001744,Big Basket,Bengluru,22,1000,20,7.6,19,Groceries,Cash on Delivery,2,0,4
1001745,Jio Mart,Chennai,54,350,23,10.1,11,Dairy,Credit Card,4,1,3
1001746,Big Basket,Jaipur,56,1228,26,12.8,12,Snacks,Debit Card,4,1,3
1001747,Amazon Now,Hyderabad,51,750,16,5.7,15,Snacks,Debit Card,1,0,3
1001748,Blinkit,Amritsar,45,1057,13,5.6,4,Dairy,Debit Card,5,1,4
1001750,Big Basket,Haridwar,21,411,32,9.5,16,Fruits & Vegetables,Credit Card,4,0,4
1001751,Jio Mart,Bengluru,44,168,20,3.6,7,Groceries,Debit Card,5,1,5
1001752,Flipkart Minutes,Hyderabad,23,392,18,12.4,2,Household,Debit Card,1,0,4
1001753,Zepto,Delhi,48,922,5,5.0,6,Household,Cash on Delivery,4,1,5
1001754,Swiggy Instamart,Hyderabad,27,1484,15,7.8,11,Fruits & Vegetables,UPI,3,1,4
1001755,Dunzo,Haridwar,29,50,25,9.6,17,Dairy,Wallet,1,0,4
1001756,Flipkart Minutes,Hyderabad,20,811,11,1.6,3,Groceries,UPI,4,1,4
1001758,Jio Mart,Jaipur,23,326,22,1.4,5,Snacks,UPI,1,0,3
1001759,Dunzo,Amritsar,20,803,13,10.5,12,Groceries,Debit Card,1,0,5
1001760,Blinkit,Jaipur,54,698,22,10.6,1,Fruits & Vegetables,Credit Card,3,1,4
1001761,Swiggy Instamart,Amritsar,29,365,18,12.9,3,Beverages,Cash on Delivery,3,0,3
1001762,Zepto,Bengluru,25,355,9,6.6,9,Beverages,Wallet,4,1,3
1001763,Swiggy Instamart,Delhi,30,486,5,5.6,1,Household,Credit Card,3,0,4
1001764,Flipkart Minutes,Gurgaon,53,502,16,4.7,9,Household,UPI,2,1,4
1001765,Amazon Now,Kolkata,57,878,22,12.3,7,Dairy,Cash on Delivery,4,0,3
1001767,Blinkit,Mumbai,23,50,12,0.9,12,Household,Cash on Delivery,4,0,5
1001768,Blinkit,Amritsar,56,571,19,13.0,10,Household,Wallet,4,0,5
1001769,Blinkit,Jaipur,51,1056,23,14.4,14,Dairy,Credit Card,5,1,4
1001770,Flipkart Minutes,Jaipur,46,797,17,1.2,19,Beverages,Wallet,5,1,5
1001771,Zepto,Haridwar,30,506,24,12.5,10,Dairy,Debit Card,4,1,4
1001772,Jio Mart,Mumbai,32,514,26,13.0,9,Beverages,Wallet,3,0,3
1001773,Flipkart Minutes,Amritsar,50,577,17,10.9,19,Fruits & Vegetables,Debit Card,5,0,5
1001774,Flipkart Minutes,Jaipur,57,729,16,1.9,19,Beverages,Wallet,2,1,5
1001775,Big Basket,Gurgaon,45,399,20,12.9,6,Beverages,Cash on Delivery,4,0,5
1001776,Swiggy Instamart,Pune,58,826,18,12.0,7,Beverages,Wallet,3,0,4
1001777,Zepto,Jaipur,40,566,16,10.2,3,Fruits & Vegetables,Wallet,3,0,3
1001778,Swiggy Instamart,Kolkata,55,654,18,13.2,8,Dairy,Wallet,3,0,3
1001779,Dunzo,Bengluru,44,184,11,1.0,9,Household,Cash on Delivery,2,0,3
1001780,Jio Mart,Hyderabad,49,50,20,6.5,5,Personal Care,Cash on Delivery,1,0,4
1001781,Jio Mart,Gurgaon,51,586,21,8.0,13,Household,Cash on Delivery,2,1,3
1001782,Dunzo,Gurgaon,31,138,17,13.7,1,Household,Debit Card,4,0,5
1001783,Flipkart Minutes,Pune,19,50,20,11.1,17,Groceries,Credit Card,4,0,4
1001784,Dunzo,Kolkata,44,110,8,2.3,8,Beverages,Wallet,2,0,4
1001785,Blinkit,Jaipur,48,422,16,4.6,12,Groceries,Debit Card,2,0,4
1001786,Dunzo,Chennai,23,338,17,12.3,16,Dairy,UPI,2,1,3
1001787,Zepto,Delhi,37,50,5,10.5,4,Snacks,Debit Card,3,1,3
1001788,Big Basket,Delhi,24,604,9,10.4,4,Fruits & Vegetables,Cash on Delivery,5,0,4
1001789,Big Basket,Mumbai,54,705,20,9.0,9,Groceries,Cash on Delivery,5,0,5
1001790,Amazon Now,Gurgaon,21,1169,17,6.6,17,Personal Care,Wallet,3,1,4
1001791,Amazon Now,Noida,39,409,19,6.6,17,Beverages,Cash on Delivery,4,0,4
1001792,Amazon Now,Amritsar,26,572,15,1.5,4,Fruits & Vegetables,Debit Card,3,0,4
1001793,Swiggy Instamart,Haridwar,47,403,24,4.0,6,Dairy,UPI,4,0,3
1001794,Jio Mart,Chennai,52,206,25,12.8,3,Household,Debit Card,3,0,3
1001795,Amazon Now,Chennai,30,210,17,7.7,6,Beverages,UPI,3,0,4
1001796,Swiggy Instamart,Mumbai,56,286,19,11.5,1,Groceries,UPI,4,0,4
1001797,Dunzo,Mumbai,31,205,16,9.0,11,Fruits & Vegetables,Credit Card,1,0,2
1001798,Dunzo,Mumbai,36,1116,17,8.7,8,Groceries,Debit Card,4,1,4
1001799,Blinkit,Pune,33,1301,17,13.1,11,Household,Credit Card,4,0,3
1001800,Blinkit,Bengluru,20,296,19,13.6,16,Dairy,Wallet,4,1,3
1001801,Big Basket,Amritsar,38,64,19,9.2,14,Groceries,Credit Card,4,1,3
1001802,Flipkart Minutes,Mumbai,41,864,20,12.2,10,Dairy,Credit Card,4,1,3
1001803,Dunzo,Noida,31,423,9,0.5,14,Snacks,UPI,4,0,4
1001804,Dunzo,Chennai,42,390,16,9.9,3,Snacks,Credit Card,4,0,4
1001805,Amazon Now,Gurgaon,30,528,21,11.5,17,Personal Care,Credit Card,2,0,3
1001806,Amazon Now,Pune,30,896,16,5.2,13,Dairy,Wallet,3,0,4
1001807,Blinkit,Bengluru,45,769,20,13.4,15,Beverages,UPI,4,0,4
1001808,Jio Mart,Delhi,33,629,12,8.8,4,Household,Cash on Delivery,1,1,3
1001809,Flipkart Minutes,Gurgaon,47,865,13,1.4,8,Fruits & Vegetables,Wallet,1,1,5
1001810,Big Basket,Bengluru,32,789,15,2.8,17,Household,UPI,5,0,3
1001811,Jio Mart,Kolkata,50,931,19,1.4,2,Dairy,UPI,4,1,3
1001812,Big Basket,Kolkata,49,1518,14,3.1,7,Household,UPI,4,1,3
1001813,Blinkit,Pune,30,50,11,4.3,16,Snacks,UPI,3,1,4
1001814,Swiggy Instamart,Delhi,19,331,8,12.1,17,Snacks,Credit Card,2,0,5
1001815,Blinkit,Delhi,52,730,5,1.0,12,Household,Debit Card,5,0,3
1001816,Dunzo,Mumbai,47,50,16,10.7,3,Household,Cash on Delivery,2,1,3
1001817,Dunzo,Jaipur,26,62,19,10.1,6,Beverages,Wallet,2,0,4
1001818,Amazon Now,Mumbai,30,762,20,10.1,13,Dairy,Cash on Delivery,5,0,3
1001819,Zepto,Haridwar,41,297,19,5.4,7,Household,Cash on Delivery,2,1,5
1001820,Blinkit,Jaipur,55,343,22,10.8,8,Fruits & Vegetables,Cash on Delivery,2,0,4
1001821,Dunzo,Amritsar,31,298,12,7.3,14,Household,Cash on Delivery,2,0,2
1001822,Amazon Now,Gurgaon,54,726,23,12.7,10,Dairy,Cash on Delivery,2,0,4
1001823,Zepto,Jaipur,39,745,13,4.6,15,Snacks,Credit Card,1,0,4
1001825,Dunzo,Jaipur,21,340,22,12.0,3,Snacks,Wallet,2,0,5
1001826,Dunzo,Jaipur,42,547,24,14.8,16,Snacks,Debit Card,3,1,4
1001827,Dunzo,Delhi,26,792,5,9.1,17,Household,Wallet,4,1,3
1001828,Zepto,Gurgaon,48,800,9,6.8,15,Beverages,Cash on Delivery,2,0,5
1001829,Blinkit,Kolkata,48,170,13,5.0,15,Personal Care,Cash on Delivery,5,0,4
1001830,Dunzo,Hyderabad,57,599,10,3.9,8,Groceries,Debit Card,4,0,3
1001831,Amazon Now,Delhi,45,540,5,1.9,12,Snacks,Credit Card,4,0,5
1001832,Dunzo,Jaipur,39,457,24,14.2,4,Snacks,Credit Card,1,1,3
1001833,Amazon Now,Pune,55,676,19,10.8,6,Snacks,UPI,2,1,4
1001834,Blinkit,Bengluru,31,734,13,2.0,2,Groceries,Credit Card,4,0,4
1001835,Zepto,Mumbai,51,926,7,1.7,5,Household,Debit Card,5,0,4
1001836,Dunzo,Noida,49,428,19,14.8,1,Personal Care,Cash on Delivery,1,0,4
1001837,Flipkart Minutes,Haridwar,52,619,33,12.5,15,Groceries,Cash on Delivery,2,1,3
1001838,Jio Mart,Amritsar,37,413,21,3.0,3,Beverages,Wallet,3,0,4
1001839,Amazon Now,Bengluru,45,1070,23,12.5,15,Snacks,Credit Card,5,1,3
1001840,Jio Mart,Delhi,32,488,12,8.3,14,Fruits & Vegetables,Credit Card,3,0,4
1001841,Big Basket,Pune,20,714,15,6.8,18,Snacks,Cash on Delivery,1,0,3
1001842,Zepto,Hyderabad,28,921,13,13.3,13,Personal Care,UPI,1,1,3
1001843,Blinkit,Noida,33,783,18,14.1,15,Beverages,Cash on Delivery,3,0,4
1001844,Zepto,Mumbai,25,773,6,2.0,6,Household,UPI,2,1,4
1001845,Big Basket,Haridwar,21,583,32,10.6,15,Fruits & Vegetables,UPI,4,0,3
1001846,Amazon Now,Pune,47,857,21,10.5,19,Groceries,UPI,1,1,4
1001847,Zepto,Kolkata,33,82,8,7.9,12,Household,Debit Card,3,0,4
1001848,Blinkit,Gurgaon,32,829,14,10.0,7,Household,UPI,3,1,4
1001849,Jio Mart,Amritsar,24,427,25,11.7,5,Personal Care,UPI,1,0,3
1001850,Zepto,Amritsar,53,927,6,2.4,17,Personal Care,Credit Card,2,1,5
1001851,Dunzo,Haridwar,54,1231,29,12.8,3,Groceries,UPI,1,1,5
1001852,Flipkart Minutes,Noida,33,705,18,11.2,5,Groceries,UPI,3,0,3
1001853,Swiggy Instamart,Gurgaon,34,734,19,13.8,17,Fruits & Vegetables,Credit Card,3,1,3
1001854,Swiggy Instamart,Amritsar,35,945,17,12.3,19,Dairy,Credit Card,5,1,4
1001855,Dunzo,Bengluru,23,452,11,1.4,15,Beverages,UPI,2,0,3
1001856,Swiggy Instamart,Bengluru,18,1033,17,12.3,17,Fruits & Vegetables,Cash on Delivery,3,1,4
1001857,Swiggy Instamart,Noida,53,892,18,11.4,7,Snacks,Debit Card,2,0,4
1001858,Flipkart Minutes,Pune,31,843,16,9.0,19,Household,Debit Card,2,1,3
1001859,Jio Mart,Bengluru,49,468,20,3.8,19,Groceries,Credit Card,4,0,5
1001860,Dunzo,Gurgaon,41,547,17,14.9,7,Personal Care,Cash on Delivery,1,1,5
1001861,Amazon Now,Amritsar,50,902,17,7.4,5,Household,Wallet,4,0,4
1001862,Amazon Now,Bengluru,57,363,18,7.4,19,Personal Care,Cash on Delivery,5,1,4
1001863,Flipkart Minutes,Pune,30,524,11,2.2,17,Household,Wallet,1,1,4
1001864,Big Basket,Mumbai,52,951,20,10.4,6,Fruits & Vegetables,Debit Card,2,1,4
1001865,Big Basket,Hyderabad,27,983,18,9.3,14,Beverages,UPI,3,0,4
1001866,Dunzo,Hyderabad,32,288,16,9.8,18,Fruits & Vegetables,UPI,1,0,4
1001867,Dunzo,Jaipur,31,929,18,7.6,19,Personal Care,Debit Card,2,1,4
1001869,Flipkart Minutes,Bengluru,26,1029,19,13.7,6,Fruits & Vegetables,Debit Card,4,1,2
1001870,Zepto,Amritsar,47,322,5,3.8,9,Groceries,Debit Card,3,0,4
1001871,Dunzo,Noida,43,251,9,1.0,13,Groceries,Wallet,3,0,3
1001872,Jio Mart,Pune,42,406,19,3.7,1,Snacks,Debit Card,2,1,4
1001873,Amazon Now,Kolkata,48,389,14,2.3,19,Snacks,Debit Card,4,0,4
1001874,Flipkart Minutes,Noida,57,749,14,1.8,17,Personal Care,UPI,3,0,4
1001875,Amazon Now,Jaipur,22,62,22,2.7,3,Groceries,Cash on Delivery,4,1,3
1001876,Swiggy Instamart,Noida,39,659,19,13.1,13,Dairy,Credit Card,2,0,4
1001877,Blinkit,Chennai,35,182,9,2.5,8,Personal Care,UPI,3,1,3
1001878,Flipkart Minutes,Haridwar,57,670,28,5.4,6,Household,Credit Card,4,1,2
1001879,Flipkart Minutes,Jaipur,19,50,17,4.2,14,Beverages,Wallet,4,0,4
1001880,Swiggy Instamart,Amritsar,19,103,14,5.5,6,Groceries,Wallet,4,0,3
1001881,Swiggy Instamart,Noida,47,50,15,7.1,9,Dairy,Cash on Delivery,5,1,3
1001882,Big Basket,Delhi,57,201,8,12.3,17,Dairy,Credit Card,3,1,3
1001884,Zepto,Haridwar,38,422,23,11.6,1,Fruits & Vegetables,Wallet,5,0,4
1001885,Amazon Now,Bengluru,58,114,20,7.9,8,Beverages,Cash on Delivery,3,0,4
1001886,Blinkit,Delhi,56,670,5,4.3,1,Fruits & Vegetables,UPI,4,1,3
1001887,Jio Mart,Mumbai,59,268,21,3.7,4,Groceries,Cash on Delivery,5,0,3
1001888,Jio Mart,Noida,34,555,21,2.7,14,Household,Credit Card,3,1,3
1001889,Amazon Now,Gurgaon,55,1166,22,13.5,7,Household,UPI,2,1,4
1001890,Amazon Now,Hyderabad,49,1440,13,0.8,19,Personal Care,UPI,2,1,4
1001891,Jio Mart,Hyderabad,57,296,26,11.0,17,Groceries,Wallet,1,0,4
1001892,Big Basket,Amritsar,27,50,20,10.1,14,Fruits & Vegetables,Cash on Delivery,3,0,3
1001893,Swiggy Instamart,Delhi,27,339,10,14.2,19,Household,Debit Card,2,1,3
1001894,Blinkit,Mumbai,18,579,11,1.1,16,Groceries,Cash on Delivery,5,0,3
1001895,Big Basket,Jaipur,27,1055,25,12.8,2,Beverages,Debit Card,4,1,3
1001896,Dunzo,Bengluru,20,639,11,5.7,17,Snacks,Debit Card,3,0,3
1001897,Swiggy Instamart,Amritsar,22,98,11,3.2,3,Groceries,Credit Card,4,0,3
1001898,Zepto,Bengluru,28,1820,11,9.1,12,Fruits & Vegetables,UPI,4,1,4
1001899,Jio Mart,Pune,38,419,22,7.7,7,Groceries,Credit Card,1,0,3
1001900,Dunzo,Jaipur,28,50,16,5.9,1,Snacks,Cash on Delivery,2,1,4
1001901,Jio Mart,Chennai,21,468,20,2.2,15,Dairy,Credit Card,4,1,4
1001902,Zepto,Hyderabad,19,1479,11,14.6,9,Dairy,UPI,2,1,3
1001903,Dunzo,Haridwar,35,490,23,1.2,16,Groceries,Cash on Delivery,1,0,4
1001904,Big Basket,Noida,40,917,14,2.4,4,Snacks,Cash on Delivery,2,1,4
1001905,Big Basket,Haridwar,25,202,23,0.7,13,Groceries,Credit Card,1,0,3
1001907,Jio Mart,Chennai,57,988,20,7.2,10,Groceries,Credit Card,4,1,4
1001908,Blinkit,Gurgaon,29,231,18,13.4,16,Household,Credit Card,5,0,4
1001909,Flipkart Minutes,Noida,32,870,14,2.0,6,Fruits & Vegetables,UPI,3,0,3
1001910,Jio Mart,Pune,46,1164,23,11.2,16,Snacks,UPI,4,0,4
1001911,Flipkart Minutes,Bengluru,31,942,16,4.1,10,Beverages,UPI,5,0,4
1001912,Zepto,Hyderabad,26,491,13,14.8,14,Fruits & Vegetables,Cash on Delivery,4,0,3
1001913,Big Basket,Kolkata,33,633,18,7.8,1,Dairy,Credit Card,3,0,3
1001914,Big Basket,Kolkata,33,61,15,2.4,12,Fruits & Vegetables,Wallet,3,0,5
1001915,Flipkart Minutes,Pune,52,467,14,3.3,2,Groceries,Credit Card,5,1,5
1001916,Blinkit,Mumbai,47,50,16,10.4,14,Dairy,Wallet,2,0,4
1001917,Zepto,Amritsar,18,50,5,2.0,5,Fruits & Vegetables,Wallet,2,0,4
1001918,Swiggy Instamart,Noida,36,804,17,10.6,8,Groceries,Wallet,2,0,4
1001919,Swiggy Instamart,Amritsar,26,50,19,12.8,15,Fruits & Vegetables,Wallet,3,0,4
1001920,Blinkit,Pune,57,1302,17,14.3,7,Dairy,Wallet,5,1,3
1001921,Blinkit,Kolkata,49,289,15,9.2,3,Fruits & Vegetables,Cash on Delivery,2,0,5
1001922,Big Basket,Pune,20,895,19,10.1,13,Groceries,UPI,3,0,4
1001924,Swiggy Instamart,Bengluru,44,349,17,6.9,2,Snacks,Debit Card,4,1,3
1001926,Big Basket,Noida,42,50,14,3.0,10,Groceries,Wallet,3,1,3
1001927,Jio Mart,Bengluru,32,740,20,2.4,1,Fruits & Vegetables,Credit Card,1,1,5
1001928,Dunzo,Amritsar,30,89,9,1.1,7,Beverages,Debit Card,1,0,3
1001929,Jio Mart,Bengluru,20,395,23,6.5,5,Groceries,UPI,3,0,3
1001930,Flipkart Minutes,Kolkata,28,256,14,5.8,2,Groceries,Cash on Delivery,4,0,4
1001931,Zepto,Pune,38,634,5,2.5,19,Fruits & Vegetables,Cash on Delivery,4,1,4
1001932,Big Basket,Amritsar,43,276,20,12.9,16,Dairy,Debit Card,2,0,4
1001933,Big Basket,Delhi,49,410,10,13.4,7,Personal Care,Credit Card,2,1,3
1001934,Zepto,Hyderabad,48,199,6,1.9,13,Fruits & Vegetables,Credit Card,2,0,4
1001935,Zepto,Gurgaon,59,1311,10,13.6,17,Snacks,Debit Card,5,0,3
1001936,Zepto,Mumbai,29,605,8,2.7,1,Beverages,Credit Card,2,1,4
1001937,Blinkit,Mumbai,22,50,21,14.6,6,Beverages,UPI,5,1,3
1001938,Big Basket,Chennai,21,803,15,2.3,14,Personal Care,UPI,5,0,5
1001939,Blinkit,Noida,41,235,13,8.4,13,Groceries,Credit Card,2,0,4
1001940,Zepto,Pune,57,1194,7,4.0,2,Fruits & Vegetables,Debit Card,2,1,4
1001941,Blinkit,Pune,18,158,15,6.9,14,Household,Cash on Delivery,3,0,4
1001942,Swiggy Instamart,Delhi,56,50,5,1.9,12,Personal Care,Credit Card,2,0,4
1001943,Swiggy Instamart,Bengluru,28,557,11,2.2,2,Beverages,Cash on Delivery,4,1,3
1001944,Big Basket,Hyderabad,28,688,15,4.6,17,Personal Care,Debit Card,3,0,3
1001945,Zepto,Kolkata,52,1192,6,7.5,5,Beverages,Cash on Delivery,5,1,4
1001946,Zepto,Gurgaon,49,1930,6,4.9,16,Personal Care,Cash on Delivery,3,1,3
1001947,Zepto,Bengluru,22,636,11,9.8,19,Beverages,Wallet,4,1,4
1001948,Zepto,Pune,29,1187,5,1.6,11,Snacks,UPI,3,1,3
1001949,Swiggy Instamart,Jaipur,36,261,23,10.6,18,Beverages,Credit Card,3,1,4
1001951,Big Basket,Delhi,59,238,10,14.1,19,Fruits & Vegetables,Credit Card,1,0,4
1001952,Dunzo,Pune,37,542,17,13.2,11,Personal Care,Cash on Delivery,2,1,4
1001953,Jio Mart,Haridwar,24,359,35,9.1,10,Fruits & Vegetables,Wallet,4,1,4
1001954,Jio Mart,Mumbai,47,520,25,6.6,3,Beverages,Cash on Delivery,1,0,4
1001955,Blinkit,Pune,23,540,10,1.3,4,Fruits & Vegetables,UPI,2,0,4
1001956,Jio Mart,Noida,55,487,24,13.0,16,Personal Care,Credit Card,3,0,5
1001957,Big Basket,Jaipur,45,455,18,1.6,12,Fruits & Vegetables,Cash on Delivery,3,0,4
1001958,Zepto,Amritsar,37,50,8,10.8,5,Beverages,Wallet,4,0,3
1001959,Zepto,Pune,40,993,7,4.0,13,Household,Wallet,4,0,4
1001960,Big Basket,Amritsar,37,577,13,3.4,17,Household,UPI,2,0,4
1001961,Blinkit,Bengluru,50,385,18,12.5,7,Fruits & Vegetables,UPI,2,0,3
1001962,Amazon Now,Jaipur,38,602,25,7.8,4,Beverages,Credit Card,5,1,4
1001963,Swiggy Instamart,Delhi,47,382,5,5.2,18,Fruits & Vegetables,Cash on Delivery,3,0,5
1001964,Zepto,Hyderabad,50,564,10,13.2,19,Beverages,Wallet,4,1,3
1001965,Zepto,Chennai,41,376,6,4.1,4,Groceries,Debit Card,4,0,3
1001966,Amazon Now,Jaipur,56,96,19,3.7,7,Household,Credit Card,2,0,5
1001967,Swiggy Instamart,Delhi,54,1750,10,13.4,2,Household,UPI,5,1,4
1001968,Flipkart Minutes,Pune,54,385,12,3.5,19,Dairy,Debit Card,5,0,4
1001970,Big Basket,Chennai,56,557,14,2.8,19,Household,Debit Card,2,0,3
1001971,Big Basket,Jaipur,58,513,23,8.4,8,Snacks,Wallet,2,1,3
1001972,Jio Mart,Bengluru,54,508,24,7.6,12,Household,Wallet,2,0,3
1001973,Big Basket,Noida,34,488,18,7.2,9,Personal Care,Credit Card,4,0,5
1001974,Swiggy Instamart,Kolkata,29,630,18,13.1,14,Personal Care,UPI,4,0,4
1001975,Swiggy Instamart,Mumbai,58,1612,21,13.9,6,Personal Care,Wallet,4,1,2
1001976,Swiggy Instamart,Noida,48,955,16,6.1,4,Groceries,Credit Card,1,1,3
1001978,Zepto,Hyderabad,36,905,5,2.5,14,Personal Care,Wallet,1,1,4
1001979,Jio Mart,Hyderabad,43,662,16,0.6,8,Groceries,Cash on Delivery,1,1,3
1001980,Swiggy Instamart,Bengluru,40,588,17,11.0,16,Dairy,UPI,4,0,3
1001981,Dunzo,Delhi,45,383,5,5.8,17,Dairy,UPI,1,0,5
1001982,Amazon Now,Noida,54,297,21,10.2,18,Dairy,UPI,3,1,4
1001983,Big Basket,Pune,24,182,16,9.0,10,Dairy,Cash on Delivery,4,0,3
1001984,Blinkit,Kolkata,29,144,18,12.0,12,Dairy,Debit Card,4,0,4
1001985,Flipkart Minutes,Chennai,22,546,11,2.0,19,Groceries,Debit Card,5,0,3
1001986,Blinkit,Haridwar,40,265,30,14.7,18,Beverages,UPI,3,0,5
1001987,Amazon Now,Jaipur,59,723,21,7.0,4,Snacks,Credit Card,2,0,4
1001988,Dunzo,Gurgaon,43,50,15,8.8,14,Groceries,Debit Card,3,0,3
1001989,Amazon Now,Gurgaon,54,694,20,13.1,16,Beverages,Cash on Delivery,4,0,3
1001990,Jio Mart,Pune,38,50,20,6.6,9,Household,UPI,4,1,2
1001991,Big Basket,Haridwar,24,544,30,8.7,10,Personal Care,Cash on Delivery,4,0,4
1001992,Dunzo,Delhi,58,998,5,3.2,11,Snacks,Cash on Delivery,3,0,4
1001993,Jio Mart,Haridwar,26,557,35,9.6,6,Snacks,UPI,3,1,4
1001994,Dunzo,Noida,37,299,16,12.2,19,Dairy,Cash on Delivery,1,0,3
1001995,Swiggy Instamart,Chennai,46,894,13,7.1,10,Beverages,Debit Card,3,0,5
1001996,Flipkart Minutes,Delhi,18,793,10,11.9,4,Household,Cash on Delivery,3,0,3
1001997,Dunzo,Delhi,30,189,6,14.2,3,Fruits & Vegetables,Wallet,2,1,5
1001998,Dunzo,Gurgaon,28,227,19,14.9,19,Fruits & Vegetables,Cash on Delivery,2,0,3
1001999,Jio Mart,Hyderabad,19,379,24,13.3,12,Dairy,Wallet,1,0,3
1002000,Zepto,Chennai,46,492,6,3.1,11,Groceries,Credit Card,2,1,4
1002001,Dunzo,Gurgaon,44,1234,12,5.3,17,Snacks,Credit Card,1,1,4
1002002,Blinkit,Delhi,36,50,5,0.6,12,Dairy,UPI,4,1,3
1002003,Dunzo,Gurgaon,21,1035,15,12.3,17,Personal Care,Cash on Delivery,4,1,3
1002004,Big Basket,Pune,40,709,18,8.5,7,Fruits & Vegetables,UPI,3,0,4
1002005,Dunzo,Chennai,52,538,8,0.5,2,Household,UPI,4,0,3
1002006,Swiggy Instamart,Delhi,25,584,5,1.3,4,Dairy,Cash on Delivery,5,0,4
1002008,Dunzo,Amritsar,30,625,7,0.7,1,Household,Debit Card,2,0,3
1002009,Flipkart Minutes,Noida,24,361,19,12.6,18,Personal Care,UPI,3,0,3
1002010,Amazon Now,Jaipur,58,545,23,8.5,13,Household,UPI,1,0,4
1002011,Big Basket,Haridwar,45,659,32,10.0,19,Personal Care,Credit Card,5,1,4
1002012,Big Basket,Noida,58,496,16,3.5,8,Beverages,UPI,1,0,4
1002013,Flipkart Minutes,Amritsar,18,341,17,10.4,14,Dairy,Wallet,2,0,3
1002014,Amazon Now,Jaipur,32,431,25,12.0,5,Beverages,Cash on Delivery,2,1,4
1002015,Dunzo,Pune,42,684,17,13.7,16,Dairy,Credit Card,2,1,3
1002016,Swiggy Instamart,Haridwar,36,50,30,10.1,15,Dairy,Debit Card,4,0,3
1002017,Amazon Now,Jaipur,27,453,20,3.8,6,Fruits & Vegetables,UPI,3,0,4
1002018,Blinkit,Noida,41,1051,9,1.2,2,Household,Debit Card,4,1,3
1002019,Flipkart Minutes,Hyderabad,48,488,16,5.3,13,Fruits & Vegetables,Credit Card,4,1,4
1002020,Flipkart Minutes,Jaipur,59,532,25,13.8,14,Beverages,Debit Card,3,0,4
1002021,Big Basket,Noida,26,495,16,6.4,5,Beverages,Debit Card,3,0,3
1002022,Dunzo,Mumbai,58,493,17,11.9,5,Groceries,Credit Card,1,0,4
1002023,Zepto,Hyderabad,41,485,8,5.1,4,Snacks,UPI,1,0,5
1002025,Dunzo,Mumbai,46,621,16,9.3,3,Groceries,Credit Card,3,0,4
1002026,Swiggy Instamart,Jaipur,51,50,22,12.0,14,Snacks,Wallet,3,0,2
1002027,Blinkit,Delhi,38,151,7,12.1,18,Dairy,UPI,5,0,4
1002028,Jio Mart,Kolkata,23,272,22,4.4,19,Groceries,UPI,2,0,3
1002029,Swiggy Instamart,Pune,53,632,14,8.8,12,Snacks,Debit Card,2,0,3
1002030,Dunzo,Kolkata,33,50,11,3.5,5,Household,Cash on Delivery,4,0,2
1002031,Dunzo,Kolkata,55,634,16,14.8,5,Groceries,UPI,3,1,4
1002032,Big Basket,Mumbai,23,1689,17,3.6,12,Dairy,Debit Card,4,1,3
1002035,Swiggy Instamart,Delhi,32,50,8,9.8,2,Beverages,UPI,2,1,5
1002036,Dunzo,Haridwar,58,114,25,5.2,3,Snacks,Wallet,4,0,5
1002037,Dunzo,Noida,25,730,15,12.1,15,Groceries,Wallet,4,0,3
1002038,Dunzo,Jaipur,34,594,19,7.0,16,Household,Wallet,4,1,4
1002040,Dunzo,Pune,39,369,16,12.8,15,Personal Care,Cash on Delivery,3,0,4
1002041,Swiggy Instamart,Mumbai,51,152,17,6.8,15,Personal Care,Credit Card,4,0,3
1002042,Flipkart Minutes,Gurgaon,51,696,17,6.2,14,Snacks,Cash on Delivery,3,1,3
1002043,Jio Mart,Kolkata,43,361,19,1.7,13,Beverages,Cash on Delivery,2,0,4
1002044,Swiggy Instamart,Noida,48,918,19,13.5,18,Household,Wallet,4,1,5
1002045,Big Basket,Kolkata,52,289,21,12.3,17,Household,Wallet,2,1,4
1002046,Dunzo,Mumbai,35,537,13,5.3,4,Personal Care,Wallet,2,0,4
1002047,Flipkart Minutes,Kolkata,39,722,15,3.0,14,Groceries,Wallet,4,0,4
1002048,Flipkart Minutes,Delhi,51,936,5,7.1,15,Beverages,Wallet,4,1,4
1002049,Swiggy Instamart,Haridwar,40,50,29,12.3,4,Snacks,Debit Card,4,0,4
1002050,Flipkart Minutes,Chennai,57,823,21,13.4,1,Household,Wallet,4,1,4
1002051,Flipkart Minutes,Haridwar,58,50,30,11.6,11,Beverages,Wallet,2,1,4
1002052,Zepto,Delhi,56,802,5,12.4,13,Dairy,Debit Card,1,1,4
1002053,Blinkit,Gurgaon,44,967,15,7.3,15,Groceries,UPI,2,0,4
1002054,Dunzo,Jaipur,50,392,14,0.7,11,Fruits & Vegetables,Debit Card,2,0,5
1002055,Dunzo,Kolkata,41,413,15,13.8,19,Household,Cash on Delivery,1,0,3
1002056,Jio Mart,Delhi,20,635,10,1.9,2,Personal Care,Debit Card,4,1,3
1002057,Dunzo,Noida,32,349,18,14.8,5,Beverages,UPI,1,0,4
1002058,Jio Mart,Haridwar,59,308,35,6.3,13,Household,Wallet,5,0,3
1002059,Flipkart Minutes,Chennai,49,955,16,5.8,5,Fruits & Vegetables,Debit Card,3,1,5
1002060,Blinkit,Mumbai,30,623,20,11.9,14,Snacks,Wallet,3,0,3
1002061,Dunzo,Gurgaon,36,1199,15,13.4,16,Beverages,Credit Card,1,0,3
1002062,Zepto,Amritsar,50,328,11,12.7,9,Beverages,Debit Card,3,0,5
1002063,Flipkart Minutes,Hyderabad,39,1035,20,11.2,17,Fruits & Vegetables,Debit Card,3,0,4
1002064,Jio Mart,Hyderabad,55,266,20,5.4,10,Beverages,Cash on Delivery,2,1,3
1002065,Swiggy Instamart,Pune,48,258,14,5.0,15,Fruits & Vegetables,Wallet,3,0,5
1002066,Dunzo,Kolkata,29,260,13,10.4,3,Personal Care,Debit Card,1,1,3
1002067,Blinkit,Haridwar,34,349,24,5.8,1,Beverages,Credit Card,2,0,5
1002068,Zepto,Jaipur,59,919,17,14.1,10,Household,Credit Card,3,0,3
1002069,Flipkart Minutes,Bengluru,32,506,16,8.9,1,Household,UPI,3,0,5
1002070,Blinkit,Delhi,37,230,5,4.3,3,Snacks,Credit Card,4,1,4
1002071,Jio Mart,Hyderabad,58,292,21,8.9,19,Fruits & Vegetables,UPI,1,1,4
1002072,Blinkit,Kolkata,49,586,14,4.3,2,Dairy,Credit Card,5,0,3
1002073,Zepto,Chennai,42,524,8,4.6,10,Household,Debit Card,4,0,5
1002074,Swiggy Instamart,Hyderabad,34,545,11,1.1,16,Household,Wallet,3,0,3
1002075,Jio Mart,Jaipur,48,50,25,7.3,12,Dairy,Debit Card,5,1,5
1002076,Big Basket,Hyderabad,30,275,20,13.7,6,Personal Care,Credit Card,3,1,5
1002077,Blinkit,Delhi,51,849,5,8.9,15,Personal Care,Credit Card,2,1,5
1002078,Big Basket,Amritsar,49,738,13,2.7,5,Dairy,Wallet,3,0,4
1002079,Flipkart Minutes,Bengluru,40,103,18,11.9,13,Personal Care,UPI,5,0,5
1002080,Blinkit,Bengluru,48,378,13,5.2,18,Fruits & Vegetables,Credit Card,4,0,4
1002081,Zepto,Delhi,39,640,5,11.8,6,Groceries,UPI,5,1,4
1002082,Blinkit,Delhi,47,691,10,14.4,19,Personal Care,Cash on Delivery,3,1,4
1002083,Jio Mart,Haridwar,49,150,34,8.7,1,Snacks,Credit Card,4,0,5
1002084,Flipkart Minutes,Amritsar,50,178,14,4.6,10,Beverages,Cash on Delivery,1,0,4
1002085,Dunzo,Mumbai,48,554,21,14.9,7,Household,Debit Card,1,0,4
1002086,Big Basket,Noida,43,660,20,10.6,11,Household,Credit Card,1,0,4
1002087,Dunzo,Pune,28,135,10,5.2,17,Groceries,Cash on Delivery,4,1,3
1002088,Dunzo,Gurgaon,57,767,15,12.2,12,Snacks,UPI,3,1,4
1002089,Zepto,Noida,35,400,9,9.9,5,Beverages,UPI,4,0,4
1002090,Amazon Now,Noida,36,392,17,8.1,13,Groceries,Debit Card,4,0,3
1002091,Amazon Now,Amritsar,18,224,22,14.3,14,Personal Care,UPI,3,0,3
1002092,Big Basket,Chennai,22,434,21,13.1,4,Personal Care,Credit Card,5,0,3
1002093,Jio Mart,Delhi,55,712,10,2.3,19,Dairy,Credit Card,3,0,3
1002094,Swiggy Instamart,Mumbai,59,50,20,12.5,16,Personal Care,Debit Card,3,0,3
1002095,Zepto,Jaipur,23,50,16,10.0,18,Dairy,UPI,4,0,3
1002097,Flipkart Minutes,Noida,46,601,20,11.2,6,Beverages,Cash on Delivery,2,0,3
1002098,Flipkart Minutes,Pune,29,570,15,3.8,19,Fruits & Vegetables,UPI,4,0,4
1002099,Jio Mart,Haridwar,20,585,34,9.7,2,Snacks,Cash on Delivery,2,1,4
1002100,Dunzo,Amritsar,51,520,14,12.4,10,Fruits & Vegetables,Debit Card,2,0,3
1002101,Jio Mart,Bengluru,53,882,19,2.4,10,Personal Care,Debit Card,2,1,4
1002102,Zepto,Haridwar,47,736,25,14.0,15,Dairy,Wallet,2,0,4
1002103,Flipkart Minutes,Mumbai,25,488,19,10.5,4,Snacks,Cash on Delivery,5,1,5
1002104,Zepto,Noida,23,321,10,9.0,17,Fruits & Vegetables,Credit Card,2,1,3
1002105,Amazon Now,Delhi,50,50,11,11.0,19,Beverages,Wallet,5,1,4
1002106,Jio Mart,Haridwar,47,776,30,1.1,4,Dairy,Debit Card,1,1,4
1002107,Big Basket,Haridwar,44,50,29,10.6,19,Groceries,Credit Card,5,0,3
1002108,Jio Mart,Mumbai,46,700,24,9.8,9,Snacks,Debit Card,5,1,5
1002109,Dunzo,Kolkata,19,715,10,3.5,10,Household,Cash on Delivery,1,0,3
1002110,Flipkart Minutes,Delhi,46,489,8,9.2,9,Fruits & Vegetables,Credit Card,2,0,4
1002111,Flipkart Minutes,Chennai,43,730,22,14.7,6,Dairy,Credit Card,4,0,3
1002112,Blinkit,Amritsar,50,911,16,10.4,4,Snacks,Cash on Delivery,4,0,4
1002113,Swiggy Instamart,Chennai,55,389,18,10.6,17,Household,UPI,2,1,4
1002114,Swiggy Instamart,Haridwar,21,214,31,12.4,12,Groceries,Credit Card,5,0,3
1002115,Jio Mart,Haridwar,37,115,36,7.6,16,Fruits & Vegetables,UPI,1,0,4
1002116,Blinkit,Delhi,59,767,7,13.1,16,Snacks,UPI,5,0,3
1002117,Dunzo,Haridwar,51,651,25,10.6,14,Fruits & Vegetables,UPI,1,1,3
1002118,Jio Mart,Kolkata,27,520,23,6.7,17,Snacks,Wallet,3,0,4
1002119,Amazon Now,Hyderabad,32,664,17,7.4,3,Household,Debit Card,3,1,5
1002120,Dunzo,Haridwar,47,1041,23,1.8,12,Household,Cash on Delivery,2,1,3
1002121,Amazon Now,Pune,49,281,20,13.0,13,Fruits & Vegetables,UPI,4,0,5
1002122,Swiggy Instamart,Hyderabad,36,770,16,9.9,4,Beverages,Cash on Delivery,1,0,4
1002123,Blinkit,Pune,50,956,17,10.6,11,Personal Care,Wallet,4,0,3
1002124,Jio Mart,Bengluru,38,751,28,13.3,2,Groceries,Cash on Delivery,4,0,4
1002125,Jio Mart,Chennai,49,897,24,8.8,9,Snacks,Debit Card,2,0,3
1002126,Amazon Now,Gurgaon,56,1356,17,7.4,19,Snacks,Debit Card,4,1,4
1002127,Amazon Now,Amritsar,37,1033,15,1.5,13,Beverages,Debit Card,3,1,4
1002128,Jio Mart,Bengluru,38,406,20,4.7,11,Snacks,Wallet,5,1,5
1002129,Dunzo,Hyderabad,31,463,10,4.9,18,Fruits & Vegetables,Credit Card,3,1,4
1002130,Jio Mart,Noida,43,236,20,5.6,2,Beverages,UPI,4,0,5
1002131,Flipkart Minutes,Haridwar,24,247,29,11.1,1,Beverages,UPI,2,0,4
1002132,Flipkart Minutes,Kolkata,32,50,12,2.7,1,Snacks,Debit Card,4,0,4
1002133,Jio Mart,Jaipur,28,998,28,7.8,8,Dairy,Debit Card,1,1,4
1002134,Jio Mart,Hyderabad,56,512,20,1.2,16,Beverages,UPI,4,1,4
1002135,Big Basket,Bengluru,23,472,17,5.4,3,Fruits & Vegetables,Credit Card,2,0,4
1002136,Zepto,Chennai,37,480,5,3.8,10,Personal Care,Cash on Delivery,5,0,3
1002137,Swiggy Instamart,Noida,33,583,11,1.3,6,Beverages,Wallet,2,0,4
1002138,Zepto,Chennai,44,67,8,10.1,11,Household,Cash on Delivery,4,0,4
1002139,Jio Mart,Pune,27,145,24,8.6,6,Personal Care,Debit Card,2,0,3
1002140,Swiggy Instamart,Delhi,50,108,6,8.7,11,Snacks,Cash on Delivery,4,0,4
1002141,Swiggy Instamart,Delhi,35,1023,5,2.8,3,Snacks,Credit Card,4,0,4
1002142,Dunzo,Hyderabad,35,428,16,14.1,4,Groceries,Debit Card,3,0,4
1002143,Flipkart Minutes,Chennai,38,231,14,1.5,7,Personal Care,UPI,3,0,4
1002144,Flipkart Minutes,Pune,53,239,22,14.6,8,Snacks,Credit Card,3,0,5
1002145,Blinkit,Delhi,44,1924,6,11.3,14,Household,Debit Card,5,1,4
1002146,Amazon Now,Gurgaon,36,962,18,9.9,14,Personal Care,Debit Card,1,1,4
1002147,Big Basket,Kolkata,39,1362,17,8.2,5,Fruits & Vegetables,Debit Card,2,1,4
1002148,Flipkart Minutes,Jaipur,32,134,19,4.4,15,Personal Care,UPI,4,0,4
1002150,Blinkit,Kolkata,41,741,15,8.7,19,Fruits & Vegetables,Debit Card,4,0,4
1002151,Flipkart Minutes,Jaipur,43,965,25,12.0,10,Groceries,Debit Card,3,0,3
1002152,Blinkit,Chennai,19,659,18,12.2,5,Household,Cash on Delivery,2,0,4
1002153,Big Basket,Bengluru,48,1004,15,5.6,8,Snacks,Wallet,4,1,5
1002154,Big Basket,Jaipur,41,824,21,6.3,8,Beverages,Debit Card,5,0,3
1002155,Amazon Now,Bengluru,55,1025,17,1.9,19,Dairy,Debit Card,4,1,4
1002156,Flipkart Minutes,Amritsar,36,280,18,11.7,13,Household,UPI,2,0,3
1002157,Amazon Now,Haridwar,22,872,29,5.0,16,Dairy,Debit Card,3,1,3
1002158,Swiggy Instamart,Haridwar,26,191,28,11.3,12,Household,Debit Card,4,0,4
1002159,Big Basket,Mumbai,54,314,16,4.2,16,Personal Care,UPI,5,0,4
1002160,Blinkit,Kolkata,28,1820,14,5.5,18,Household,Cash on Delivery,4,1,3
1002161,Swiggy Instamart,Amritsar,45,966,18,14.4,5,Dairy,Credit Card,3,0,3
1002162,Big Basket,Hyderabad,20,159,14,4.7,19,Groceries,UPI,4,1,5
1002163,Jio Mart,Amritsar,46,702,16,0.7,4,Snacks,Credit Card,1,0,4
1002164,Flipkart Minutes,Kolkata,30,487,13,2.7,16,Groceries,UPI,2,0,4
1002165,Dunzo,Pune,38,615,11,2.8,3,Dairy,Wallet,1,1,3
1002166,Swiggy Instamart,Pune,19,820,17,11.5,8,Household,Debit Card,2,1,4
1002167,Dunzo,Bengluru,56,906,10,1.2,14,Dairy,Wallet,3,1,3
1002168,Jio Mart,Hyderabad,42,594,25,13.0,1,Personal Care,Credit Card,1,1,4
1002170,Amazon Now,Jaipur,29,757,23,6.9,8,Fruits & Vegetables,Cash on Delivery,4,0,4
1002171,Amazon Now,Noida,47,668,20,9.7,7,Personal Care,Debit Card,2,1,4
1002172,Swiggy Instamart,Kolkata,43,352,11,2.0,18,Dairy,Wallet,2,0,5
1002173,Dunzo,Hyderabad,22,902,13,8.7,10,Personal Care,Cash on Delivery,1,0,4
1002174,Dunzo,Kolkata,57,463,16,12.8,2,Dairy,Cash on Delivery,1,0,4
1002175,Flipkart Minutes,Haridwar,21,734,25,5.2,10,Groceries,Wallet,5,0,3
1002176,Jio Mart,Delhi,21,403,10,7.4,8,Groceries,Credit Card,5,0,5
1002177,Big Basket,Gurgaon,19,1089,19,9.1,18,Household,Cash on Delivery,4,1,4
1002178,Big Basket,Jaipur,47,391,23,10.4,19,Fruits & Vegetables,Cash on Delivery,2,1,3
1002179,Flipkart Minutes,Amritsar,35,1331,19,10.6,2,Groceries,Wallet,4,1,4
1002180,Blinkit,Gurgaon,24,911,9,1.6,4,Dairy,UPI,2,1,4
1002181,Dunzo,Amritsar,57,483,12,7.2,12,Dairy,Debit Card,2,0,3
1002182,Jio Mart,Noida,50,380,26,12.4,4,Fruits & Vegetables,UPI,4,1,4
1002183,Big Basket,Haridwar,38,882,29,4.5,15,Groceries,Cash on Delivery,5,0,3
1002184,Big Basket,Chennai,34,461,19,11.0,8,Groceries,UPI,2,0,3
1002185,Blinkit,Amritsar,58,1094,13,6.8,13,Beverages,Wallet,4,1,5
1002186,Dunzo,Noida,35,1105,18,13.1,15,Snacks,UPI,2,1,3
1002187,Big Basket,Bengluru,52,981,20,8.6,11,Dairy,Credit Card,5,1,4
1002188,Amazon Now,Pune,27,885,18,5.8,3,Personal Care,Credit Card,2,0,4
1002189,Zepto,Jaipur,32,321,14,11.0,13,Snacks,UPI,2,0,4
1002190,Zepto,Amritsar,23,481,10,11.6,6,Dairy,Credit Card,3,0,3
1002191,Jio Mart,Bengluru,53,415,22,9.0,8,Groceries,Wallet,4,0,4
1002192,Swiggy Instamart,Noida,59,1368,13,4.5,13,Household,Debit Card,4,0,3
1002193,Jio Mart,Bengluru,29,50,25,8.4,1,Dairy,Debit Card,2,0,3
1002194,Zepto,Mumbai,36,630,9,4.6,18,Household,UPI,3,1,3
1002195,Blinkit,Chennai,36,50,11,3.0,3,Dairy,Cash on Delivery,5,0,4
1002196,Blinkit,Mumbai,18,286,20,13.2,19,Fruits & Vegetables,UPI,5,1,4
1002197,Dunzo,Pune,37,103,15,7.6,4,Beverages,Wallet,1,0,4
1002198,Blinkit,Pune,42,453,14,7.3,15,Fruits & Vegetables,Wallet,2,0,4
1002199,Blinkit,Jaipur,39,1537,22,12.2,8,Groceries,Cash on Delivery,2,1,4
1002200,Flipkart Minutes,Gurgaon,28,1017,12,3.4,8,Household,Wallet,2,0,4
1002201,Blinkit,Hyderabad,53,505,12,1.1,13,Beverages,UPI,4,0,4
1002202,Blinkit,Mumbai,37,359,17,8.6,3,Dairy,Wallet,5,1,3
1002203,Amazon Now,Noida,50,50,21,14.0,3,Groceries,Cash on Delivery,1,0,4
1002204,Blinkit,Haridwar,22,617,29,12.1,14,Fruits & Vegetables,Debit Card,3,0,5
1002205,Zepto,Delhi,42,627,5,5.8,6,Groceries,Credit Card,5,1,5
1002206,Blinkit,Haridwar,36,467,25,5.1,10,Dairy,Credit Card,4,1,3
1002207,Zepto,Jaipur,18,1199,12,6.3,16,Snacks,UPI,3,0,3
1002208,Big Basket,Kolkata,35,1127,12,1.8,10,Beverages,Cash on Delivery,2,1,4
1002209,Big Basket,Mumbai,43,1452,16,5.7,1,Fruits & Vegetables,Credit Card,2,0,4
1002210,Jio Mart,Jaipur,40,279,28,12.5,19,Personal Care,Cash on Delivery,3,0,4
1002211,Jio Mart,Kolkata,53,512,18,3.4,3,Fruits & Vegetables,Wallet,2,0,5
1002212,Flipkart Minutes,Amritsar,35,894,11,1.7,15,Snacks,Wallet,2,1,5
1002213,Zepto,Noida,52,771,11,14.1,15,Snacks,Credit Card,2,0,3
1002214,Blinkit,Noida,30,985,11,1.3,15,Snacks,Credit Card,3,1,4
1002215,Big Basket,Amritsar,35,50,13,1.6,15,Snacks,Wallet,2,1,3
1002216,Amazon Now,Kolkata,27,309,20,9.3,12,Snacks,Wallet,2,0,4
1002217,Amazon Now,Chennai,36,500,22,14.0,18,Snacks,Credit Card,4,0,4
1002218,Zepto,Delhi,32,945,5,7.6,14,Dairy,Debit Card,3,1,5
1002219,Big Basket,Pune,29,578,22,14.2,17,Dairy,Credit Card,4,0,4
1002220,Zepto,Jaipur,27,1674,12,3.1,7,Beverages,Credit Card,2,1,3
1002221,Amazon Now,Pune,44,178,14,3.7,2,Household,Debit Card,4,0,3
1002222,Dunzo,Mumbai,44,684,17,10.2,18,Personal Care,Credit Card,2,1,3
1002223,Flipkart Minutes,Bengluru,40,530,17,6.6,17,Fruits & Vegetables,UPI,2,0,4
1002224,Swiggy Instamart,Bengluru,38,460,17,12.1,15,Beverages,Cash on Delivery,5,0,3
1002225,Swiggy Instamart,Hyderabad,49,757,17,11.8,10,Household,UPI,2,1,4
1002226,Zepto,Jaipur,44,231,14,7.4,1,Personal Care,Debit Card,3,0,5
1002227,Big Basket,Mumbai,46,397,20,11.0,3,Beverages,Cash on Delivery,4,0,4
1002228,Big Basket,Haridwar,27,676,24,1.0,10,Personal Care,Credit Card,2,1,3
1002229,Swiggy Instamart,Mumbai,50,263,16,3.7,1,Personal Care,Cash on Delivery,2,1,4
1002230,Jio Mart,Bengluru,40,245,23,8.1,4,Groceries,Debit Card,4,0,3
1002231,Flipkart Minutes,Haridwar,51,409,31,10.9,13,Groceries,Wallet,3,1,3
1002232,Flipkart Minutes,Mumbai,30,512,20,7.6,9,Groceries,UPI,2,0,3
1002233,Zepto,Noida,19,1221,6,3.4,16,Household,Cash on Delivery,2,1,4
1002234,Big Basket,Gurgaon,20,1334,18,10.0,6,Beverages,Credit Card,2,1,4
1002235,Dunzo,Pune,41,592,9,4.0,9,Groceries,Debit Card,3,1,4
1002236,Swiggy Instamart,Noida,51,640,17,11.6,18,Groceries,Credit Card,4,0,4
1002237,Zepto,Chennai,56,471,6,7.4,18,Personal Care,Cash on Delivery,2,0,5
1002238,Swiggy Instamart,Chennai,18,608,12,2.9,12,Personal Care,Debit Card,3,0,5
1002239,Flipkart Minutes,Haridwar,44,588,26,3.3,13,Fruits & Vegetables,UPI,2,0,4
1002241,Blinkit,Delhi,24,959,5,1.3,6,Groceries,Credit Card,2,1,3
1002242,Big Basket,Kolkata,34,575,20,10.0,12,Household,Cash on Delivery,3,0,4
1002243,Flipkart Minutes,Amritsar,55,50,14,2.8,1,Dairy,Wallet,4,0,4
1002244,Blinkit,Haridwar,33,903,29,14.8,12,Household,Debit Card,4,1,3
1002245,Big Basket,Delhi,21,611,9,9.2,7,Dairy,Wallet,2,0,4
1002246,Dunzo,Amritsar,38,50,8,0.5,3,Fruits & Vegetables,Credit Card,2,0,5
1002247,Jio Mart,Haridwar,37,363,30,1.9,14,Fruits & Vegetables,Cash on Delivery,3,0,3
1002248,Flipkart Minutes,Chennai,42,1826,13,1.2,15,Dairy,Wallet,3,1,3
1002249,Swiggy Instamart,Bengluru,20,359,12,1.7,4,Dairy,Wallet,4,0,5
1002250,Amazon Now,Jaipur,43,771,29,14.8,18,Personal Care,Credit Card,4,1,3
1002251,Dunzo,Delhi,32,436,5,5.4,11,Snacks,Cash on Delivery,1,0,3
1002252,Jio Mart,Haridwar,39,531,30,1.7,13,Personal Care,UPI,1,0,4
1002253,Swiggy Instamart,Noida,52,50,12,1.5,8,Fruits & Vegetables,Credit Card,5,1,4
1002254,Big Basket,Jaipur,26,694,26,11.6,11,Fruits & Vegetables,Cash on Delivery,5,1,4
1002255,Flipkart Minutes,Bengluru,57,510,18,9.6,5,Dairy,Debit Card,5,1,5
1002256,Jio Mart,Gurgaon,33,584,19,4.2,15,Fruits & Vegetables,Credit Card,4,0,4
1002257,Zepto,Pune,36,243,7,5.6,5,Personal Care,Cash on Delivery,1,0,3
1002258,Jio Mart,Jaipur,57,766,28,6.5,8,Beverages,Debit Card,3,1,4
1002259,Amazon Now,Mumbai,18,175,25,13.7,10,Dairy,Cash on Delivery,4,0,5
1002260,Dunzo,Mumbai,47,405,12,1.4,10,Snacks,Credit Card,3,0,3
1002261,Jio Mart,Haridwar,48,632,33,2.7,14,Snacks,Wallet,3,1,3
1002262,Big Basket,Jaipur,31,1825,22,6.2,19,Groceries,Cash on Delivery,5,1,4
1002263,Flipkart Minutes,Delhi,21,619,5,5.5,10,Fruits & Vegetables,Debit Card,5,0,3
1002264,Swiggy Instamart,Amritsar,25,50,13,6.7,18,Beverages,Credit Card,3,1,5
1002266,Flipkart Minutes,Gurgaon,20,287,18,12.3,14,Dairy,Debit Card,3,1,4
1002267,Jio Mart,Bengluru,58,923,23,5.4,3,Personal Care,Wallet,2,1,4
1002268,Jio Mart,Delhi,35,999,10,4.4,10,Beverages,Wallet,4,1,4
1002269,Amazon Now,Chennai,41,722,19,7.4,8,Fruits & Vegetables,UPI,3,0,3
1002270,Dunzo,Jaipur,42,881,17,4.3,3,Fruits & Vegetables,Cash on Delivery,2,0,3
1002271,Amazon Now,Gurgaon,42,529,22,13.4,17,Fruits & Vegetables,UPI,2,0,4
1002272,Zepto,Kolkata,48,747,7,7.1,5,Dairy,Credit Card,1,1,4
1002273,Blinkit,Noida,38,1087,18,12.5,10,Snacks,UPI,4,1,4
1002274,Big Basket,Pune,24,926,14,4.3,19,Fruits & Vegetables,Cash on Delivery,3,1,5
1002275,Swiggy Instamart,Amritsar,49,878,10,1.9,12,Beverages,UPI,4,0,3
1002276,Swiggy Instamart,Jaipur,33,947,17,3.6,11,Personal Care,UPI,3,0,5
1002277,Zepto,Haridwar,37,344,19,3.1,9,Fruits & Vegetables,Credit Card,4,0,3
1002278,Zepto,Bengluru,23,525,8,7.0,7,Dairy,Wallet,5,1,4
1002280,Jio Mart,Hyderabad,52,209,27,14.7,16,Snacks,Cash on Delivery,2,0,3
1002281,Swiggy Instamart,Kolkata,24,456,13,7.4,14,Household,Debit Card,3,0,4
1002282,Swiggy Instamart,Kolkata,33,923,13,6.7,3,Personal Care,Debit Card,4,1,3
1002283,Flipkart Minutes,Pune,45,697,17,9.1,16,Household,Wallet,5,0,3
1002284,Swiggy Instamart,Kolkata,23,957,19,12.2,6,Beverages,Credit Card,4,0,5
1002286,Swiggy Instamart,Bengluru,50,538,13,5.8,17,Personal Care,Cash on Delivery,4,0,3
1002287,Blinkit,Gurgaon,29,700,16,13.7,12,Groceries,Debit Card,2,0,3
1002288,Blinkit,Haridwar,34,262,27,11.0,3,Dairy,UPI,5,0,4
1002289,Big Basket,Haridwar,57,370,26,4.2,13,Household,UPI,3,0,4
1002290,Swiggy Instamart,Hyderabad,57,588,19,11.7,5,Dairy,Cash on Delivery,3,0,4
1002292,Zepto,Mumbai,46,1104,5,2.2,17,Household,Wallet,4,0,3
1002293,Jio Mart,Hyderabad,43,530,19,3.6,1,Fruits & Vegetables,UPI,3,0,4
1002294,Blinkit,Amritsar,46,136,13,5.6,6,Groceries,Credit Card,3,0,4
1002295,Flipkart Minutes,Chennai,21,235,15,8.3,19,Household,Wallet,4,0,3
1002296,Zepto,Kolkata,57,743,8,6.8,11,Dairy,Cash on Delivery,2,0,4
1002297,Big Basket,Jaipur,48,50,23,9.6,17,Beverages,Debit Card,4,1,3
1002298,Jio Mart,Chennai,38,50,20,6.9,1,Household,Credit Card,3,0,4
1002300,Amazon Now,Delhi,45,216,6,1.4,6,Household,Cash on Delivery,4,0,3
1002301,Blinkit,Chennai,30,763,13,2.7,14,Beverages,UPI,2,0,4
1002302,Zepto,Pune,34,922,10,8.6,13,Household,UPI,5,1,3
1002303,Flipkart Minutes,Haridwar,26,578,30,10.9,8,Snacks,Debit Card,5,0,4
1002304,Blinkit,Hyderabad,18,1366,14,7.1,16,Dairy,UPI,2,1,5
1002305,Swiggy Instamart,Hyderabad,36,578,17,10.9,4,Beverages,Wallet,1,0,5
1002306,Dunzo,Delhi,40,627,5,10.9,2,Personal Care,UPI,3,0,5
1002307,Big Basket,Amritsar,38,190,21,13.4,12,Household,Cash on Delivery,3,0,4
1002308,Zepto,Delhi,25,50,5,13.1,6,Groceries,Credit Card,4,1,3
1002309,Dunzo,Chennai,38,314,14,12.4,7,Snacks,UPI,3,0,5
1002310,Jio Mart,Noida,23,767,25,9.6,7,Snacks,Cash on Delivery,2,0,4
1002311,Flipkart Minutes,Hyderabad,30,476,11,1.2,10,Personal Care,Cash on Delivery,2,1,4
1002312,Blinkit,Pune,57,50,18,14.2,7,Personal Care,Wallet,2,1,3
1002313,Zepto,Noida,38,703,14,14.9,3,Household,Credit Card,4,1,4
1002314,Flipkart Minutes,Jaipur,29,50,24,10.8,15,Beverages,Credit Card,1,0,2
1002315,Big Basket,Mumbai,36,643,20,11.2,6,Beverages,Debit Card,5,0,2
1002316,Flipkart Minutes,Mumbai,45,644,14,2.9,12,Household,UPI,3,0,5
1002318,Swiggy Instamart,Hyderabad,31,1462,14,8.5,5,Groceries,Wallet,2,1,4
1002319,Dunzo,Amritsar,44,238,16,12.9,5,Personal Care,Cash on Delivery,4,0,3
1002320,Amazon Now,Chennai,24,105,19,7.5,18,Household,Debit Card,2,0,3
1002321,Dunzo,Pune,53,640,15,8.2,4,Personal Care,Cash on Delivery,2,0,4
1002322,Zepto,Bengluru,28,599,12,14.0,17,Personal Care,UPI,3,0,4
1002323,Flipkart Minutes,Kolkata,25,50,15,3.2,19,Beverages,Debit Card,3,0,4
1002324,Blinkit,Bengluru,54,50,20,14.2,19,Beverages,Credit Card,3,1,3
1002325,Flipkart Minutes,Mumbai,50,50,22,13.7,16,Fruits & Vegetables,Debit Card,2,0,4
1002326,Swiggy Instamart,Haridwar,32,198,29,9.9,4,Fruits & Vegetables,Debit Card,2,1,3
1002327,Amazon Now,Pune,27,700,15,3.4,1,Beverages,UPI,3,1,3
1002328,Flipkart Minutes,Kolkata,59,548,16,5.9,13,Dairy,Debit Card,1,1,5
1002329,Dunzo,Noida,23,599,13,5.4,19,Personal Care,Cash on Delivery,1,0,4
1002330,Amazon Now,Gurgaon,59,912,19,8.2,16,Fruits & Vegetables,Debit Card,2,0,3
1002331,Zepto,Hyderabad,48,686,10,10.4,16,Personal Care,Credit Card,4,1,4
1002332,Blinkit,Pune,37,50,18,14.6,10,Groceries,Debit Card,3,0,5
1002333,Blinkit,Bengluru,47,232,20,13.6,11,Beverages,UPI,4,0,5
1002334,Flipkart Minutes,Chennai,46,141,17,11.4,6,Personal Care,Credit Card,5,0,3
1002335,Zepto,Amritsar,39,290,6,3.7,16,Snacks,Wallet,3,1,4
1002337,Swiggy Instamart,Delhi,44,751,5,0.8,2,Snacks,UPI,5,0,4
1002338,Zepto,Bengluru,19,553,10,10.6,19,Groceries,Cash on Delivery,3,0,3
1002339,Zepto,Noida,37,537,7,8.7,19,Personal Care,Credit Card,3,0,5
1002340,Blinkit,Pune,46,682,19,14.4,15,Snacks,Debit Card,4,1,3
1002341,Blinkit,Bengluru,31,662,14,7.0,10,Personal Care,UPI,5,1,4
1002342,Zepto,Delhi,35,499,5,5.2,16,Fruits & Vegetables,Wallet,2,1,4
1002343,Jio Mart,Bengluru,38,389,27,13.9,3,Household,Credit Card,3,1,4
1002344,Blinkit,Chennai,52,503,16,9.0,14,Snacks,Wallet,4,0,4
1002345,Jio Mart,Delhi,41,413,12,8.1,14,Personal Care,Cash on Delivery,1,0,4
1002346,Dunzo,Bengluru,37,1245,16,10.4,7,Snacks,Wallet,3,1,5
1002347,Blinkit,Kolkata,45,996,13,8.4,10,Dairy,UPI,4,1,4
1002348,Jio Mart,Amritsar,22,333,28,14.5,13,Personal Care,UPI,1,1,4
1002349,Zepto,Pune,41,74,12,14.3,5,Beverages,Debit Card,3,0,3
1002350,Big Basket,Jaipur,21,885,19,2.2,18,Fruits & Vegetables,UPI,5,1,5
1002351,Zepto,Gurgaon,47,856,9,6.0,19,Dairy,Wallet,2,0,3
1002352,Blinkit,Haridwar,30,50,29,9.6,14,Fruits & Vegetables,Credit Card,4,0,3
1002353,Dunzo,Chennai,24,297,15,12.6,9,Dairy,Debit Card,4,1,3
1002354,Big Basket,Chennai,46,821,16,8.8,16,Groceries,Debit Card,3,0,3
1002355,Swiggy Instamart,Chennai,57,1436,17,8.0,16,Groceries,Wallet,4,1,4
1002356,Dunzo,Hyderabad,26,326,16,15.0,1,Groceries,Debit Card,1,0,3
1002357,Zepto,Noida,55,308,9,6.5,6,Personal Care,Cash on Delivery,3,0,4
1002359,Blinkit,Gurgaon,58,661,12,1.2,11,Fruits & Vegetables,Debit Card,5,0,3
1002360,Jio Mart,Mumbai,33,571,27,13.6,5,Household,Credit Card,4,0,4
1002361,Blinkit,Haridwar,34,162,28,13.6,13,Fruits & Vegetables,UPI,3,0,4
1002362,Amazon Now,Noida,18,417,20,12.9,18,Household,Debit Card,4,1,4
1002363,Flipkart Minutes,Jaipur,28,50,21,10.7,8,Groceries,Cash on Delivery,5,0,5
1002364,Zepto,Noida,48,793,12,13.1,3,Snacks,Wallet,3,0,2
1002365,Swiggy Instamart,Amritsar,47,497,11,0.7,5,Beverages,Debit Card,3,1,5
1002366,Blinkit,Kolkata,24,1543,11,0.6,16,Personal Care,UPI,5,1,3
1002367,Amazon Now,Delhi,48,638,8,6.8,8,Dairy,Debit Card,2,0,3
1002368,Jio Mart,Hyderabad,19,430,24,13.9,2,Dairy,Wallet,3,0,4
1002369,Swiggy Instamart,Haridwar,58,414,25,3.7,11,Household,Wallet,3,0,4
1002370,Dunzo,Jaipur,29,528,19,11.1,14,Groceries,Debit Card,4,1,4
1002371,Jio Mart,Amritsar,40,430,27,12.8,10,Beverages,UPI,4,1,3
1002372,Big Basket,Jaipur,25,50,23,10.0,3,Personal Care,Wallet,4,0,3
1002373,Big Basket,Noida,25,1007,14,4.4,8,Snacks,Wallet,2,0,4
1002374,Dunzo,Jaipur,50,315,18,4.3,18,Snacks,Wallet,1,0,4
1002375,Amazon Now,Pune,33,206,15,1.6,1,Snacks,Debit Card,2,1,3
1002376,Big Basket,Gurgaon,20,894,21,11.4,16,Household,Cash on Delivery,5,1,4
1002377,Swiggy Instamart,Pune,32,731,14,4.0,18,Personal Care,Debit Card,2,0,3
1002378,Dunzo,Noida,59,832,15,8.3,1,Household,Cash on Delivery,1,1,4
1002379,Amazon Now,Haridwar,46,131,34,11.4,10,Personal Care,Debit Card,4,1,4
1002381,Blinkit,Bengluru,28,50,16,6.3,1,Personal Care,Credit Card,2,0,4
1002382,Blinkit,Amritsar,27,50,15,8.0,18,Fruits & Vegetables,Credit Card,4,1,3
1002383,Jio Mart,Mumbai,30,130,29,13.5,3,Household,Credit Card,1,0,3
1002384,Jio Mart,Mumbai,22,409,26,12.8,16,Personal Care,Credit Card,3,0,3
1002385,Flipkart Minutes,Pune,40,50,15,8.7,11,Household,Credit Card,4,1,4
1002386,Flipkart Minutes,Haridwar,42,193,28,9.4,19,Snacks,Cash on Delivery,2,0,4
1002387,Blinkit,Gurgaon,23,850,14,9.3,16,Dairy,Cash on Delivery,2,1,4
1002388,Amazon Now,Bengluru,55,807,22,12.4,19,Snacks,Cash on Delivery,4,1,4
1002389,Flipkart Minutes,Pune,18,462,18,10.0,11,Household,Cash on Delivery,3,0,3
1002390,Amazon Now,Haridwar,52,568,29,5.9,10,Groceries,Credit Card,3,0,4
1002391,Jio Mart,Gurgaon,54,1309,22,4.9,13,Snacks,Debit Card,4,1,3
1002392,Swiggy Instamart,Kolkata,24,521,17,9.1,17,Personal Care,Cash on Delivery,5,0,2
1002393,Blinkit,Gurgaon,59,727,16,12.5,10,Beverages,Wallet,3,1,5
1002395,Swiggy Instamart,Amritsar,19,1099,12,5.3,12,Dairy,UPI,3,1,4
1002396,Zepto,Chennai,19,448,8,10.1,17,Fruits & Vegetables,Debit Card,1,0,3
1002397,Zepto,Bengluru,42,104,5,1.0,2,Household,UPI,4,0,4
1002398,Big Basket,Kolkata,50,847,19,12.1,7,Household,UPI,4,1,2
1002399,Amazon Now,Amritsar,30,834,16,2.3,3,Dairy,UPI,3,1,4
1002400,Amazon Now,Chennai,40,632,16,2.2,10,Personal Care,Cash on Delivery,4,1,3
1002401,Zepto,Amritsar,49,837,10,13.6,19,Groceries,UPI,3,0,5
1002402,Jio Mart,Gurgaon,22,627,26,13.4,9,Groceries,Debit Card,3,0,4
1002403,Blinkit,Noida,29,412,16,13.1,1,Personal Care,Debit Card,3,0,5
1002404,Swiggy Instamart,Noida,27,50,13,2.0,17,Dairy,Credit Card,4,1,5
1002405,Blinkit,Hyderabad,41,209,19,13.9,4,Fruits & Vegetables,Cash on Delivery,3,0,5
1002406,Flipkart Minutes,Noida,33,50,13,5.8,16,Beverages,Cash on Delivery,2,0,4
1002407,Blinkit,Haridwar,39,332,29,13.6,13,Fruits & Vegetables,Cash on Delivery,4,0,4
1002408,Amazon Now,Haridwar,34,50,30,10.0,13,Beverages,Credit Card,4,0,4
1002409,Swiggy Instamart,Delhi,26,332,6,10.7,13,Groceries,UPI,3,0,5
1002411,Blinkit,Bengluru,40,344,19,12.3,1,Dairy,Debit Card,5,0,3
1002413,Blinkit,Hyderabad,36,943,15,7.8,11,Fruits & Vegetables,Credit Card,3,1,4
1002414,Swiggy Instamart,Amritsar,55,929,15,6.7,18,Beverages,Cash on Delivery,4,0,4
1002415,Zepto,Amritsar,59,50,9,6.8,11,Fruits & Vegetables,UPI,2,1,3
1002416,Flipkart Minutes,Pune,49,798,18,11.6,16,Personal Care,Credit Card,2,0,3
1002417,Big Basket,Delhi,20,50,9,13.6,2,Household,Debit Card,4,0,4
1002418,Blinkit,Kolkata,32,50,9,0.6,1,Snacks,Credit Card,3,1,4
1002419,Flipkart Minutes,Chennai,30,98,11,0.8,16,Fruits & Vegetables,UPI,4,1,5
1002420,Big Basket,Delhi,47,976,9,12.7,1,Fruits & Vegetables,Debit Card,5,0,3
1002421,Zepto,Gurgaon,51,512,7,7.2,4,Beverages,Wallet,3,0,4
1002422,Flipkart Minutes,Bengluru,21,163,15,3.6,7,Personal Care,UPI,3,0,5
1002423,Blinkit,Gurgaon,22,842,15,9.7,17,Snacks,Cash on Delivery,3,0,4
1002424,Swiggy Instamart,Chennai,22,498,15,5.6,1,Snacks,Cash on Delivery,2,1,3
1002425,Swiggy Instamart,Bengluru,22,917,13,2.4,10,Household,Cash on Delivery,4,0,2
1002426,Blinkit,Hyderabad,36,932,15,8.1,8,Groceries,Debit Card,4,1,5
1002427,Big Basket,Hyderabad,46,630,20,13.7,10,Household,Wallet,4,1,5
1002428,Dunzo,Mumbai,26,148,12,1.5,18,Fruits & Vegetables,UPI,2,0,4
1002429,Dunzo,Chennai,33,523,14,9.4,18,Beverages,UPI,4,0,4
1002430,Dunzo,Kolkata,34,833,11,4.2,19,Snacks,Cash on Delivery,1,0,4
1002431,Swiggy Instamart,Haridwar,32,482,28,9.4,12,Household,Wallet,5,0,4
1002432,Jio Mart,Delhi,57,863,12,8.0,15,Groceries,UPI,3,1,5
1002433,Swiggy Instamart,Pune,30,50,16,9.0,11,Snacks,Credit Card,4,1,3
1002434,Swiggy Instamart,Noida,57,241,14,6.6,4,Fruits & Vegetables,Credit Card,2,0,4
1002435,Jio Mart,Gurgaon,53,671,21,7.6,1,Beverages,Debit Card,3,0,3
1002437,Amazon Now,Hyderabad,18,786,13,1.5,7,Dairy,UPI,1,1,4
1002438,Big Basket,Delhi,30,57,6,5.3,1,Groceries,Credit Card,4,0,3
1002439,Blinkit,Delhi,56,307,5,6.1,4,Personal Care,Debit Card,5,0,3
1002440,Jio Mart,Kolkata,21,444,20,4.1,4,Beverages,UPI,2,1,5
1002441,Swiggy Instamart,Bengluru,27,117,12,0.7,7,Personal Care,Cash on Delivery,5,1,4
1002442,Dunzo,Mumbai,24,734,14,7.4,5,Groceries,Credit Card,4,0,5
1002443,Jio Mart,Bengluru,54,1039,22,3.4,18,Beverages,Wallet,5,0,5
1002444,Dunzo,Mumbai,50,1128,14,5.0,18,Personal Care,Credit Card,1,1,3
1002445,Dunzo,Bengluru,52,719,17,10.1,16,Dairy,UPI,1,1,3
1002446,Big Basket,Delhi,35,731,8,10.8,6,Personal Care,Debit Card,3,1,4
1002447,Zepto,Kolkata,24,362,6,2.4,12,Snacks,Cash on Delivery,3,1,4
1002448,Big Basket,Mumbai,28,824,23,12.5,16,Fruits & Vegetables,Cash on Delivery,1,1,4
1002449,Blinkit,Bengluru,47,585,16,9.6,17,Snacks,Cash on Delivery,3,0,3
1002450,Flipkart Minutes,Kolkata,49,465,17,11.4,14,Groceries,Cash on Delivery,2,0,3
1002451,Amazon Now,Haridwar,43,990,29,3.2,9,Personal Care,Debit Card,1,1,4
1002452,Jio Mart,Jaipur,59,375,23,0.6,3,Household,UPI,2,0,4
1002453,Zepto,Pune,18,1044,9,9.1,16,Household,UPI,2,1,4
1002454,Flipkart Minutes,Amritsar,51,587,20,13.6,1,Snacks,Credit Card,4,0,4
1002455,Dunzo,Bengluru,46,992,16,8.4,2,Dairy,Wallet,1,0,5
1002456,Blinkit,Chennai,27,325,11,4.7,11,Snacks,Credit Card,5,0,4
1002457,Big Basket,Noida,56,50,13,1.6,3,Snacks,UPI,5,0,4
1002458,Big Basket,Bengluru,29,648,15,1.5,2,Groceries,Debit Card,3,0,3
1002459,Zepto,Delhi,30,804,5,5.4,4,Personal Care,Credit Card,5,0,4
1002460,Swiggy Instamart,Amritsar,43,303,13,5.9,12,Snacks,UPI,2,0,4
1002461,Zepto,Noida,52,308,7,9.1,13,Beverages,UPI,1,0,5
1002462,Dunzo,Mumbai,18,384,18,12.9,5,Personal Care,Debit Card,4,1,4
1002463,Swiggy Instamart,Chennai,41,530,15,7.7,1,Snacks,Cash on Delivery,4,0,4
1002464,Dunzo,Jaipur,49,643,22,11.6,7,Personal Care,Cash on Delivery,2,0,4
1002465,Blinkit,Kolkata,43,637,13,3.3,14,Beverages,UPI,3,0,5
1002467,Flipkart Minutes,Bengluru,34,397,14,2.9,3,Fruits & Vegetables,Wallet,5,0,5
1002468,Blinkit,Gurgaon,28,497,16,13.0,4,Fruits & Vegetables,Credit Card,4,0,4
1002469,Amazon Now,Haridwar,33,50,25,1.0,8,Household,Cash on Delivery,2,1,5
1002470,Amazon Now,Kolkata,19,339,16,5.1,14,Personal Care,Cash on Delivery,3,0,3
1002471,Flipkart Minutes,Amritsar,32,744,20,11.6,18,Household,Credit Card,1,0,3
1002472,Zepto,Noida,49,458,5,1.3,19,Beverages,Wallet,3,0,4
1002473,Jio Mart,Noida,52,350,20,3.8,17,Fruits & Vegetables,Wallet,1,0,4
1002474,Dunzo,Bengluru,38,465,20,14.6,13,Fruits & Vegetables,UPI,1,0,4
1002475,Big Basket,Haridwar,46,856,29,4.9,7,Dairy,Wallet,5,1,3
1002476,Swiggy Instamart,Noida,59,703,16,7.5,18,Dairy,Debit Card,2,0,4
1002477,Blinkit,Delhi,57,738,5,4.9,7,Beverages,UPI,4,0,4
1002478,Flipkart Minutes,Bengluru,42,1120,19,13.3,10,Groceries,UPI,3,1,5
1002479,Jio Mart,Haridwar,59,534,31,2.3,12,Groceries,Debit Card,2,0,4
1002480,Zepto,Chennai,53,834,5,1.4,7,Personal Care,Credit Card,4,0,3
1002482,Flipkart Minutes,Jaipur,53,50,20,7.0,2,Snacks,UPI,2,1,5
1002483,Blinkit,Gurgaon,29,1274,20,14.6,1,Groceries,Wallet,3,1,5
1002484,Flipkart Minutes,Haridwar,33,551,26,6.4,9,Household,Wallet,3,1,4
1002485,Amazon Now,Noida,33,537,17,4.8,10,Fruits & Vegetables,Wallet,4,1,4
1002486,Big Basket,Mumbai,26,307,18,8.4,3,Dairy,Credit Card,2,0,4
1002487,Big Basket,Jaipur,21,50,26,14.3,19,Beverages,Credit Card,3,0,3
1002488,Zepto,Kolkata,28,821,6,5.3,13,Household,Wallet,4,0,5
1002489,Big Basket,Bengluru,34,444,18,8.2,18,Fruits & Vegetables,Credit Card,2,0,5
1002490,Amazon Now,Mumbai,37,835,18,1.0,14,Dairy,Debit Card,4,0,4
1002491,Flipkart Minutes,Pune,52,50,20,11.8,8,Dairy,UPI,2,1,3
1002492,Jio Mart,Jaipur,23,50,28,8.3,16,Dairy,Wallet,2,0,4
1002493,Zepto,Hyderabad,38,688,8,6.8,7,Fruits & Vegetables,Wallet,1,0,4
1002494,Blinkit,Mumbai,40,414,20,12.8,3,Snacks,Credit Card,4,0,5
1002495,Big Basket,Hyderabad,34,235,16,7.3,19,Dairy,Wallet,3,0,4
1002496,Jio Mart,Noida,18,443,18,3.5,18,Household,Cash on Delivery,4,0,4
1002497,Jio Mart,Amritsar,18,538,20,3.1,8,Fruits & Vegetables,Debit Card,4,0,5
1002498,Dunzo,Delhi,30,429,5,6.5,6,Dairy,Debit Card,4,0,4
1002499,Amazon Now,Kolkata,50,107,15,3.9,16,Snacks,Cash on Delivery,3,0,5
1002500,Big Basket,Noida,42,598,15,4.5,10,Fruits & Vegetables,Debit Card,2,0,5
1002501,Swiggy Instamart,Amritsar,30,763,15,9.4,13,Beverages,Credit Card,3,0,4
1002502,Swiggy Instamart,Bengluru,43,550,14,7.3,1,Dairy,Credit Card,3,1,4
1002503,Zepto,Haridwar,33,50,25,13.1,14,Snacks,Wallet,2,1,3
1002504,Swiggy Instamart,Bengluru,46,695,20,14.3,9,Snacks,UPI,5,0,3
1002505,Amazon Now,Chennai,43,50,15,1.1,6,Household,Credit Card,3,0,4
1002506,Swiggy Instamart,Kolkata,56,313,14,2.8,19,Personal Care,UPI,4,1,4
1002507,Flipkart Minutes,Bengluru,41,703,14,5.6,13,Dairy,UPI,2,0,4
1002508,Amazon Now,Mumbai,27,515,18,4.4,10,Personal Care,Wallet,3,1,3
1002510,Jio Mart,Mumbai,57,50,22,2.1,16,Snacks,Debit Card,5,0,4
1002511,Dunzo,Chennai,31,523,15,8.0,2,Groceries,Wallet,1,0,5
1002512,Dunzo,Kolkata,29,440,15,12.4,1,Beverages,Credit Card,1,0,4
1002513,Jio Mart,Pune,39,110,21,4.8,18,Beverages,Debit Card,4,0,2
1002514,Big Basket,Chennai,42,1150,18,9.3,13,Fruits & Vegetables,Debit Card,2,1,3
1002515,Zepto,Gurgaon,43,948,12,11.9,13,Snacks,Cash on Delivery,4,0,4
1002516,Blinkit,Hyderabad,18,484,12,5.5,17,Groceries,Cash on Delivery,3,1,5
1002517,Swiggy Instamart,Amritsar,54,1998,13,5.2,1,Beverages,Credit Card,3,1,3
1002518,Dunzo,Delhi,55,50,5,0.7,1,Dairy,Debit Card,2,0,3
1002519,Swiggy Instamart,Haridwar,23,203,24,3.7,19,Groceries,Cash on Delivery,3,0,4
1002520,Dunzo,Noida,52,737,14,8.3,15,Beverages,Credit Card,3,0,4
1002521,Blinkit,Hyderabad,43,1009,11,4.6,17,Fruits & Vegetables,Cash on Delivery,2,1,3
1002522,Zepto,Chennai,39,67,8,4.2,16,Groceries,Debit Card,5,0,4
1002523,Jio Mart,Hyderabad,37,182,23,7.4,2,Household,Wallet,1,0,3
1002524,Zepto,Amritsar,34,711,12,13.6,11,Dairy,Cash on Delivery,5,0,4
1002525,Amazon Now,Delhi,35,506,8,4.7,17,Household,Cash on Delivery,2,0,3
1002526,Jio Mart,Hyderabad,44,538,22,8.8,17,Groceries,UPI,4,0,4
1002527,Amazon Now,Amritsar,49,1417,20,7.9,9,Fruits & Vegetables,Credit Card,4,1,4
1002528,Big Basket,Hyderabad,49,380,16,6.6,3,Beverages,UPI,1,0,3
1002529,Jio Mart,Haridwar,33,407,39,13.2,16,Dairy,Cash on Delivery,4,0,4
1002530,Dunzo,Delhi,59,242,5,8.4,2,Household,UPI,4,0,3
1002531,Blinkit,Pune,28,97,14,9.9,3,Groceries,Debit Card,5,0,4
1002532,Blinkit,Hyderabad,20,1098,18,12.6,10,Beverages,Credit Card,4,0,4
1002533,Blinkit,Pune,39,850,12,1.9,5,Dairy,Credit Card,4,0,5
1002534,Swiggy Instamart,Haridwar,39,543,24,2.1,4,Household,Debit Card,3,0,4
1002536,Blinkit,Noida,27,617,12,4.9,13,Beverages,Cash on Delivery,2,1,4
1002537,Blinkit,Kolkata,44,561,13,5.6,12,Dairy,Wallet,5,1,3
1002538,Blinkit,Mumbai,26,739,14,5.0,5,Groceries,Debit Card,5,1,3
1002539,Zepto,Gurgaon,24,646,9,8.0,10,Dairy,Credit Card,5,0,3
1002540,Zepto,Chennai,31,50,12,14.4,19,Beverages,Cash on Delivery,4,0,4
1002541,Big Basket,Gurgaon,44,482,16,6.3,12,Snacks,UPI,5,1,3
1002542,Dunzo,Chennai,25,412,14,8.9,8,Snacks,Credit Card,2,1,4
1002543,Amazon Now,Amritsar,53,50,13,2.4,3,Snacks,Cash on Delivery,2,0,5
1002544,Flipkart Minutes,Hyderabad,38,499,20,14.8,13,Fruits & Vegetables,Debit Card,2,0,5
1002545,Blinkit,Bengluru,25,483,10,2.0,10,Snacks,Credit Card,5,1,5
1002546,Swiggy Instamart,Bengluru,45,527,15,4.2,12,Dairy,Debit Card,5,0,3
1002547,Swiggy Instamart,Chennai,21,473,15,9.7,1,Personal Care,UPI,2,0,3
1002548,Zepto,Haridwar,46,382,21,9.7,4,Snacks,UPI,2,0,3
1002550,Dunzo,Jaipur,34,50,17,5.6,5,Fruits & Vegetables,Cash on Delivery,2,0,4
1002551,Flipkart Minutes,Mumbai,34,795,21,10.3,15,Fruits & Vegetables,Credit Card,3,0,4
1002552,Jio Mart,Bengluru,41,578,24,10.0,18,Household,Cash on Delivery,5,1,4
1002553,Flipkart Minutes,Gurgaon,36,906,18,7.7,13,Groceries,Credit Card,2,0,4
1002554,Blinkit,Bengluru,38,250,13,5.6,3,Snacks,Debit Card,4,1,4
1002555,Amazon Now,Delhi,34,323,9,8.5,14,Groceries,UPI,3,0,3
1002556,Amazon Now,Amritsar,43,602,16,1.6,9,Snacks,Wallet,3,1,3
1002557,Dunzo,Bengluru,25,680,12,5.9,1,Snacks,Credit Card,2,1,5
1002558,Jio Mart,Amritsar,26,498,20,5.9,19,Fruits & Vegetables,Cash on Delivery,2,0,3
1002559,Flipkart Minutes,Jaipur,42,484,18,5.6,4,Groceries,Wallet,2,1,3
1002560,Zepto,Delhi,52,448,5,14.1,8,Snacks,Debit Card,4,0,3
1002561,Big Basket,Hyderabad,58,996,18,6.5,12,Snacks,Credit Card,1,1,4
1002562,Flipkart Minutes,Noida,48,50,13,3.8,9,Snacks,Cash on Delivery,4,0,2
1002563,Blinkit,Kolkata,50,525,14,9.8,9,Snacks,UPI,2,0,5
1002564,Amazon Now,Delhi,49,675,12,12.1,11,Groceries,UPI,3,0,2
1002566,Swiggy Instamart,Noida,48,539,14,8.4,16,Household,Debit Card,2,1,3
1002567,Flipkart Minutes,Gurgaon,18,634,19,11.8,19,Personal Care,Cash on Delivery,4,1,4
1002568,Swiggy Instamart,Delhi,33,50,10,14.7,16,Dairy,Credit Card,3,0,4
1002569,Blinkit,Amritsar,45,50,17,13.2,11,Personal Care,Wallet,5,1,3
1002570,Jio Mart,Noida,18,398,22,7.8,4,Fruits & Vegetables,Credit Card,3,0,5
1002571,Dunzo,Haridwar,52,50,22,4.5,5,Household,Credit Card,4,0,3
1002572,Dunzo,Gurgaon,32,1021,14,9.1,4,Groceries,Debit Card,4,0,3
1002573,Swiggy Instamart,Gurgaon,59,720,17,14.1,19,Fruits & Vegetables,Debit Card,2,0,4
1002574,Amazon Now,Gurgaon,18,687,20,10.3,16,Household,Credit Card,2,0,3
1002575,Big Basket,Hyderabad,20,425,20,10.7,18,Groceries,Wallet,4,0,4
1002576,Big Basket,Chennai,35,768,16,3.1,13,Household,Wallet,2,0,3
1002577,Zepto,Pune,29,642,5,5.5,19,Fruits & Vegetables,Credit Card,5,0,4
1002578,Jio Mart,Gurgaon,35,1020,21,7.8,15,Household,Credit Card,5,1,4
1002579,Blinkit,Noida,53,348,14,8.4,11,Snacks,UPI,2,1,3
1002580,Big Basket,Hyderabad,52,547,15,7.0,13,Beverages,Debit Card,3,0,5
1002581,Big Basket,Chennai,24,556,14,3.8,19,Beverages,Credit Card,2,1,4
1002582,Dunzo,Bengluru,31,221,16,10.6,4,Snacks,Credit Card,1,0,3
1002583,Blinkit,Haridwar,38,377,23,1.4,14,Groceries,Cash on Delivery,2,0,4
1002585,Zepto,Pune,24,100,12,14.4,2,Groceries,Cash on Delivery,4,1,4
1002586,Blinkit,Gurgaon,27,1173,13,8.1,10,Groceries,UPI,2,1,3
1002587,Amazon Now,Hyderabad,25,158,22,14.1,2,Personal Care,Debit Card,3,0,5
1002588,Dunzo,Pune,59,599,11,4.6,17,Groceries,Debit Card,3,0,4
1002589,Flipkart Minutes,Hyderabad,25,96,19,13.3,6,Household,UPI,3,0,2
1002590,Blinkit,Delhi,37,1259,5,9.5,2,Snacks,Credit Card,4,1,5
1002591,Flipkart Minutes,Amritsar,43,948,14,0.8,17,Snacks,Credit Card,3,1,4
1002592,Zepto,Chennai,30,773,9,10.2,10,Fruits & Vegetables,Debit Card,3,0,5
1002593,Jio Mart,Hyderabad,34,402,22,9.0,8,Dairy,Cash on Delivery,2,0,4
1002594,Swiggy Instamart,Bengluru,53,73,19,12.2,16,Fruits & Vegetables,Cash on Delivery,5,1,5
1002595,Amazon Now,Kolkata,23,774,20,8.5,19,Personal Care,Debit Card,2,0,5
1002596,Dunzo,Hyderabad,31,411,16,12.0,14,Fruits & Vegetables,Debit Card,3,0,5
1002597,Jio Mart,Kolkata,49,579,27,14.9,7,Personal Care,Debit Card,4,0,4
1002598,Dunzo,Chennai,23,469,11,4.1,4,Groceries,Debit Card,4,0,4
1002599,Flipkart Minutes,Gurgaon,27,602,20,12.7,4,Dairy,Cash on Delivery,2,0,4
1002600,Dunzo,Haridwar,58,50,24,5.1,1,Snacks,Debit Card,1,0,3
1002601,Swiggy Instamart,Gurgaon,22,542,11,0.7,11,Beverages,UPI,3,0,5
1002602,Jio Mart,Delhi,50,332,11,6.9,14,Household,UPI,3,0,4
1002603,Amazon Now,Amritsar,30,981,17,8.1,9,Fruits & Vegetables,UPI,2,1,3
1002604,Big Basket,Bengluru,49,404,20,10.8,8,Beverages,Wallet,5,0,5
1002605,Swiggy Instamart,Jaipur,52,863,20,5.0,17,Household,Debit Card,4,1,4
1002606,Amazon Now,Bengluru,33,473,17,1.4,8,Beverages,Credit Card,4,0,4
1002607,Swiggy Instamart,Haridwar,59,453,31,12.6,1,Groceries,Credit Card,2,1,4
1002608,Amazon Now,Haridwar,33,330,35,13.0,15,Fruits & Vegetables,Debit Card,2,1,3
1002609,Flipkart Minutes,Haridwar,41,988,29,11.6,3,Personal Care,Wallet,5,1,5
1002610,Amazon Now,Kolkata,35,317,17,5.7,16,Household,Wallet,4,0,4
1002611,Swiggy Instamart,Jaipur,47,695,21,9.2,10,Snacks,Cash on Delivery,4,0,4
1002612,Jio Mart,Delhi,32,458,9,2.0,13,Beverages,UPI,4,0,4
1002613,Amazon Now,Bengluru,55,623,18,3.7,6,Snacks,Credit Card,3,0,3
1002614,Dunzo,Gurgaon,27,515,14,9.4,17,Snacks,Cash on Delivery,1,0,4
1002616,Amazon Now,Mumbai,38,462,24,13.3,18,Fruits & Vegetables,Cash on Delivery,5,0,4
1002617,Flipkart Minutes,Chennai,43,194,16,10.3,4,Personal Care,Wallet,2,0,4
1002618,Jio Mart,Mumbai,28,159,23,6.3,16,Fruits & Vegetables,Cash on Delivery,3,0,3
1002619,Big Basket,Haridwar,22,262,34,12.6,16,Beverages,Debit Card,3,1,3
1002620,Zepto,Haridwar,46,77,21,10.9,10,Dairy,Wallet,5,0,3
1002621,Flipkart Minutes,Mumbai,45,708,15,4.3,4,Snacks,UPI,2,0,4
1002622,Jio Mart,Amritsar,28,50,21,4.5,10,Dairy,Credit Card,3,1,3
1002623,Dunzo,Hyderabad,39,750,15,13.8,2,Groceries,Cash on Delivery,1,0,4
1002624,Flipkart Minutes,Hyderabad,36,307,10,0.6,13,Groceries,Debit Card,3,0,4
1002626,Zepto,Mumbai,18,990,13,10.0,5,Household,UPI,3,1,5
1002627,Flipkart Minutes,Hyderabad,34,724,11,0.7,19,Personal Care,Wallet,3,0,4
1002628,Amazon Now,Gurgaon,55,613,17,5.7,16,Snacks,Cash on Delivery,2,0,4
1002629,Swiggy Instamart,Kolkata,20,1210,10,2.3,9,Personal Care,Credit Card,2,0,4
1002630,Zepto,Bengluru,47,859,13,11.4,5,Snacks,UPI,5,1,4
1002631,Flipkart Minutes,Mumbai,22,395,24,15.0,9,Snacks,Cash on Delivery,2,0,3
1002632,Swiggy Instamart,Delhi,31,122,10,13.1,17,Fruits & Vegetables,Credit Card,3,0,3
1002633,Blinkit,Kolkata,46,84,13,8.3,12,Household,Wallet,3,0,4
1002634,Amazon Now,Chennai,35,50,22,12.3,15,Household,Wallet,3,1,3
1002635,Jio Mart,Pune,54,499,25,12.5,19,Household,Credit Card,1,0,3
1002636,Swiggy Instamart,Noida,48,707,18,9.7,1,Fruits & Vegetables,Debit Card,4,0,3
1002637,Blinkit,Haridwar,46,574,29,12.1,2,Fruits & Vegetables,Credit Card,4,0,4
1002638,Swiggy Instamart,Jaipur,48,971,22,14.1,18,Household,UPI,2,0,3
1002639,Jio Mart,Amritsar,37,406,25,9.4,2,Fruits & Vegetables,Cash on Delivery,2,0,3
1002640,Blinkit,Gurgaon,55,1098,17,12.7,13,Household,Credit Card,5,1,3
1002641,Jio Mart,Mumbai,58,869,22,2.5,5,Beverages,UPI,1,1,3
1002642,Big Basket,Delhi,55,986,6,3.6,8,Snacks,Debit Card,4,1,4
1002643,Dunzo,Amritsar,59,465,13,6.3,18,Groceries,Credit Card,4,0,4
1002644,Zepto,Mumbai,53,392,12,8.6,5,Fruits & Vegetables,Cash on Delivery,5,0,4
1002645,Zepto,Noida,19,1867,5,2.6,1,Groceries,Wallet,3,1,3
1002646,Amazon Now,Delhi,23,300,9,7.2,11,Snacks,Wallet,4,1,3
1002647,Jio Mart,Hyderabad,48,1045,26,10.8,6,Groceries,Debit Card,2,0,4
1002648,Zepto,Jaipur,59,741,12,3.1,10,Beverages,Debit Card,3,0,3
1002649,Big Basket,Bengluru,51,643,20,10.0,14,Groceries,UPI,3,1,4
1002650,Jio Mart,Pune,52,577,23,12.1,6,Dairy,Cash on Delivery,5,0,3
1002651,Flipkart Minutes,Gurgaon,21,761,16,6.9,19,Household,Debit Card,2,1,3
1002652,Big Basket,Gurgaon,21,374,23,14.6,3,Personal Care,Debit Card,4,0,4
1002653,Swiggy Instamart,Amritsar,21,938,17,14.1,15,Dairy,Debit Card,4,1,4
1002654,Swiggy Instamart,Chennai,52,303,11,0.6,10,Household,UPI,3,0,4
1002655,Amazon Now,Hyderabad,46,198,19,6.7,13,Dairy,UPI,4,0,4
1002656,Big Basket,Delhi,56,523,6,5.4,7,Fruits & Vegetables,Wallet,3,0,4
1002657,Amazon Now,Gurgaon,31,630,14,1.4,10,Household,Credit Card,2,0,3
1002659,Blinkit,Hyderabad,46,196,12,1.5,9,Personal Care,Debit Card,1,1,5
1002660,Zepto,Hyderabad,28,1127,7,6.6,11,Fruits & Vegetables,Cash on Delivery,3,1,4
1002661,Jio Mart,Jaipur,18,368,22,0.9,16,Snacks,Wallet,2,0,3
1002662,Jio Mart,Chennai,42,50,21,7.6,13,Fruits & Vegetables,UPI,4,1,3
1002663,Dunzo,Mumbai,19,368,19,14.1,17,Beverages,UPI,3,1,4
1002664,Big Basket,Kolkata,59,574,17,10.0,16,Snacks,UPI,3,0,3
1002665,Amazon Now,Pune,53,684,19,10.3,19,Dairy,Wallet,2,0,5
1002666,Dunzo,Kolkata,33,812,11,6.3,19,Household,Wallet,4,1,4
1002667,Dunzo,Kolkata,18,591,18,13.2,17,Fruits & Vegetables,Wallet,2,1,3
1002668,Amazon Now,Gurgaon,35,804,20,12.8,16,Fruits & Vegetables,Cash on Delivery,5,1,4
1002669,Big Basket,Hyderabad,27,124,21,13.7,9,Snacks,UPI,3,0,3
1002670,Flipkart Minutes,Mumbai,52,835,18,10.4,13,Household,Cash on Delivery,4,0,3
1002671,Flipkart Minutes,Bengluru,24,272,15,5.5,1,Personal Care,Debit Card,5,1,5
1002672,Dunzo,Noida,57,1019,13,8.9,4,Beverages,Wallet,4,1,4
1002673,Flipkart Minutes,Amritsar,40,269,20,12.6,7,Personal Care,Debit Card,5,0,4
1002674,Big Basket,Amritsar,56,617,18,9.3,9,Fruits & Vegetables,UPI,3,1,4
1002675,Jio Mart,Haridwar,56,177,36,9.0,10,Personal Care,Credit Card,3,0,5
1002676,Zepto,Jaipur,58,330,17,11.6,19,Fruits & Vegetables,Credit Card,5,0,4
1002677,Amazon Now,Haridwar,28,810,28,4.9,12,Fruits & Vegetables,Credit Card,2,1,3
1002678,Big Basket,Mumbai,35,744,17,1.5,3,Household,Credit Card,4,1,4
1002679,Big Basket,Pune,42,855,18,7.2,17,Dairy,Debit Card,3,1,4
1002680,Big Basket,Kolkata,30,400,18,11.4,18,Snacks,Wallet,4,0,5
1002681,Flipkart Minutes,Gurgaon,19,783,10,0.6,9,Dairy,Cash on Delivery,4,0,4
1002682,Swiggy Instamart,Bengluru,34,1033,17,8.6,5,Personal Care,Cash on Delivery,4,0,3
1002683,Swiggy Instamart,Hyderabad,42,705,18,9.4,3,Beverages,Cash on Delivery,3,0,4
1002684,Blinkit,Gurgaon,37,862,12,4.1,16,Household,Debit Card,5,0,5
1002685,Big Basket,Mumbai,20,1213,24,14.6,13,Personal Care,UPI,4,1,5
1002686,Dunzo,Gurgaon,23,1171,8,1.9,2,Household,Wallet,1,1,4
1002687,Swiggy Instamart,Chennai,21,670,18,13.3,7,Dairy,Cash on Delivery,2,1,2
1002688,Zepto,Kolkata,38,928,12,12.0,1,Household,UPI,4,1,5
1002689,Zepto,Kolkata,20,475,5,0.5,7,Groceries,Credit Card,3,0,4
1002690,Blinkit,Pune,45,214,14,7.2,9,Snacks,UPI,3,0,4
1002691,Amazon Now,Bengluru,23,90,18,4.0,14,Groceries,UPI,4,0,4
1002692,Swiggy Instamart,Jaipur,40,659,22,12.3,9,Personal Care,Wallet,2,1,3
1002693,Swiggy Instamart,Chennai,28,376,10,0.7,9,Snacks,Cash on Delivery,5,1,4
1002694,Zepto,Hyderabad,26,893,5,4.8,7,Personal Care,Credit Card,2,0,3
1002695,Zepto,Hyderabad,38,1126,10,7.8,12,Beverages,UPI,4,1,4
1002696,Zepto,Gurgaon,21,964,7,4.1,16,Beverages,Credit Card,5,1,4
1002698,Swiggy Instamart,Haridwar,25,50,30,14.2,2,Fruits & Vegetables,Cash on Delivery,5,1,4
1002699,Big Basket,Jaipur,23,507,20,4.7,7,Dairy,Debit Card,3,0,5
1002700,Amazon Now,Amritsar,37,50,19,10.8,17,Snacks,Debit Card,5,0,3
1002701,Zepto,Bengluru,37,629,8,4.2,19,Beverages,UPI,2,0,4
1002702,Dunzo,Bengluru,37,199,18,13.3,16,Dairy,UPI,5,0,5
1002703,Big Basket,Gurgaon,27,119,16,7.2,6,Groceries,Debit Card,4,0,3
1002704,Blinkit,Amritsar,41,50,13,7.5,13,Snacks,Credit Card,5,0,3
1002705,Flipkart Minutes,Kolkata,27,966,19,11.1,5,Dairy,Credit Card,4,0,4
1002706,Dunzo,Kolkata,39,816,17,14.4,10,Groceries,Credit Card,4,1,3
1002707,Amazon Now,Pune,19,50,24,14.6,15,Groceries,Cash on Delivery,3,1,4
1002708,Swiggy Instamart,Jaipur,33,1109,18,7.2,7,Personal Care,UPI,4,1,4
1002709,Big Basket,Haridwar,42,50,30,8.2,12,Fruits & Vegetables,Cash on Delivery,1,0,4
1002710,Big Basket,Hyderabad,46,320,15,3.7,11,Beverages,Cash on Delivery,4,0,3
1002711,Jio Mart,Bengluru,30,605,27,11.1,11,Groceries,Cash on Delivery,3,1,5
1002713,Dunzo,Amritsar,22,153,15,12.3,11,Personal Care,Debit Card,4,0,3
1002714,Zepto,Amritsar,23,1043,6,3.2,10,Beverages,Debit Card,3,1,4
1002715,Big Basket,Pune,22,800,13,2.6,16,Fruits & Vegetables,Credit Card,4,1,5
1002716,Zepto,Hyderabad,52,50,5,1.3,13,Dairy,Cash on Delivery,3,0,4
1002717,Dunzo,Pune,32,50,16,10.6,19,Household,Debit Card,2,0,3
1002718,Jio Mart,Pune,21,732,22,7.9,18,Household,Credit Card,1,0,4
1002719,Big Basket,Kolkata,42,525,18,10.0,13,Snacks,Debit Card,1,0,4
1002720,Swiggy Instamart,Kolkata,50,50,12,4.8,7,Household,Cash on Delivery,4,1,3
1002721,Dunzo,Chennai,37,485,14,10.4,10,Fruits & Vegetables,UPI,3,0,4
1002722,Zepto,Mumbai,28,795,10,7.0,8,Fruits & Vegetables,Debit Card,3,1,4
1002723,Flipkart Minutes,Delhi,35,360,5,2.4,2,Personal Care,Credit Card,3,1,3
1002724,Swiggy Instamart,Noida,51,750,15,6.4,17,Dairy,Wallet,3,0,4
1002725,Blinkit,Haridwar,48,833,29,12.5,15,Groceries,Credit Card,2,1,4
1002726,Dunzo,Pune,41,729,14,8.0,14,Household,Debit Card,2,0,4
1002727,Big Basket,Gurgaon,52,675,19,8.1,15,Beverages,Cash on Delivery,3,0,3
1002728,Dunzo,Jaipur,40,459,15,1.6,19,Fruits & Vegetables,Cash on Delivery,3,1,4
1002729,Zepto,Hyderabad,18,50,12,11.2,17,Dairy,Debit Card,2,0,4
1002730,Dunzo,Hyderabad,19,1020,8,1.2,9,Fruits & Vegetables,Credit Card,1,0,3
1002731,Amazon Now,Chennai,18,214,16,7.1,4,Personal Care,Credit Card,3,0,5
1002733,Zepto,Pune,41,99,6,2.5,6,Household,UPI,2,0,4
1002734,Blinkit,Noida,47,474,19,14.3,11,Fruits & Vegetables,UPI,3,0,4
1002735,Jio Mart,Hyderabad,56,517,22,8.5,19,Snacks,Debit Card,4,0,3
1002736,Flipkart Minutes,Haridwar,33,50,26,4.4,9,Dairy,UPI,1,1,3
1002737,Dunzo,Kolkata,44,558,19,15.0,1,Groceries,Credit Card,4,0,4
1002738,Jio Mart,Chennai,39,231,21,5.5,17,Household,Credit Card,3,0,4
1002739,Jio Mart,Mumbai,59,608,26,10.4,16,Groceries,Cash on Delivery,2,1,4
1002740,Big Basket,Chennai,54,616,18,6.3,2,Beverages,Cash on Delivery,4,0,4
1002741,Jio Mart,Delhi,57,560,13,8.0,3,Groceries,Credit Card,2,1,4
1002742,Zepto,Jaipur,56,345,11,5.6,9,Dairy,UPI,3,1,3
1002743,Amazon Now,Pune,58,450,18,9.7,5,Beverages,Debit Card,2,0,4
1002744,Jio Mart,Noida,42,469,22,5.0,15,Fruits & Vegetables,Credit Card,4,0,4
1002745,Amazon Now,Delhi,35,1160,12,11.2,6,Groceries,Wallet,3,0,3
1002746,Flipkart Minutes,Jaipur,39,351,18,2.5,11,Fruits & Vegetables,Cash on Delivery,3,0,4
1002747,Jio Mart,Mumbai,33,246,21,1.9,12,Fruits & Vegetables,UPI,2,0,4
1002748,Big Basket,Delhi,28,1538,10,12.7,19,Beverages,Cash on Delivery,4,1,4
1002749,Dunzo,Pune,30,590,19,14.9,5,Snacks,Cash on Delivery,1,0,4
1002750,Blinkit,Hyderabad,28,50,16,11.5,10,Personal Care,Cash on Delivery,3,0,4
1002751,Jio Mart,Haridwar,42,786,37,14.4,5,Groceries,Cash on Delivery,2,0,5
1002752,Amazon Now,Chennai,52,557,23,12.6,3,Dairy,Wallet,5,0,4
1002753,Zepto,Haridwar,40,216,19,2.6,6,Groceries,Cash on Delivery,5,0,4
1002754,Flipkart Minutes,Delhi,56,549,5,2.5,4,Snacks,UPI,4,0,4
1002755,Swiggy Instamart,Kolkata,40,298,15,4.9,19,Household,Wallet,2,0,5
1002756,Amazon Now,Hyderabad,57,827,20,10.1,14,Dairy,Cash on Delivery,2,0,2
1002757,Amazon Now,Kolkata,42,521,21,10.5,9,Dairy,Debit Card,2,0,4
1002758,Zepto,Amritsar,48,101,9,10.4,2,Groceries,Debit Card,2,0,4
1002759,Blinkit,Kolkata,54,859,14,5.7,4,Snacks,Debit Card,5,0,3
1002760,Dunzo,Delhi,47,369,5,12.1,16,Dairy,Cash on Delivery,4,1,3
1002761,Swiggy Instamart,Delhi,41,559,9,11.8,19,Snacks,UPI,3,0,5
1002762,Swiggy Instamart,Jaipur,51,1094,24,13.3,7,Snacks,Debit Card,4,1,3
1002763,Amazon Now,Hyderabad,40,1031,17,7.0,18,Groceries,Wallet,1,1,3
1002764,Amazon Now,Pune,34,337,17,3.3,19,Groceries,Wallet,3,0,3
1002765,Big Basket,Kolkata,55,1049,20,10.6,1,Snacks,UPI,2,0,5
1002766,Dunzo,Haridwar,44,508,30,14.5,7,Snacks,Debit Card,3,1,4
1002767,Dunzo,Bengluru,47,50,16,10.8,6,Household,Credit Card,4,1,4
1002768,Jio Mart,Bengluru,53,692,21,1.0,17,Beverages,Cash on Delivery,3,0,5
1002769,Swiggy Instamart,Jaipur,49,669,15,1.6,1,Snacks,Debit Card,3,1,3
1002770,Dunzo,Pune,34,421,12,3.6,18,Beverages,UPI,4,0,3
1002771,Swiggy Instamart,Noida,18,952,17,12.1,7,Dairy,Credit Card,3,1,4
1002772,Big Basket,Kolkata,41,842,17,5.1,16,Personal Care,Cash on Delivery,4,1,5
1002773,Amazon Now,Delhi,42,371,6,4.1,7,Household,Wallet,2,1,4
1002774,Jio Mart,Pune,19,629,26,10.8,14,Snacks,Credit Card,4,0,4
1002775,Swiggy Instamart,Jaipur,39,882,18,5.1,19,Household,UPI,2,1,5
1002776,Amazon Now,Gurgaon,48,527,23,13.0,9,Personal Care,UPI,4,0,4
1002777,Swiggy Instamart,Kolkata,23,299,14,8.4,1,Groceries,Debit Card,4,0,5
1002778,Amazon Now,Pune,19,812,16,6.8,15,Beverages,Wallet,3,1,4
1002779,Amazon Now,Jaipur,41,50,22,6.7,16,Groceries,Cash on Delivery,4,1,3
1002780,Swiggy Instamart,Noida,46,485,12,1.9,12,Groceries,UPI,3,0,5
1002781,Big Basket,Bengluru,33,633,23,13.3,13,Beverages,UPI,4,0,5
1002782,Jio Mart,Pune,31,402,25,14.9,5,Beverages,UPI,4,0,3
1002783,Flipkart Minutes,Pune,39,351,19,11.4,13,Fruits & Vegetables,Wallet,2,0,5
1002784,Amazon Now,Delhi,56,50,10,13.8,11,Beverages,UPI,1,0,4
1002785,Flipkart Minutes,Jaipur,44,1014,23,8.7,6,Fruits & Vegetables,Wallet,4,1,3
1002786,Zepto,Delhi,43,586,5,12.2,3,Dairy,Credit Card,2,1,3
1002787,Swiggy Instamart,Jaipur,18,644,19,4.8,4,Dairy,Wallet,2,0,5
1002788,Blinkit,Gurgaon,23,162,18,13.6,15,Groceries,Credit Card,3,0,4
1002789,Amazon Now,Kolkata,22,569,23,13.9,5,Household,Cash on Delivery,2,0,3
1002790,Swiggy Instamart,Gurgaon,31,183,16,7.4,2,Household,UPI,5,0,3
1002791,Dunzo,Kolkata,59,291,17,11.3,3,Household,Wallet,1,0,4
1002792,Dunzo,Mumbai,28,671,16,8.4,1,Dairy,Cash on Delivery,4,1,4
1002793,Big Basket,Mumbai,20,183,23,13.4,2,Fruits & Vegetables,Cash on Delivery,5,0,4
1002794,Blinkit,Noida,23,1121,11,3.7,10,Household,Credit Card,4,1,4
1002795,Big Basket,Haridwar,29,50,29,4.7,19,Personal Care,Cash on Delivery,3,0,4
1002796,Flipkart Minutes,Noida,26,427,19,12.3,3,Fruits & Vegetables,UPI,1,0,4
1002797,Zepto,Haridwar,18,613,20,10.2,12,Groceries,Debit Card,2,0,4
1002798,Blinkit,Mumbai,47,167,19,15.0,16,Groceries,Credit Card,3,0,4
1002799,Jio Mart,Mumbai,40,363,25,6.4,5,Fruits & Vegetables,Cash on Delivery,1,0,4
1002800,Big Basket,Kolkata,33,534,13,3.7,8,Personal Care,Wallet,2,0,3
1002801,Big Basket,Kolkata,24,696,16,5.4,16,Groceries,Wallet,4,0,4
1002802,Big Basket,Chennai,37,992,17,5.6,19,Personal Care,Credit Card,2,1,4
1002803,Amazon Now,Kolkata,37,308,22,14.2,8,Fruits & Vegetables,Credit Card,2,0,5
1002804,Dunzo,Chennai,46,481,16,13.4,6,Dairy,Wallet,4,0,3
1002805,Blinkit,Chennai,31,457,17,10.5,15,Household,Credit Card,4,0,4
1002806,Swiggy Instamart,Kolkata,59,419,10,2.1,4,Household,Wallet,4,0,3
1002807,Dunzo,Pune,38,407,18,14.2,11,Snacks,Cash on Delivery,2,0,3
1002808,Blinkit,Mumbai,24,404,15,7.3,13,Personal Care,Cash on Delivery,4,1,3
1002810,Zepto,Bengluru,23,1390,9,10.6,13,Beverages,Cash on Delivery,5,1,4
1002811,Big Basket,Kolkata,24,320,15,4.6,1,Dairy,UPI,2,0,3
1002813,Jio Mart,Hyderabad,34,50,21,7.8,16,Household,Debit Card,1,1,4
1002814,Big Basket,Hyderabad,22,1454,15,1.5,2,Personal Care,Cash on Delivery,2,1,3
1002815,Big Basket,Noida,40,296,15,4.6,13,Groceries,Credit Card,4,0,4
1002816,Big Basket,Hyderabad,48,836,12,1.1,17,Fruits & Vegetables,Cash on Delivery,1,0,4
1002817,Jio Mart,Delhi,22,1032,15,14.4,14,Snacks,Wallet,2,1,4
1002818,Dunzo,Amritsar,53,572,16,10.0,13,Groceries,Debit Card,1,1,4
1002819,Big Basket,Delhi,51,1630,5,1.8,19,Snacks,Debit Card,3,1,5
1002820,Dunzo,Chennai,23,315,17,12.0,18,Dairy,UPI,2,1,4
1002821,Dunzo,Jaipur,27,50,16,1.8,6,Groceries,Cash on Delivery,1,0,3
1002822,Flipkart Minutes,Chennai,59,826,17,9.9,13,Groceries,UPI,3,1,5
1002823,Dunzo,Gurgaon,28,375,18,12.8,2,Household,Wallet,2,1,5
1002824,Swiggy Instamart,Delhi,45,364,5,9.1,9,Personal Care,UPI,3,0,3
1002825,Flipkart Minutes,Hyderabad,39,404,18,9.2,9,Beverages,UPI,1,1,5
1002826,Big Basket,Gurgaon,45,1339,19,13.5,14,Household,Debit Card,3,1,4
1002827,Flipkart Minutes,Chennai,52,1213,18,13.0,1,Beverages,Credit Card,4,0,3
1002828,Blinkit,Haridwar,46,594,29,9.9,2,Beverages,Wallet,2,0,3
1002829,Flipkart Minutes,Jaipur,48,425,24,11.2,15,Snacks,Wallet,3,0,3
1002830,Blinkit,Haridwar,30,929,21,1.3,16,Snacks,Credit Card,4,0,4
1002831,Jio Mart,Mumbai,32,209,22,7.0,14,Snacks,Wallet,4,0,4
1002832,Big Basket,Noida,48,961,15,4.6,4,Personal Care,Credit Card,3,0,4
1002833,Dunzo,Delhi,43,666,5,10.2,19,Beverages,Credit Card,1,1,4
1002834,Blinkit,Mumbai,45,227,12,2.2,11,Fruits & Vegetables,UPI,5,0,3
1002835,Flipkart Minutes,Jaipur,44,1018,24,10.6,13,Snacks,Wallet,4,1,3
1002836,Zepto,Noida,37,411,10,9.5,7,Groceries,Cash on Delivery,3,0,3
1002837,Dunzo,Pune,52,930,9,2.3,1,Fruits & Vegetables,Debit Card,4,0,4
1002838,Dunzo,Hyderabad,48,1168,10,1.7,2,Dairy,Debit Card,1,1,3
1002839,Dunzo,Mumbai,38,85,17,13.7,6,Fruits & Vegetables,Debit Card,3,0,4
1002840,Jio Mart,Noida,59,856,23,9.7,8,Personal Care,UPI,4,0,3
1002841,Blinkit,Jaipur,59,1036,19,4.3,12,Household,Cash on Delivery,4,1,5
1002842,Big Basket,Noida,28,266,20,10.5,19,Household,Wallet,5,0,4
1002843,Blinkit,Noida,58,522,11,5.7,19,Dairy,Debit Card,5,0,4
1002844,Blinkit,Delhi,49,612,5,10.8,11,Snacks,UPI,2,0,3
1002845,Zepto,Gurgaon,42,526,8,5.3,16,Beverages,UPI,4,1,3
1002846,Blinkit,Chennai,45,1167,12,6.6,4,Groceries,UPI,4,1,3
1002847,Jio Mart,Kolkata,51,110,24,9.2,13,Snacks,Cash on Delivery,1,0,3
1002848,Amazon Now,Mumbai,42,292,20,4.3,11,Dairy,Credit Card,1,1,4
1002849,Dunzo,Pune,28,729,17,12.5,1,Fruits & Vegetables,Credit Card,2,0,4
1002850,Blinkit,Bengluru,40,469,14,8.6,16,Beverages,Debit Card,5,1,3
1002851,Zepto,Pune,57,50,6,4.6,6,Groceries,Debit Card,5,1,3
1002852,Flipkart Minutes,Delhi,30,220,5,5.6,18,Dairy,Cash on Delivery,3,0,3
1002853,Dunzo,Kolkata,38,435,14,6.4,16,Groceries,Wallet,3,0,4
1002854,Flipkart Minutes,Gurgaon,38,640,16,9.5,12,Household,Wallet,3,0,3
1002855,Jio Mart,Jaipur,44,135,26,3.8,15,Fruits & Vegetables,Wallet,3,0,3
1002856,Amazon Now,Gurgaon,22,703,16,1.6,19,Dairy,UPI,5,0,4
1002857,Jio Mart,Kolkata,54,587,23,11.6,19,Fruits & Vegetables,Wallet,3,0,4
1002858,Amazon Now,Bengluru,32,731,22,12.8,6,Snacks,Debit Card,3,1,5
1002859,Dunzo,Kolkata,38,425,11,2.5,2,Personal Care,Credit Card,4,0,4
1002860,Swiggy Instamart,Chennai,32,1047,16,10.4,11,Beverages,Cash on Delivery,3,0,4
1002861,Zepto,Haridwar,28,109,21,8.4,3,Personal Care,Cash on Delivery,2,1,4
1002862,Big Basket,Noida,47,50,16,4.7,8,Beverages,Cash on Delivery,5,1,4
1002863,Swiggy Instamart,Bengluru,51,548,19,11.2,10,Household,Credit Card,3,0,5
1002864,Amazon Now,Bengluru,29,386,23,14.1,8,Dairy,Wallet,3,0,4
1002865,Swiggy Instamart,Hyderabad,52,143,12,5.5,19,Household,Debit Card,3,1,4
1002867,Swiggy Instamart,Bengluru,25,1066,19,9.6,19,Beverages,Cash on Delivery,3,0,3
1002868,Blinkit,Hyderabad,51,280,14,10.7,13,Groceries,Wallet,5,0,4
1002869,Dunzo,Jaipur,22,1217,18,10.5,15,Dairy,Cash on Delivery,1,1,3
1002870,Amazon Now,Noida,41,591,17,9.0,18,Snacks,Credit Card,3,0,5
1002871,Zepto,Amritsar,31,683,13,13.3,16,Snacks,Debit Card,1,0,4
1002872,Swiggy Instamart,Gurgaon,56,712,12,4.0,15,Personal Care,UPI,2,0,4
1002873,Amazon Now,Mumbai,20,312,20,9.0,19,Beverages,Wallet,2,1,4
1002874,Blinkit,Noida,23,354,14,6.2,19,Personal Care,Credit Card,5,0,4
1002875,Flipkart Minutes,Delhi,38,585,5,3.3,19,Dairy,Debit Card,3,0,5
1002876,Zepto,Kolkata,34,459,8,10.4,5,Beverages,Cash on Delivery,5,0,4
1002877,Flipkart Minutes,Hyderabad,49,50,20,14.9,1,Fruits & Vegetables,UPI,2,1,4
1002879,Amazon Now,Jaipur,35,404,22,5.0,16,Groceries,Credit Card,3,0,3
1002880,Swiggy Instamart,Hyderabad,54,754,14,2.8,5,Beverages,UPI,1,1,3
1002881,Amazon Now,Hyderabad,20,224,15,4.0,10,Dairy,Wallet,1,1,3
1002882,Swiggy Instamart,Bengluru,54,783,12,3.8,11,Groceries,Credit Card,3,0,4
1002883,Amazon Now,Noida,47,652,19,10.2,15,Groceries,Wallet,3,0,4
1002884,Amazon Now,Mumbai,22,599,17,3.9,18,Beverages,UPI,4,0,3
1002885,Flipkart Minutes,Delhi,28,748,7,10.3,18,Household,Cash on Delivery,5,1,4
1002886,Flipkart Minutes,Amritsar,26,892,21,12.9,8,Snacks,Cash on Delivery,2,1,3
1002887,Swiggy Instamart,Amritsar,52,210,13,1.9,19,Fruits & Vegetables,Wallet,5,0,4
1002888,Big Basket,Hyderabad,26,1645,23,14.8,19,Snacks,Credit Card,3,1,3
1002889,Big Basket,Kolkata,32,738,17,8.8,18,Groceries,Credit Card,1,0,5
1002891,Dunzo,Jaipur,52,775,16,1.9,2,Dairy,UPI,3,1,3
1002892,Amazon Now,Haridwar,38,101,29,6.1,8,Beverages,Cash on Delivery,1,1,4
1002893,Big Basket,Haridwar,30,586,29,4.8,18,Fruits & Vegetables,UPI,4,1,3
1002894,Zepto,Amritsar,42,1037,10,9.8,17,Dairy,Cash on Delivery,2,0,5
1002895,Swiggy Instamart,Pune,31,1190,21,14.7,17,Household,Wallet,2,1,4
1002896,Jio Mart,Kolkata,37,50,20,5.0,3,Dairy,UPI,3,0,3
1002898,Amazon Now,Amritsar,21,410,16,1.7,15,Groceries,Wallet,3,1,4
1002899,Dunzo,Hyderabad,37,408,13,4.9,16,Fruits & Vegetables,Debit Card,1,0,4
1002900,Jio Mart,Haridwar,22,176,30,4.1,19,Household,Credit Card,3,0,5
1002901,Amazon Now,Delhi,19,1336,11,15.0,13,Fruits & Vegetables,Cash on Delivery,2,1,5
1002902,Zepto,Jaipur,24,50,19,14.5,18,Household,Cash on Delivery,5,0,4
1002903,Blinkit,Hyderabad,59,661,11,2.0,18,Groceries,Debit Card,4,1,3
1002904,Zepto,Noida,18,395,9,12.1,7,Dairy,Wallet,3,0,3
1002905,Dunzo,Chennai,54,83,16,11.8,17,Groceries,Credit Card,2,0,4
1002906,Amazon Now,Pune,43,664,19,9.4,18,Dairy,UPI,4,0,4
1002907,Blinkit,Hyderabad,50,723,16,7.6,15,Household,Debit Card,3,0,4
1002908,Amazon Now,Chennai,21,1002,18,9.2,1,Dairy,Cash on Delivery,2,0,4
1002909,Flipkart Minutes,Gurgaon,34,778,15,4.9,10,Personal Care,Wallet,3,0,4
1002910,Swiggy Instamart,Amritsar,22,1047,18,9.4,7,Beverages,Credit Card,2,1,4
1002911,Dunzo,Hyderabad,31,944,8,1.8,6,Dairy,UPI,2,1,3
1002912,Jio Mart,Amritsar,39,670,20,4.4,14,Dairy,Debit Card,2,1,4
1002913,Amazon Now,Mumbai,41,823,17,5.0,19,Groceries,Debit Card,1,0,3
1002914,Zepto,Hyderabad,54,1124,13,12.9,15,Fruits & Vegetables,Cash on Delivery,4,0,4
1002915,Flipkart Minutes,Haridwar,55,519,23,2.0,12,Dairy,Wallet,4,0,3
1002917,Jio Mart,Amritsar,38,922,19,3.5,5,Groceries,Credit Card,4,1,4
1002918,Blinkit,Kolkata,58,564,14,9.1,3,Groceries,Credit Card,4,1,4
1002919,Swiggy Instamart,Mumbai,31,423,15,4.0,10,Dairy,Cash on Delivery,2,0,3
1002920,Flipkart Minutes,Hyderabad,38,613,16,4.9,19,Dairy,Wallet,2,0,4
1002921,Dunzo,Noida,37,345,17,13.3,10,Household,UPI,1,0,4
1002922,Big Basket,Noida,40,833,13,3.1,19,Fruits & Vegetables,Wallet,5,1,5
1002923,Jio Mart,Chennai,32,249,19,5.5,10,Snacks,Credit Card,2,0,5
1002924,Swiggy Instamart,Kolkata,56,770,16,10.8,19,Dairy,Cash on Delivery,5,0,3
1002925,Zepto,Bengluru,55,654,8,6.1,15,Personal Care,UPI,3,0,5
1002926,Jio Mart,Pune,46,731,27,13.9,7,Fruits & Vegetables,UPI,3,0,3
1002927,Zepto,Amritsar,44,821,11,12.5,16,Personal Care,Debit Card,3,0,3
1002928,Jio Mart,Mumbai,57,401,24,10.4,6,Dairy,Debit Card,1,1,4
1002929,Amazon Now,Jaipur,56,261,23,4.5,15,Household,Debit Card,2,0,4
1002930,Jio Mart,Pune,30,282,18,2.4,3,Snacks,UPI,2,1,3
1002931,Zepto,Hyderabad,29,752,12,14.5,18,Snacks,UPI,1,0,3
1002932,Flipkart Minutes,Chennai,58,227,17,10.0,11,Household,Wallet,5,0,4
1002933,Swiggy Instamart,Haridwar,34,442,30,10.0,7,Groceries,Credit Card,3,0,4
1002935,Swiggy Instamart,Haridwar,21,665,29,13.3,13,Household,Cash on Delivery,3,1,3
1002936,Swiggy Instamart,Kolkata,51,490,18,13.1,11,Snacks,Debit Card,2,1,3
1002937,Jio Mart,Haridwar,49,156,31,4.0,17,Fruits & Vegetables,UPI,2,0,4
1002938,Amazon Now,Mumbai,20,205,24,12.9,11,Groceries,UPI,2,0,5
1002939,Flipkart Minutes,Kolkata,50,443,18,8.0,3,Snacks,UPI,5,1,4
1002940,Big Basket,Delhi,43,340,10,14.5,1,Household,Wallet,4,1,5
1002941,Swiggy Instamart,Chennai,49,787,16,11.3,9,Dairy,Credit Card,2,0,5
1002942,Flipkart Minutes,Hyderabad,46,396,17,8.2,6,Groceries,UPI,4,0,4
1002943,Amazon Now,Kolkata,47,945,15,3.4,19,Fruits & Vegetables,Wallet,1,0,4
1002944,Dunzo,Amritsar,32,1408,11,1.2,1,Personal Care,Debit Card,1,1,5
1002946,Big Basket,Bengluru,44,417,21,13.5,11,Fruits & Vegetables,Cash on Delivery,4,1,3
1002947,Big Basket,Bengluru,39,1385,14,1.1,7,Dairy,Wallet,2,1,4
1002948,Flipkart Minutes,Hyderabad,57,499,16,4.4,1,Dairy,Debit Card,1,0,4
1002949,Dunzo,Bengluru,29,730,12,6.0,10,Household,Wallet,4,1,4
1002950,Jio Mart,Gurgaon,47,645,26,12.6,10,Beverages,Cash on Delivery,4,1,4
1002951,Dunzo,Chennai,57,244,16,12.2,14,Groceries,Cash on Delivery,1,0,3
1002952,Jio Mart,Bengluru,24,484,20,3.1,18,Household,Credit Card,4,1,4
1002953,Big Basket,Kolkata,22,877,16,4.7,1,Household,Credit Card,2,0,4
1002954,Dunzo,Bengluru,55,456,14,10.6,19,Fruits & Vegetables,UPI,2,0,4
1002955,Dunzo,Kolkata,37,888,15,7.7,17,Beverages,Credit Card,1,0,3
1002956,Jio Mart,Haridwar,31,395,32,5.4,12,Fruits & Vegetables,Wallet,2,1,4
1002957,Blinkit,Noida,40,102,10,2.5,5,Snacks,Debit Card,4,0,3
1002958,Dunzo,Chennai,21,889,18,14.2,10,Dairy,Cash on Delivery,1,1,3
1002959,Dunzo,Chennai,44,867,12,2.9,12,Groceries,Debit Card,4,1,4
1002960,Swiggy Instamart,Amritsar,58,945,16,6.2,6,Beverages,UPI,3,0,4
1002961,Swiggy Instamart,Pune,28,502,12,1.8,5,Snacks,Credit Card,4,0,4
1002962,Swiggy Instamart,Delhi,57,1431,5,6.4,11,Snacks,Wallet,4,1,5
1002963,Big Basket,Chennai,42,779,13,3.6,16,Fruits & Vegetables,Debit Card,2,1,4
1002964,Blinkit,Pune,46,1697,14,6.1,4,Dairy,UPI,2,1,4
1002965,Amazon Now,Chennai,51,50,18,6.5,17,Dairy,Cash on Delivery,2,1,5
1002966,Swiggy Instamart,Jaipur,50,781,19,7.0,2,Household,Cash on Delivery,4,1,4
1002967,Blinkit,Chennai,36,739,15,7.0,6,Snacks,Wallet,3,1,4
1002968,Big Basket,Hyderabad,51,1345,17,6.4,14,Household,Credit Card,2,1,4
1002969,Dunzo,Chennai,36,896,12,3.8,5,Groceries,Wallet,1,1,4
1002970,Flipkart Minutes,Pune,37,1165,15,8.8,9,Snacks,Wallet,4,1,4
1002971,Amazon Now,Noida,56,284,16,4.2,1,Snacks,Debit Card,4,0,4
1002973,Jio Mart,Mumbai,29,475,28,12.6,7,Household,Cash on Delivery,2,0,4
1002974,Jio Mart,Noida,23,460,24,14.0,19,Snacks,Wallet,3,1,4
1002975,Zepto,Amritsar,18,1406,7,4.1,8,Household,Cash on Delivery,4,1,3
1002976,Zepto,Bengluru,47,512,8,8.8,5,Personal Care,Wallet,5,1,4
1002977,Jio Mart,Kolkata,18,1271,20,1.1,17,Groceries,Credit Card,2,1,3
1002978,Flipkart Minutes,Delhi,38,518,5,5.8,12,Fruits & Vegetables,Credit Card,2,1,4
1002979,Blinkit,Mumbai,19,586,13,3.7,1,Dairy,Wallet,5,0,4
1002980,Blinkit,Delhi,18,811,5,0.9,8,Beverages,Debit Card,4,1,3
1002981,Flipkart Minutes,Mumbai,58,446,14,1.3,10,Household,Credit Card,3,0,4
1002982,Dunzo,Pune,29,1182,13,4.9,17,Groceries,UPI,1,0,3
1002983,Swiggy Instamart,Delhi,58,1008,8,10.5,2,Fruits & Vegetables,UPI,5,0,5
1002984,Flipkart Minutes,Jaipur,29,613,19,6.4,15,Household,Wallet,4,1,5
1002985,Flipkart Minutes,Bengluru,43,971,21,14.8,7,Groceries,Credit Card,4,1,5
1002986,Blinkit,Noida,54,883,19,12.6,2,Fruits & Vegetables,Wallet,3,0,4
1002988,Zepto,Amritsar,27,50,5,0.6,5,Household,Credit Card,5,1,3
1002989,Dunzo,Gurgaon,40,749,14,7.7,16,Beverages,Cash on Delivery,2,1,4
1002990,Big Basket,Hyderabad,56,429,18,10.4,8,Household,UPI,4,0,4
1002991,Jio Mart,Pune,24,574,19,2.7,2,Dairy,Credit Card,3,0,3
1002992,Amazon Now,Haridwar,20,165,32,13.1,8,Fruits & Vegetables,Debit Card,1,1,4
1002993,Zepto,Bengluru,36,50,8,8.6,3,Personal Care,UPI,4,1,4
1002994,Big Basket,Amritsar,25,896,19,7.7,14,Groceries,Credit Card,2,1,3
1002995,Swiggy Instamart,Bengluru,54,189,18,8.9,17,Dairy,Debit Card,3,0,4
1002996,Flipkart Minutes,Gurgaon,48,1415,15,7.8,6,Fruits & Vegetables,Cash on Delivery,2,1,2
1002997,Zepto,Gurgaon,27,156,5,3.7,5,Beverages,UPI,2,1,4
1002998,Flipkart Minutes,Delhi,35,586,5,2.0,3,Snacks,Debit Card,5,1,3
1002999,Jio Mart,Chennai,52,1065,25,13.2,14,Dairy,Wallet,4,1,4
1003000,Amazon Now,Mumbai,19,480,23,11.3,16,Household,Wallet,5,1,4
1003001,Swiggy Instamart,Kolkata,56,548,15,9.5,19,Household,UPI,2,0,4
1003002,Swiggy Instamart,Jaipur,47,185,20,4.2,4,Snacks,UPI,2,0,5
1003003,Zepto,Jaipur,45,692,16,9.9,9,Dairy,Cash on Delivery,2,0,3
1003004,Blinkit,Pune,39,50,13,8.6,13,Beverages,Credit Card,4,0,3
1003005,Dunzo,Gurgaon,41,749,17,12.0,2,Personal Care,UPI,3,0,3
1003006,Big Basket,Amritsar,32,470,13,1.0,9,Household,Cash on Delivery,2,1,3
1003007,Flipkart Minutes,Hyderabad,45,256,21,12.8,2,Dairy,Cash on Delivery,2,1,4
1003008,Big Basket,Bengluru,58,615,14,1.1,7,Beverages,UPI,5,0,4
1003009,Dunzo,Haridwar,23,157,20,0.6,15,Snacks,Debit Card,1,0,3
1003010,Dunzo,Hyderabad,45,461,13,4.9,16,Household,Debit Card,2,1,4
1003011,Zepto,Pune,42,758,8,6.0,2,Personal Care,UPI,5,1,4
1003012,Jio Mart,Bengluru,59,419,24,10.7,19,Dairy,Cash on Delivery,5,0,3
1003013,Dunzo,Haridwar,40,1109,21,2.5,12,Snacks,Wallet,4,1,4
1003014,Amazon Now,Jaipur,49,265,25,13.7,4,Snacks,Cash on Delivery,3,0,4
1003015,Blinkit,Chennai,27,826,14,6.0,12,Groceries,UPI,3,0,4
1003016,Dunzo,Bengluru,26,386,16,11.0,18,Personal Care,UPI,4,0,5
1003017,Jio Mart,Gurgaon,19,1000,23,8.6,1,Snacks,Credit Card,3,0,4
1003018,Dunzo,Jaipur,30,1287,13,0.7,18,Beverages,Credit Card,2,0,5
1003019,Swiggy Instamart,Hyderabad,20,732,15,5.8,19,Fruits & Vegetables,Cash on Delivery,3,1,3
1003020,Amazon Now,Hyderabad,37,50,21,11.5,3,Beverages,Wallet,3,0,3
1003021,Flipkart Minutes,Amritsar,50,50,20,12.8,13,Groceries,Debit Card,2,1,5
1003022,Blinkit,Haridwar,26,737,24,4.4,3,Snacks,Wallet,4,0,3
1003023,Zepto,Bengluru,37,618,11,9.7,16,Household,Wallet,2,1,5
1003024,Zepto,Chennai,35,275,7,5.1,5,Dairy,Cash on Delivery,2,0,5
1003025,Flipkart Minutes,Kolkata,26,743,22,14.9,17,Dairy,Wallet,3,0,3
1003026,Zepto,Hyderabad,20,498,7,2.9,16,Personal Care,UPI,1,0,4
1003027,Dunzo,Jaipur,26,526,18,9.3,15,Groceries,Credit Card,3,0,3
1003028,Flipkart Minutes,Jaipur,41,114,23,8.5,9,Dairy,UPI,4,0,3
1003029,Blinkit,Pune,57,923,14,6.1,12,Household,UPI,2,1,4
1003030,Jio Mart,Mumbai,26,597,25,9.6,10,Dairy,Cash on Delivery,3,0,3
1003031,Amazon Now,Gurgaon,38,883,21,15.0,13,Household,Debit Card,1,1,4
1003032,Jio Mart,Mumbai,29,1017,28,12.0,12,Beverages,Wallet,2,1,4
1003033,Flipkart Minutes,Hyderabad,56,318,16,9.4,19,Household,Cash on Delivery,2,0,4
1003034,Amazon Now,Gurgaon,26,652,20,13.5,19,Groceries,Debit Card,2,1,4
1003035,Jio Mart,Amritsar,23,419,21,7.4,9,Groceries,Credit Card,3,0,4
1003036,Dunzo,Hyderabad,21,392,14,6.0,9,Personal Care,Debit Card,4,1,5
1003037,Blinkit,Gurgaon,29,743,16,9.1,8,Beverages,Cash on Delivery,2,0,4
1003038,Big Basket,Amritsar,25,50,16,7.0,1,Fruits & Vegetables,Cash on Delivery,2,0,5
1003039,Blinkit,Mumbai,37,1209,18,11.1,6,Snacks,Cash on Delivery,2,1,4
1003040,Amazon Now,Pune,28,1342,18,4.5,11,Dairy,Cash on Delivery,5,1,3
1003041,Jio Mart,Pune,47,191,26,12.8,10,Personal Care,Cash on Delivery,4,1,3
1003042,Jio Mart,Bengluru,39,174,23,9.4,2,Fruits & Vegetables,Debit Card,2,0,4
1003043,Jio Mart,Bengluru,35,158,26,11.1,4,Snacks,UPI,2,1,4
1003044,Amazon Now,Mumbai,47,771,23,12.8,8,Fruits & Vegetables,Cash on Delivery,5,1,4
1003045,Blinkit,Haridwar,42,360,26,4.9,16,Dairy,Cash on Delivery,2,0,4
1003046,Blinkit,Delhi,51,508,6,9.9,2,Groceries,Credit Card,3,1,4
1003047,Dunzo,Pune,54,594,12,3.2,9,Fruits & Vegetables,Debit Card,4,0,3
1003048,Dunzo,Delhi,29,65,5,7.2,2,Household,Cash on Delivery,2,1,4
1003049,Jio Mart,Delhi,49,523,11,4.0,16,Dairy,Cash on Delivery,3,0,3
1003050,Zepto,Hyderabad,36,1095,6,4.1,10,Snacks,Cash on Delivery,2,0,4
1003052,Blinkit,Chennai,45,885,15,8.1,8,Household,Credit Card,4,1,4
1003053,Zepto,Bengluru,55,291,12,12.1,13,Groceries,UPI,3,0,4
1003054,Jio Mart,Bengluru,50,506,24,8.3,16,Household,UPI,2,0,3
1003055,Swiggy Instamart,Kolkata,43,718,14,4.4,17,Groceries,Cash on Delivery,2,0,5
1003056,Swiggy Instamart,Pune,43,244,19,13.7,4,Beverages,Wallet,4,0,4
1003057,Blinkit,Chennai,23,1001,13,4.2,13,Fruits & Vegetables,Cash on Delivery,4,1,4
1003058,Amazon Now,Gurgaon,26,698,18,5.0,10,Fruits & Vegetables,Cash on Delivery,4,1,4
1003059,Flipkart Minutes,Noida,26,579,16,5.5,15,Snacks,Wallet,3,1,3
1003060,Big Basket,Delhi,18,327,5,1.5,17,Dairy,Credit Card,2,1,5
1003061,Flipkart Minutes,Chennai,50,1044,12,1.4,15,Household,Cash on Delivery,4,1,5
1003062,Amazon Now,Chennai,55,451,13,0.6,11,Dairy,Cash on Delivery,3,0,4
1003064,Swiggy Instamart,Pune,26,374,13,3.8,12,Dairy,Wallet,2,0,4
1003065,Blinkit,Pune,49,975,18,14.6,9,Dairy,UPI,4,0,3
1003066,Swiggy Instamart,Bengluru,47,342,18,7.9,11,Groceries,UPI,2,1,3
1003067,Flipkart Minutes,Hyderabad,40,840,12,2.5,15,Household,Cash on Delivery,3,0,3
1003068,Jio Mart,Gurgaon,54,591,27,14.9,7,Household,Credit Card,3,1,4
1003069,Zepto,Delhi,26,180,5,2.6,16,Household,Wallet,2,1,3
1003070,Swiggy Instamart,Noida,33,602,17,11.2,6,Dairy,Credit Card,5,0,4
1003071,Flipkart Minutes,Bengluru,30,1132,16,8.5,3,Fruits & Vegetables,Wallet,5,0,4
1003073,Blinkit,Pune,35,459,17,10.8,3,Beverages,Wallet,2,0,5
1003074,Flipkart Minutes,Pune,56,1069,11,1.1,8,Snacks,Credit Card,5,1,4
1003075,Flipkart Minutes,Hyderabad,19,774,19,12.2,2,Dairy,Debit Card,3,1,3
1003076,Amazon Now,Haridwar,49,50,34,11.1,4,Snacks,Wallet,2,0,3
1003077,Amazon Now,Hyderabad,19,219,21,14.3,3,Beverages,UPI,2,0,4
1003078,Big Basket,Kolkata,31,453,23,14.8,17,Personal Care,UPI,2,0,4
1003079,Swiggy Instamart,Jaipur,40,425,20,8.1,16,Beverages,UPI,2,0,4
1003080,Blinkit,Jaipur,31,453,22,13.8,19,Beverages,Debit Card,5,1,3
1003081,Jio Mart,Gurgaon,47,50,24,14.1,3,Groceries,Debit Card,3,0,2
1003082,Amazon Now,Kolkata,44,222,20,10.9,12,Household,Credit Card,2,0,3
1003083,Jio Mart,Chennai,59,50,20,2.7,2,Beverages,Cash on Delivery,2,0,5
1003084,Big Basket,Mumbai,40,396,16,5.0,4,Household,Wallet,4,0,3
1003085,Flipkart Minutes,Noida,30,498,18,13.5,16,Beverages,Wallet,5,0,3
1003088,Jio Mart,Kolkata,34,674,17,0.5,18,Household,Credit Card,4,0,3
1003089,Dunzo,Kolkata,49,703,15,11.8,15,Household,UPI,2,1,5
1003090,Flipkart Minutes,Noida,50,395,13,2.8,6,Personal Care,UPI,4,1,3
1003091,Swiggy Instamart,Mumbai,58,982,22,13.4,15,Snacks,Debit Card,3,0,4
1003092,Jio Mart,Kolkata,21,186,23,6.6,17,Personal Care,Cash on Delivery,2,0,3
1003093,Swiggy Instamart,Haridwar,48,437,26,8.4,8,Dairy,UPI,4,0,2
1003094,Jio Mart,Delhi,39,1047,7,0.9,9,Household,Wallet,2,0,4
1003095,Jio Mart,Pune,40,180,20,5.4,7,Fruits & Vegetables,Cash on Delivery,2,0,4
1003096,Zepto,Haridwar,54,274,24,14.9,19,Dairy,Debit Card,3,0,3
1003097,Blinkit,Gurgaon,20,691,12,6.1,4,Household,Debit Card,3,1,4
1003098,Amazon Now,Haridwar,26,571,29,7.4,3,Dairy,Debit Card,3,0,4
1003099,Zepto,Jaipur,53,827,14,10.8,18,Dairy,Debit Card,3,0,5
1003100,Amazon Now,Chennai,18,632,20,11.5,18,Personal Care,Credit Card,4,1,3
1003102,Dunzo,Pune,21,172,16,10.3,12,Personal Care,Credit Card,2,1,3
1003104,Big Basket,Jaipur,42,592,22,7.8,2,Household,Cash on Delivery,4,0,4
1003105,Amazon Now,Bengluru,34,474,21,11.0,9,Household,Cash on Delivery,5,1,3
1003106,Zepto,Bengluru,57,746,9,8.4,13,Groceries,Wallet,3,1,4
1003107,Amazon Now,Haridwar,31,482,32,8.8,7,Dairy,Wallet,3,0,4
1003108,Amazon Now,Delhi,30,1363,5,1.1,19,Beverages,Debit Card,2,1,4
1003109,Amazon Now,Gurgaon,39,877,14,1.9,19,Dairy,Credit Card,3,0,3
1003110,Big Basket,Delhi,37,120,10,13.8,16,Beverages,Credit Card,3,1,3
1003111,Zepto,Mumbai,24,584,5,1.0,9,Beverages,Credit Card,5,0,4
1003112,Blinkit,Hyderabad,26,1124,13,5.5,13,Household,Wallet,2,1,4
1003113,Big Basket,Gurgaon,30,1313,15,2.6,2,Fruits & Vegetables,Wallet,4,1,2
1003114,Dunzo,Bengluru,49,554,15,10.0,8,Dairy,UPI,3,1,4
1003115,Zepto,Chennai,28,1065,6,2.7,3,Personal Care,UPI,2,1,3
1003116,Flipkart Minutes,Delhi,52,167,9,12.5,5,Fruits & Vegetables,Credit Card,3,1,3
1003117,Zepto,Haridwar,57,841,20,7.3,15,Household,Debit Card,5,1,3
1003118,Blinkit,Haridwar,40,119,26,7.9,18,Household,Cash on Delivery,4,0,3
1003119,Blinkit,Mumbai,55,1306,12,3.0,17,Beverages,Wallet,4,1,3
1003120,Flipkart Minutes,Bengluru,38,215,14,1.7,2,Personal Care,Debit Card,4,0,5
1003121,Amazon Now,Kolkata,34,284,18,4.9,1,Beverages,Wallet,4,1,4
1003122,Zepto,Jaipur,53,869,13,5.6,10,Fruits & Vegetables,Credit Card,2,1,5
1003123,Swiggy Instamart,Haridwar,21,1732,27,4.9,12,Fruits & Vegetables,Debit Card,4,1,3
1003124,Amazon Now,Haridwar,24,71,26,2.7,8,Snacks,UPI,4,0,3
1003125,Swiggy Instamart,Chennai,33,1030,17,10.8,5,Personal Care,Cash on Delivery,2,1,3
1003126,Amazon Now,Jaipur,22,371,28,13.6,11,Household,Cash on Delivery,2,0,4
1003127,Zepto,Chennai,57,1359,12,13.8,3,Fruits & Vegetables,UPI,4,1,4
1003128,Blinkit,Hyderabad,43,465,13,8.1,17,Dairy,Credit Card,3,0,4
1003129,Swiggy Instamart,Kolkata,38,50,14,5.3,14,Snacks,Credit Card,5,0,4
1003130,Amazon Now,Amritsar,42,360,16,1.6,19,Personal Care,UPI,4,0,4
1003131,Zepto,Amritsar,56,370,5,0.8,12,Dairy,Credit Card,5,1,4
1003132,Swiggy Instamart,Noida,45,708,20,12.9,5,Household,UPI,4,0,4
1003133,Blinkit,Hyderabad,22,1357,20,14.6,11,Dairy,Wallet,3,1,3
1003134,Blinkit,Hyderabad,38,458,13,8.0,16,Fruits & Vegetables,Wallet,4,0,3
1003135,Swiggy Instamart,Haridwar,34,263,29,9.3,9,Household,Credit Card,3,1,3
1003137,Flipkart Minutes,Kolkata,24,429,17,9.6,11,Household,Credit Card,3,0,5
1003138,Swiggy Instamart,Bengluru,42,50,15,2.6,7,Groceries,Credit Card,4,1,4
1003139,Zepto,Bengluru,25,1201,5,1.0,11,Beverages,UPI,5,1,3
1003140,Blinkit,Chennai,43,1191,11,1.0,3,Beverages,Cash on Delivery,5,1,4
1003141,Jio Mart,Jaipur,31,186,27,8.6,12,Beverages,UPI,4,0,4
1003142,Zepto,Jaipur,54,257,10,4.4,19,Dairy,Cash on Delivery,3,1,5
1003143,Swiggy Instamart,Noida,55,559,12,2.4,6,Beverages,UPI,2,0,5
1003144,Amazon Now,Jaipur,21,50,22,5.8,8,Groceries,Cash on Delivery,3,1,4
1003145,Big Basket,Bengluru,50,312,20,8.8,15,Groceries,Cash on Delivery,5,0,4
1003146,Zepto,Kolkata,33,958,10,10.4,17,Beverages,Credit Card,2,1,4
1003147,Swiggy Instamart,Kolkata,32,900,17,10.5,13,Dairy,Debit Card,5,0,4
1003148,Jio Mart,Hyderabad,25,405,18,2.8,11,Dairy,Credit Card,2,0,4
1003149,Flipkart Minutes,Noida,38,796,17,9.4,15,Snacks,Cash on Delivery,3,1,3
1003150,Flipkart Minutes,Chennai,22,50,16,4.2,6,Groceries,Credit Card,1,0,4
1003151,Dunzo,Mumbai,24,370,10,2.3,12,Groceries,Wallet,4,0,5
1003152,Dunzo,Haridwar,24,794,25,10.6,14,Snacks,Cash on Delivery,1,1,5
1003153,Blinkit,Delhi,52,695,5,8.3,8,Dairy,Credit Card,4,1,4
1003154,Amazon Now,Chennai,35,1241,17,7.4,3,Household,Wallet,3,1,4
1003155,Amazon Now,Gurgaon,32,1340,15,1.0,11,Personal Care,Cash on Delivery,2,1,3
1003156,Dunzo,Bengluru,46,490,13,4.2,3,Personal Care,UPI,2,0,5
1003157,Flipkart Minutes,Chennai,38,447,15,5.0,6,Household,Credit Card,2,0,4
1003159,Amazon Now,Bengluru,25,638,19,5.7,17,Beverages,Cash on Delivery,4,0,5
1003160,Jio Mart,Chennai,43,695,28,14.4,18,Dairy,UPI,4,0,4
1003161,Blinkit,Kolkata,38,50,13,2.8,12,Fruits & Vegetables,Cash on Delivery,5,1,3
1003162,Jio Mart,Chennai,24,361,24,13.5,10,Dairy,Debit Card,2,0,4
1003163,Flipkart Minutes,Gurgaon,42,763,19,14.4,8,Beverages,Credit Card,4,1,4
1003164,Big Basket,Haridwar,51,296,28,4.6,3,Household,Credit Card,2,0,4
1003165,Flipkart Minutes,Haridwar,31,390,24,3.5,4,Fruits & Vegetables,Credit Card,4,1,5
1003166,Zepto,Gurgaon,43,807,6,5.1,15,Fruits & Vegetables,UPI,4,0,3
1003167,Blinkit,Jaipur,25,162,22,11.8,5,Fruits & Vegetables,Wallet,2,0,4
1003169,Dunzo,Jaipur,27,755,19,6.8,13,Household,Wallet,2,1,4
1003170,Flipkart Minutes,Gurgaon,34,957,15,5.1,19,Fruits & Vegetables,Credit Card,3,1,4
1003171,Zepto,Haridwar,58,542,24,13.0,4,Personal Care,Debit Card,2,1,4
1003172,Amazon Now,Bengluru,44,470,21,7.5,5,Beverages,Debit Card,4,0,4
1003173,Blinkit,Noida,32,228,16,9.2,10,Fruits & Vegetables,Cash on Delivery,3,0,4
1003174,Dunzo,Kolkata,23,985,18,13.4,6,Household,Cash on Delivery,1,0,4
1003175,Swiggy Instamart,Hyderabad,27,335,13,5.7,1,Beverages,Credit Card,5,1,4
1003176,Blinkit,Jaipur,24,60,17,5.7,13,Dairy,Debit Card,4,1,4
1003177,Big Basket,Amritsar,52,534,15,3.0,11,Beverages,UPI,4,0,3
1003178,Dunzo,Jaipur,23,610,16,4.8,2,Household,Credit Card,3,1,3
1003179,Zepto,Bengluru,59,534,15,14.9,1,Beverages,UPI,5,0,3
1003180,Amazon Now,Mumbai,28,910,16,3.1,2,Fruits & Vegetables,Debit Card,4,0,3
1003181,Swiggy Instamart,Delhi,40,1346,5,2.4,7,Snacks,Cash on Delivery,2,1,3
1003182,Blinkit,Bengluru,26,305,13,4.6,14,Household,Credit Card,4,0,3
1003183,Big Basket,Delhi,50,1276,5,3.8,16,Groceries,Debit Card,4,1,3
1003184,Amazon Now,Delhi,24,1407,11,10.6,10,Beverages,Cash on Delivery,4,1,4
1003185,Amazon Now,Bengluru,53,300,23,12.6,7,Dairy,Cash on Delivery,4,1,3
1003186,Jio Mart,Haridwar,54,1053,33,9.1,13,Household,UPI,3,1,4
1003187,Flipkart Minutes,Jaipur,46,50,24,11.5,2,Personal Care,Wallet,4,0,4
1003189,Dunzo,Bengluru,45,910,10,1.0,17,Household,Credit Card,2,1,3
1003190,Swiggy Instamart,Amritsar,28,1098,15,6.2,10,Beverages,Credit Card,4,1,4
1003191,Amazon Now,Hyderabad,34,442,19,7.0,17,Dairy,Cash on Delivery,1,0,5
1003192,Dunzo,Haridwar,38,1034,25,5.6,16,Household,Debit Card,2,1,4
1003193,Blinkit,Hyderabad,59,50,16,7.6,10,Fruits & Vegetables,Credit Card,4,0,5
1003194,Big Basket,Pune,45,494,21,13.0,12,Fruits & Vegetables,Cash on Delivery,3,0,4
1003195,Dunzo,Chennai,43,584,14,6.7,3,Beverages,Wallet,3,0,2
1003196,Flipkart Minutes,Mumbai,32,50,17,7.1,12,Groceries,Wallet,3,1,4
1003197,Big Basket,Haridwar,21,674,33,12.1,4,Household,UPI,4,0,2
1003198,Dunzo,Hyderabad,44,691,11,2.9,16,Beverages,Debit Card,1,1,4
1003199,Amazon Now,Hyderabad,39,617,18,10.6,15,Dairy,Credit Card,2,0,4
1003200,Big Basket,Noida,23,908,16,7.7,18,Personal Care,Wallet,3,1,4
1003201,Blinkit,Haridwar,20,357,26,5.8,11,Dairy,Cash on Delivery,4,0,3
1003202,Big Basket,Kolkata,38,758,18,12.0,11,Household,Debit Card,4,1,4
1003203,Jio Mart,Jaipur,18,789,24,1.6,17,Dairy,UPI,2,1,4
1003204,Amazon Now,Haridwar,37,50,28,2.2,7,Household,Cash on Delivery,2,1,3
1003205,Amazon Now,Noida,57,401,18,6.3,14,Household,Credit Card,3,0,3
1003206,Swiggy Instamart,Haridwar,52,377,27,8.6,7,Beverages,UPI,4,1,5
1003207,Zepto,Hyderabad,36,50,10,10.8,1,Household,Debit Card,2,1,3
1003208,Big Basket,Amritsar,23,134,18,6.9,7,Personal Care,UPI,3,1,4
1003209,Swiggy Instamart,Kolkata,42,983,17,12.6,7,Personal Care,Credit Card,2,1,4
1003210,Flipkart Minutes,Bengluru,36,692,20,10.2,8,Dairy,Debit Card,3,0,5
1003211,Swiggy Instamart,Noida,29,1156,21,14.3,1,Snacks,Credit Card,5,0,3
1003212,Swiggy Instamart,Hyderabad,18,343,18,13.0,6,Fruits & Vegetables,Credit Card,2,1,4
1003213,Dunzo,Hyderabad,52,387,10,2.6,4,Snacks,Credit Card,2,0,3
1003214,Dunzo,Chennai,53,812,17,14.8,7,Personal Care,Debit Card,3,0,2
1003215,Amazon Now,Haridwar,35,490,31,9.2,16,Fruits & Vegetables,UPI,4,1,3
1003216,Swiggy Instamart,Amritsar,37,196,15,6.2,13,Household,Wallet,2,1,4
1003217,Jio Mart,Hyderabad,54,491,17,0.6,19,Personal Care,Wallet,1,1,4
1003218,Zepto,Chennai,54,557,11,11.2,7,Household,Wallet,2,1,4
1003219,Big Basket,Hyderabad,38,552,17,5.1,5,Groceries,Cash on Delivery,4,0,5
1003220,Dunzo,Kolkata,50,517,14,10.0,15,Household,Cash on Delivery,3,1,3
1003221,Blinkit,Gurgaon,31,783,14,7.3,18,Snacks,Credit Card,2,0,3
1003222,Dunzo,Bengluru,58,410,13,7.7,9,Fruits & Vegetables,Wallet,3,0,5
1003224,Zepto,Bengluru,39,611,11,11.2,4,Beverages,Wallet,4,0,5
1003225,Flipkart Minutes,Bengluru,20,907,18,9.9,14,Personal Care,UPI,2,0,4
1003226,Jio Mart,Delhi,55,719,11,7.4,5,Household,UPI,3,1,5
1003227,Amazon Now,Pune,20,1106,20,10.1,9,Fruits & Vegetables,UPI,3,1,5
1003229,Big Basket,Mumbai,28,203,22,12.1,3,Beverages,UPI,2,0,5
1003230,Jio Mart,Haridwar,41,786,31,3.8,10,Personal Care,Wallet,3,1,3
1003231,Flipkart Minutes,Amritsar,42,377,22,14.3,19,Beverages,UPI,2,0,3
1003232,Amazon Now,Amritsar,54,636,19,8.8,14,Fruits & Vegetables,Cash on Delivery,4,0,3
1003233,Blinkit,Haridwar,42,1765,24,1.3,16,Personal Care,Debit Card,5,1,3
1003234,Big Basket,Chennai,40,806,20,14.8,7,Fruits & Vegetables,UPI,2,0,4
1003235,Jio Mart,Mumbai,31,595,25,10.0,13,Personal Care,Wallet,3,0,3
1003236,Dunzo,Mumbai,46,57,13,3.4,13,Groceries,Debit Card,2,0,4
1003237,Blinkit,Noida,32,1387,15,7.0,2,Beverages,Debit Card,4,0,4
1003238,Jio Mart,Mumbai,21,583,27,10.3,10,Personal Care,Cash on Delivery,2,0,4
1003239,Big Basket,Jaipur,23,141,22,8.9,4,Beverages,Credit Card,3,1,4
1003240,Flipkart Minutes,Gurgaon,46,322,13,3.8,11,Household,Cash on Delivery,1,0,3
1003241,Dunzo,Kolkata,23,829,15,7.9,19,Fruits & Vegetables,Debit Card,1,1,3
1003242,Amazon Now,Pune,52,815,17,4.3,19,Household,Cash on Delivery,2,1,2
1003243,Dunzo,Delhi,30,469,5,7.8,19,Beverages,Debit Card,3,0,3
1003244,Blinkit,Pune,31,986,12,1.2,17,Dairy,Debit Card,3,1,5
1003245,Dunzo,Haridwar,18,50,24,7.1,9,Dairy,Debit Card,3,0,4
1003246,Swiggy Instamart,Delhi,58,535,5,4.3,10,Beverages,Cash on Delivery,3,0,3
1003247,Flipkart Minutes,Delhi,24,390,6,8.3,6,Household,Wallet,1,0,5
1003248,Jio Mart,Kolkata,33,50,18,3.8,2,Personal Care,Credit Card,1,0,3
1003249,Blinkit,Noida,57,434,12,5.2,2,Groceries,Cash on Delivery,5,0,4
1003250,Flipkart Minutes,Jaipur,34,792,24,14.6,14,Fruits & Vegetables,Credit Card,1,1,5
1003251,Zepto,Chennai,56,904,5,0.8,9,Groceries,Wallet,3,0,4
1003252,Big Basket,Delhi,38,50,7,8.6,16,Household,Wallet,2,0,4
1003253,Zepto,Gurgaon,29,712,12,12.7,13,Beverages,Cash on Delivery,5,0,3
1003254,Jio Mart,Amritsar,51,265,23,8.7,6,Groceries,UPI,4,1,3
1003255,Zepto,Gurgaon,47,405,11,14.6,8,Groceries,Debit Card,3,0,3
1003256,Big Basket,Haridwar,52,1098,31,9.5,5,Beverages,Credit Card,3,1,4
1003257,Blinkit,Amritsar,23,202,13,5.2,1,Groceries,Credit Card,5,0,5
1003258,Swiggy Instamart,Pune,21,710,15,8.1,1,Dairy,Wallet,4,0,2
1003259,Jio Mart,Noida,28,620,20,1.6,16,Household,Wallet,2,0,4
1003260,Dunzo,Delhi,48,491,5,11.0,14,Snacks,Debit Card,3,0,5
1003261,Blinkit,Mumbai,53,1140,14,6.8,7,Household,Wallet,2,0,5
1003262,Zepto,Delhi,18,265,5,7.6,13,Personal Care,UPI,5,1,4
1003263,Blinkit,Gurgaon,55,822,12,1.7,13,Groceries,Cash on Delivery,3,0,4
1003264,Dunzo,Kolkata,38,584,12,3.1,14,Personal Care,Credit Card,2,0,3
1003265,Blinkit,Delhi,36,621,10,14.6,1,Personal Care,UPI,5,1,4
1003266,Amazon Now,Hyderabad,47,326,19,8.1,15,Personal Care,UPI,2,1,3
1003267,Swiggy Instamart,Noida,28,666,17,12.7,7,Snacks,Debit Card,2,0,4
1003269,Blinkit,Jaipur,25,1341,15,1.3,10,Groceries,Cash on Delivery,2,1,3
1003270,Dunzo,Haridwar,46,236,25,10.8,18,Beverages,Wallet,1,0,4
1003271,Amazon Now,Amritsar,55,704,20,9.7,11,Fruits & Vegetables,Cash on Delivery,1,0,3
1003272,Swiggy Instamart,Bengluru,46,561,16,6.7,14,Snacks,Wallet,5,0,4
1003274,Swiggy Instamart,Pune,54,452,14,8.2,6,Snacks,UPI,4,0,4
1003275,Big Basket,Delhi,49,542,6,4.3,7,Personal Care,UPI,4,0,5
1003276,Jio Mart,Chennai,57,572,21,8.7,9,Fruits & Vegetables,UPI,3,0,5
1003277,Jio Mart,Haridwar,21,202,32,3.7,2,Beverages,UPI,4,0,4
1003278,Flipkart Minutes,Jaipur,21,729,21,10.5,15,Personal Care,Cash on Delivery,3,1,4
1003279,Dunzo,Pune,54,418,14,10.9,16,Household,Cash on Delivery,2,0,3
1003280,Swiggy Instamart,Chennai,29,1177,15,7.2,5,Groceries,Cash on Delivery,2,1,5
1003281,Dunzo,Bengluru,21,590,9,0.8,3,Dairy,Wallet,2,0,3
1003282,Amazon Now,Mumbai,27,559,25,13.7,17,Dairy,Cash on Delivery,4,0,5
1003283,Jio Mart,Chennai,23,588,18,2.4,19,Fruits & Vegetables,UPI,4,0,5
1003284,Jio Mart,Mumbai,50,617,24,4.6,14,Snacks,UPI,4,0,4
1003285,Blinkit,Chennai,38,598,10,1.2,16,Beverages,Cash on Delivery,3,1,4
1003286,Flipkart Minutes,Haridwar,40,967,25,4.9,18,Fruits & Vegetables,UPI,2,1,3
1003287,Zepto,Jaipur,53,50,9,0.7,18,Snacks,Credit Card,3,0,3
1003288,Zepto,Noida,58,392,9,11.9,9,Fruits & Vegetables,Credit Card,2,0,4
1003289,Flipkart Minutes,Mumbai,35,721,20,9.9,14,Snacks,UPI,4,1,3
1003290,Big Basket,Jaipur,39,58,21,6.4,5,Fruits & Vegetables,Debit Card,5,1,5
1003291,Big Basket,Kolkata,54,247,20,10.6,13,Beverages,Cash on Delivery,4,0,3
1003292,Jio Mart,Bengluru,37,280,22,3.6,19,Fruits & Vegetables,Debit Card,4,1,3
1003293,Blinkit,Jaipur,29,574,23,13.3,14,Groceries,Debit Card,5,0,3
1003294,Amazon Now,Jaipur,30,50,25,10.8,15,Beverages,Cash on Delivery,3,1,3
1003295,Amazon Now,Chennai,40,1149,20,10.4,18,Dairy,UPI,2,1,4
1003296,Swiggy Instamart,Hyderabad,57,1440,18,14.2,2,Dairy,UPI,2,1,3
1003297,Big Basket,Gurgaon,19,452,16,3.4,16,Household,Debit Card,2,0,4
1003298,Amazon Now,Jaipur,49,567,21,3.2,9,Snacks,Debit Card,4,1,4
1003299,Zepto,Bengluru,27,560,12,10.8,8,Personal Care,Debit Card,5,1,3
1003300,Big Basket,Mumbai,21,804,21,13.6,8,Fruits & Vegetables,Credit Card,2,1,5
1003301,Big Basket,Jaipur,25,238,27,13.6,14,Beverages,Cash on Delivery,2,0,4
1003302,Flipkart Minutes,Haridwar,52,890,27,2.9,3,Beverages,Credit Card,3,1,4
1003303,Amazon Now,Gurgaon,56,1108,15,5.4,17,Beverages,UPI,4,1,5
1003304,Jio Mart,Delhi,21,474,10,4.6,15,Beverages,UPI,1,1,4
1003306,Swiggy Instamart,Hyderabad,34,823,12,2.5,3,Dairy,Debit Card,4,1,4
1003307,Amazon Now,Chennai,44,117,22,11.1,1,Fruits & Vegetables,Wallet,2,1,4
1003308,Big Basket,Kolkata,22,376,17,5.1,12,Snacks,Debit Card,3,1,3
1003309,Flipkart Minutes,Hyderabad,33,538,14,4.8,17,Beverages,Debit Card,1,1,4
1003310,Blinkit,Amritsar,41,65,17,14.6,17,Household,Cash on Delivery,2,0,3
1003311,Zepto,Noida,58,772,5,1.8,7,Snacks,Wallet,2,0,4
1003312,Big Basket,Delhi,28,476,5,6.1,13,Household,Wallet,3,0,4
1003313,Swiggy Instamart,Noida,18,789,10,2.1,9,Snacks,Wallet,3,1,4
1003314,Amazon Now,Mumbai,35,702,23,14.3,14,Groceries,Wallet,4,1,5
1003315,Dunzo,Chennai,19,413,14,8.4,16,Dairy,Credit Card,2,0,4
1003316,Big Basket,Noida,53,503,18,8.4,4,Household,Credit Card,5,0,4
1003317,Swiggy Instamart,Amritsar,44,535,16,9.3,18,Groceries,Credit Card,2,0,4
1003318,Swiggy Instamart,Jaipur,51,760,26,14.9,19,Dairy,Debit Card,5,0,4
1003319,Dunzo,Chennai,30,1569,12,8.4,19,Household,Credit Card,1,1,4
1003320,Big Basket,Chennai,55,76,13,2.1,19,Personal Care,Credit Card,3,0,4
1003321,Dunzo,Noida,40,372,12,6.1,17,Personal Care,Debit Card,2,0,4
1003322,Zepto,Gurgaon,49,1439,5,0.9,1,Household,Cash on Delivery,4,1,4
1003323,Flipkart Minutes,Pune,35,50,15,5.8,3,Beverages,Cash on Delivery,4,1,3
1003324,Jio Mart,Pune,53,1003,26,11.1,7,Groceries,Wallet,4,0,4
1003325,Zepto,Mumbai,22,568,5,1.6,16,Dairy,Debit Card,5,0,3
1003326,Blinkit,Gurgaon,55,690,10,3.6,8,Personal Care,Cash on Delivery,5,0,3
1003327,Swiggy Instamart,Hyderabad,43,707,13,6.6,5,Personal Care,Cash on Delivery,4,0,4
1003328,Big Basket,Amritsar,50,977,14,1.8,4,Dairy,UPI,2,1,3
1003329,Blinkit,Amritsar,26,852,17,14.0,19,Groceries,Wallet,5,1,4
1003330,Amazon Now,Kolkata,20,765,16,3.5,7,Groceries,Wallet,2,1,4
1003331,Dunzo,Amritsar,59,50,12,8.7,9,Household,Cash on Delivery,2,0,4
1003332,Blinkit,Gurgaon,52,782,15,11.8,7,Fruits & Vegetables,Cash on Delivery,4,1,3
1003334,Jio Mart,Delhi,53,315,14,9.1,18,Household,Wallet,2,0,4
1003335,Dunzo,Mumbai,57,403,18,11.0,14,Beverages,Credit Card,4,1,4
1003336,Flipkart Minutes,Noida,24,273,13,2.7,5,Snacks,Wallet,3,0,4
1003337,Blinkit,Chennai,57,485,19,13.7,17,Snacks,Cash on Delivery,3,0,5
1003338,Blinkit,Hyderabad,25,234,17,10.3,8,Dairy,Cash on Delivery,2,1,3
1003339,Zepto,Chennai,40,226,5,1.8,17,Fruits & Vegetables,Debit Card,3,0,3
1003340,Jio Mart,Amritsar,38,734,25,13.1,16,Dairy,Cash on Delivery,1,1,4
1003341,Flipkart Minutes,Amritsar,28,381,15,8.4,18,Beverages,Wallet,2,0,4
1003342,Amazon Now,Amritsar,28,572,15,5.7,7,Household,Debit Card,2,0,4
1003343,Jio Mart,Kolkata,56,1137,19,1.7,7,Snacks,Credit Card,1,0,4
1003344,Big Basket,Chennai,24,468,14,5.6,3,Household,Credit Card,2,0,4
1003345,Amazon Now,Gurgaon,21,973,20,8.3,5,Fruits & Vegetables,Credit Card,4,1,5
1003346,Jio Mart,Mumbai,34,97,20,3.0,2,Snacks,Wallet,4,0,5
1003347,Zepto,Kolkata,46,775,13,14.9,4,Household,Wallet,4,1,4
1003348,Flipkart Minutes,Hyderabad,46,217,13,2.5,2,Snacks,Debit Card,4,1,4
1003349,Big Basket,Chennai,45,408,16,7.6,11,Fruits & Vegetables,UPI,2,0,3
1003350,Dunzo,Noida,18,914,10,5.8,6,Groceries,Debit Card,1,1,4
1003351,Blinkit,Noida,46,592,18,13.7,4,Household,UPI,3,0,3
1003352,Big Basket,Chennai,35,627,17,5.6,4,Dairy,Cash on Delivery,4,0,3
1003353,Flipkart Minutes,Haridwar,26,519,27,3.7,11,Dairy,UPI,4,0,3
1003354,Amazon Now,Hyderabad,32,50,17,5.2,11,Beverages,Credit Card,3,0,4
1003355,Dunzo,Delhi,50,384,5,10.0,14,Groceries,Debit Card,2,0,4
1003356,Flipkart Minutes,Pune,38,607,17,11.1,8,Dairy,Debit Card,5,0,3
1003357,Dunzo,Jaipur,52,505,19,9.1,6,Dairy,UPI,3,0,4
1003358,Amazon Now,Noida,38,884,18,6.6,15,Dairy,Wallet,5,0,3
1003359,Zepto,Noida,39,702,5,2.8,15,Beverages,Wallet,3,1,5
1003360,Zepto,Noida,56,1120,10,8.0,19,Fruits & Vegetables,UPI,1,0,4
1003361,Zepto,Bengluru,26,1260,12,13.3,17,Personal Care,Debit Card,4,1,5
1003362,Blinkit,Delhi,22,735,5,4.3,15,Household,Debit Card,2,0,4
1003363,Flipkart Minutes,Chennai,57,441,17,12.2,8,Beverages,UPI,1,1,5
1003364,Zepto,Hyderabad,32,220,8,7.9,9,Dairy,Credit Card,2,0,3
1003365,Flipkart Minutes,Bengluru,57,420,13,4.2,11,Groceries,Cash on Delivery,5,0,3
1003366,Dunzo,Mumbai,45,1007,16,5.8,9,Dairy,Cash on Delivery,2,0,5
1003367,Blinkit,Bengluru,50,457,20,14.6,8,Dairy,Cash on Delivery,5,0,3
1003368,Amazon Now,Gurgaon,33,292,13,2.0,3,Fruits & Vegetables,UPI,1,1,3
1003369,Flipkart Minutes,Kolkata,57,515,14,2.6,15,Beverages,Credit Card,4,0,5
1003370,Big Basket,Hyderabad,22,905,19,7.9,15,Personal Care,Wallet,3,1,4
1003371,Flipkart Minutes,Noida,28,169,10,0.6,17,Beverages,Wallet,4,0,3
1003373,Jio Mart,Amritsar,39,304,21,3.3,2,Fruits & Vegetables,Cash on Delivery,1,0,3
1003374,Blinkit,Jaipur,26,370,18,9.0,16,Snacks,Cash on Delivery,4,0,4
1003375,Dunzo,Noida,20,544,13,4.4,16,Groceries,Credit Card,3,0,4
1003376,Flipkart Minutes,Pune,21,600,20,13.3,13,Personal Care,Wallet,2,0,4
1003377,Flipkart Minutes,Noida,19,1057,15,3.4,10,Dairy,Cash on Delivery,4,1,5
1003379,Jio Mart,Kolkata,27,441,21,4.7,15,Snacks,Credit Card,2,0,4
1003380,Dunzo,Amritsar,19,748,11,3.4,11,Snacks,Debit Card,4,1,3
1003381,Amazon Now,Mumbai,18,607,19,6.6,15,Household,UPI,4,1,5
1003382,Big Basket,Hyderabad,31,293,19,9.7,15,Snacks,UPI,4,1,4
1003383,Amazon Now,Hyderabad,53,375,21,10.5,19,Personal Care,Wallet,3,0,3
1003385,Jio Mart,Amritsar,34,50,22,10.5,5,Dairy,Debit Card,2,0,3
1003386,Big Basket,Haridwar,29,386,27,5.9,8,Household,Cash on Delivery,2,1,4
1003387,Flipkart Minutes,Chennai,24,420,21,14.8,6,Dairy,UPI,4,0,5
1003388,Flipkart Minutes,Chennai,37,237,17,12.1,4,Dairy,Wallet,4,0,3
1003389,Dunzo,Jaipur,27,707,14,3.8,2,Groceries,Credit Card,1,0,5
1003390,Zepto,Mumbai,30,438,9,8.0,19,Dairy,Wallet,3,0,5
1003391,Zepto,Delhi,30,781,5,4.2,8,Snacks,Debit Card,2,0,4
1003392,Blinkit,Hyderabad,53,654,13,7.7,12,Fruits & Vegetables,Credit Card,2,0,3
1003393,Jio Mart,Hyderabad,53,757,21,9.0,16,Personal Care,Cash on Delivery,4,1,5
1003394,Amazon Now,Bengluru,37,172,23,11.1,1,Snacks,Cash on Delivery,3,0,4
1003395,Flipkart Minutes,Jaipur,39,82,19,5.8,5,Household,Debit Card,1,0,5
1003396,Zepto,Haridwar,45,599,23,9.7,15,Beverages,UPI,2,0,5
1003397,Swiggy Instamart,Jaipur,19,50,19,4.7,13,Snacks,Cash on Delivery,3,1,3
1003398,Zepto,Delhi,24,590,5,1.1,9,Groceries,UPI,5,1,4
1003399,Dunzo,Hyderabad,51,800,18,13.6,19,Fruits & Vegetables,Wallet,1,1,5
1003400,Zepto,Pune,52,816,5,4.7,9,Personal Care,UPI,5,0,4
1003401,Zepto,Haridwar,30,397,23,13.7,9,Personal Care,Credit Card,4,1,4
1003402,Jio Mart,Delhi,58,201,8,2.2,15,Household,Wallet,3,0,5
1003403,Amazon Now,Pune,19,491,19,9.2,11,Personal Care,Wallet,4,1,3
1003404,Zepto,Jaipur,50,623,15,9.6,2,Fruits & Vegetables,UPI,2,0,3
1003405,Jio Mart,Pune,38,300,21,3.4,12,Beverages,Wallet,2,0,3
1003406,Amazon Now,Kolkata,37,245,21,14.0,16,Groceries,Debit Card,3,0,5
1003407,Dunzo,Delhi,46,494,5,4.7,19,Dairy,Credit Card,4,0,5
1003408,Amazon Now,Delhi,41,806,11,14.6,10,Groceries,Debit Card,5,0,3
1003409,Jio Mart,Amritsar,35,86,25,14.5,19,Household,Cash on Delivery,5,0,3
1003410,Zepto,Chennai,50,782,5,0.8,18,Groceries,Cash on Delivery,3,0,3
1003411,Big Basket,Delhi,44,600,6,4.0,2,Personal Care,UPI,3,0,4
1003412,Dunzo,Hyderabad,28,972,14,11.3,19,Beverages,Debit Card,2,1,3
1003413,Flipkart Minutes,Gurgaon,50,1265,14,3.4,19,Snacks,Debit Card,2,0,3
1003414,Blinkit,Haridwar,52,296,20,0.5,6,Beverages,Debit Card,2,0,3
1003415,Flipkart Minutes,Kolkata,57,189,15,4.0,13,Household,UPI,3,1,4
1003416,Amazon Now,Kolkata,32,601,19,8.4,3,Beverages,Cash on Delivery,3,0,3
1003417,Blinkit,Mumbai,21,1486,18,9.8,7,Household,Debit Card,5,1,3
1003418,Zepto,Hyderabad,49,585,8,4.6,9,Groceries,Debit Card,3,0,5
1003419,Dunzo,Noida,22,725,9,2.7,19,Fruits & Vegetables,Credit Card,2,0,4
1003420,Flipkart Minutes,Pune,23,763,20,14.7,6,Snacks,Debit Card,1,1,5
1003421,Amazon Now,Haridwar,29,50,30,10.8,11,Household,Debit Card,5,0,3
1003422,Swiggy Instamart,Chennai,22,849,10,2.0,15,Snacks,Credit Card,3,1,4
1003423,Amazon Now,Mumbai,33,422,22,11.9,9,Groceries,Wallet,2,0,3
1003424,Amazon Now,Mumbai,35,287,21,6.9,11,Personal Care,Cash on Delivery,5,0,4
1003425,Amazon Now,Haridwar,20,51,30,8.6,14,Dairy,UPI,4,0,5
1003426,Blinkit,Kolkata,39,668,15,10.5,2,Snacks,UPI,5,1,4
1003428,Zepto,Mumbai,51,385,13,11.8,4,Personal Care,Credit Card,2,0,3
1003429,Swiggy Instamart,Pune,25,218,17,9.4,10,Snacks,Credit Card,5,1,5
1003430,Dunzo,Pune,46,50,17,12.8,8,Beverages,UPI,3,1,5
1003431,Big Basket,Jaipur,45,327,21,2.7,7,Snacks,Cash on Delivery,2,0,3
1003432,Dunzo,Jaipur,19,141,17,2.9,5,Groceries,Cash on Delivery,3,0,4
1003433,Swiggy Instamart,Hyderabad,18,406,14,6.0,16,Groceries,Wallet,3,0,5
1003434,Zepto,Gurgaon,19,276,5,0.9,10,Snacks,Debit Card,4,0,5
1003435,Swiggy Instamart,Noida,50,424,15,4.8,15,Personal Care,UPI,1,1,4
1003436,Jio Mart,Hyderabad,37,231,23,12.3,11,Beverages,UPI,1,0,4
1003438,Jio Mart,Gurgaon,28,707,21,4.0,1,Groceries,Cash on Delivery,1,1,4
1003439,Dunzo,Hyderabad,32,189,10,2.8,4,Groceries,Debit Card,2,0,4
1003440,Blinkit,Amritsar,57,326,11,1.6,17,Beverages,Debit Card,4,1,3
1003441,Jio Mart,Hyderabad,41,123,18,0.6,4,Beverages,Credit Card,1,0,2
1003442,Dunzo,Jaipur,32,320,16,3.9,6,Fruits & Vegetables,Wallet,2,1,4
1003443,Flipkart Minutes,Amritsar,58,825,19,13.6,8,Dairy,UPI,5,1,4
1003444,Zepto,Hyderabad,41,686,10,8.2,9,Snacks,Debit Card,1,1,5
1003445,Jio Mart,Mumbai,36,730,19,1.6,19,Fruits & Vegetables,Debit Card,1,1,3
1003447,Big Basket,Hyderabad,42,1023,18,10.0,4,Snacks,Wallet,3,1,4
1003448,Flipkart Minutes,Amritsar,38,77,18,10.3,12,Dairy,Cash on Delivery,2,0,4
1003449,Jio Mart,Amritsar,29,139,21,8.7,19,Dairy,Debit Card,4,0,3
1003450,Flipkart Minutes,Noida,56,936,19,11.2,12,Dairy,Credit Card,3,1,3
1003451,Jio Mart,Haridwar,38,87,34,8.1,13,Fruits & Vegetables,UPI,1,0,4
1003452,Zepto,Jaipur,52,670,11,4.0,5,Beverages,UPI,2,0,3
1003453,Amazon Now,Haridwar,26,448,28,5.7,17,Fruits & Vegetables,Cash on Delivery,3,1,3
1003454,Zepto,Chennai,45,303,6,1.6,19,Groceries,Wallet,1,0,5
1003455,Zepto,Gurgaon,54,511,8,5.1,3,Snacks,Cash on Delivery,3,0,5
1003456,Blinkit,Mumbai,45,215,21,12.8,14,Personal Care,Debit Card,5,0,4
1003457,Flipkart Minutes,Noida,55,886,18,7.9,18,Groceries,UPI,4,0,4
1003458,Blinkit,Jaipur,19,50,19,6.9,16,Fruits & Vegetables,Wallet,3,0,5
1003460,Zepto,Chennai,36,472,11,11.7,11,Fruits & Vegetables,Credit Card,3,0,4
1003461,Swiggy Instamart,Hyderabad,51,728,12,4.0,7,Groceries,Credit Card,4,1,4
1003462,Swiggy Instamart,Kolkata,57,1196,16,12.1,14,Household,Wallet,5,1,5
1003463,Flipkart Minutes,Pune,40,545,18,13.0,5,Dairy,Cash on Delivery,3,1,4
1003464,Blinkit,Kolkata,57,522,14,10.4,10,Personal Care,Cash on Delivery,2,0,4
1003465,Zepto,Amritsar,31,350,11,9.5,7,Personal Care,Credit Card,4,0,3
1003466,Flipkart Minutes,Chennai,22,321,12,4.0,11,Personal Care,Credit Card,4,0,4
1003467,Amazon Now,Hyderabad,26,1011,22,13.0,17,Beverages,Wallet,4,0,4
1003468,Flipkart Minutes,Mumbai,59,932,16,5.6,19,Personal Care,Cash on Delivery,2,1,3
1003469,Jio Mart,Hyderabad,42,324,25,10.1,17,Household,UPI,4,0,3
1003470,Jio Mart,Noida,43,853,21,8.4,18,Beverages,Credit Card,4,1,4
1003471,Amazon Now,Hyderabad,40,472,23,14.7,17,Household,Cash on Delivery,1,1,4
1003472,Flipkart Minutes,Chennai,50,1016,20,13.2,12,Groceries,Wallet,5,1,4
1003473,Dunzo,Pune,24,535,12,4.6,9,Fruits & Vegetables,UPI,2,0,3
1003476,Dunzo,Mumbai,46,1186,19,14.9,9,Fruits & Vegetables,Wallet,4,1,4
1003477,Blinkit,Bengluru,31,629,13,5.8,4,Personal Care,Credit Card,3,0,3
1003478,Amazon Now,Kolkata,21,134,17,8.5,14,Household,UPI,2,0,4
1003479,Dunzo,Bengluru,24,1048,19,14.7,3,Groceries,UPI,1,1,4
1003480,Swiggy Instamart,Noida,40,802,16,8.9,16,Dairy,Credit Card,4,1,4
1003481,Swiggy Instamart,Chennai,47,1538,11,0.7,1,Groceries,Debit Card,3,1,4
1003482,Flipkart Minutes,Bengluru,26,1705,17,9.4,19,Beverages,Cash on Delivery,2,1,4
1003483,Flipkart Minutes,Noida,44,1099,20,14.4,7,Fruits & Vegetables,Cash on Delivery,4,1,3
1003484,Blinkit,Pune,47,939,18,12.5,8,Fruits & Vegetables,Debit Card,4,1,5
1003485,Jio Mart,Delhi,39,731,9,2.1,4,Beverages,Wallet,4,0,3
1003486,Amazon Now,Pune,36,1914,19,8.1,7,Fruits & Vegetables,Wallet,3,1,4
1003487,Blinkit,Jaipur,57,1315,18,6.2,17,Snacks,UPI,4,1,3
1003488,Dunzo,Hyderabad,56,50,10,5.0,19,Groceries,UPI,2,1,4
1003490,Zepto,Gurgaon,54,210,5,3.3,16,Beverages,Wallet,3,0,4
1003491,Zepto,Haridwar,33,124,17,2.1,5,Snacks,UPI,2,0,4
1003492,Zepto,Haridwar,29,1027,20,5.8,7,Snacks,UPI,3,1,4
1003493,Big Basket,Jaipur,39,242,26,14.0,6,Household,Debit Card,3,1,4
1003494,Flipkart Minutes,Amritsar,18,186,11,1.5,15,Groceries,Cash on Delivery,4,1,4
1003495,Blinkit,Haridwar,35,301,27,7.1,15,Personal Care,Debit Card,5,0,4
1003496,Dunzo,Jaipur,18,437,16,7.0,12,Household,Cash on Delivery,3,0,3
1003497,Jio Mart,Hyderabad,35,204,22,7.8,6,Personal Care,Wallet,2,0,4
1003498,Dunzo,Noida,36,264,14,12.5,19,Household,Debit Card,2,0,4
1003499,Big Basket,Amritsar,28,749,20,10.7,10,Personal Care,Credit Card,1,1,3
1003500,Dunzo,Chennai,28,61,13,6.2,6,Household,Debit Card,4,1,3
1003502,Amazon Now,Kolkata,31,854,18,4.5,2,Dairy,Cash on Delivery,3,0,4
1003503,Zepto,Jaipur,25,50,15,12.5,14,Snacks,Wallet,4,0,3
1003505,Flipkart Minutes,Delhi,27,870,5,5.0,17,Fruits & Vegetables,Credit Card,4,0,4
1003506,Swiggy Instamart,Mumbai,41,1427,21,11.7,18,Groceries,Debit Card,5,1,5
1003507,Jio Mart,Haridwar,57,607,33,3.8,3,Personal Care,Wallet,4,0,4
1003508,Dunzo,Amritsar,26,847,14,10.0,15,Snacks,Cash on Delivery,4,1,3
1003509,Swiggy Instamart,Mumbai,52,551,14,2.2,3,Household,Credit Card,3,1,4
1003510,Swiggy Instamart,Chennai,43,383,14,3.2,11,Personal Care,Cash on Delivery,5,0,4
1003511,Jio Mart,Bengluru,51,419,23,6.7,3,Snacks,Cash on Delivery,2,1,4
1003512,Dunzo,Pune,47,631,18,13.6,17,Personal Care,Wallet,3,0,3
1003514,Blinkit,Gurgaon,44,50,13,4.0,15,Personal Care,UPI,5,1,4
1003515,Flipkart Minutes,Delhi,22,474,8,10.8,16,Personal Care,Debit Card,2,1,4
1003517,Big Basket,Noida,30,456,20,9.5,9,Beverages,Credit Card,1,0,3
1003518,Amazon Now,Bengluru,52,518,19,4.3,19,Dairy,UPI,4,1,3
1003519,Amazon Now,Haridwar,48,528,26,0.9,10,Fruits & Vegetables,UPI,2,0,3
1003520,Flipkart Minutes,Haridwar,34,208,31,10.4,14,Beverages,Wallet,4,0,4
1003521,Swiggy Instamart,Gurgaon,29,50,16,10.1,7,Household,Wallet,1,1,5
1003522,Swiggy Instamart,Chennai,19,198,15,6.6,5,Personal Care,Debit Card,3,0,4
1003523,Amazon Now,Chennai,23,628,15,3.8,3,Household,UPI,4,1,4
1003524,Amazon Now,Noida,42,392,19,8.2,19,Personal Care,Cash on Delivery,3,1,4
1003525,Big Basket,Jaipur,33,291,17,1.4,9,Dairy,Cash on Delivery,3,0,4
1003526,Swiggy Instamart,Haridwar,35,290,26,6.5,4,Beverages,Wallet,2,1,4
1003527,Swiggy Instamart,Noida,32,409,20,12.9,4,Fruits & Vegetables,Wallet,3,0,4
1003528,Amazon Now,Noida,44,610,21,14.6,17,Personal Care,Cash on Delivery,1,0,4
1003529,Zepto,Haridwar,18,579,18,6.8,5,Groceries,Cash on Delivery,3,0,3
1003530,Flipkart Minutes,Mumbai,30,1020,13,1.5,5,Beverages,Cash on Delivery,4,0,5
1003531,Jio Mart,Amritsar,26,379,21,5.5,3,Personal Care,Cash on Delivery,4,0,5
1003532,Amazon Now,Hyderabad,59,478,19,8.7,7,Household,UPI,1,1,4
1003533,Jio Mart,Mumbai,56,650,25,9.4,18,Household,Cash on Delivery,2,0,5
1003534,Jio Mart,Bengluru,53,368,26,12.2,5,Household,Credit Card,2,0,3
1003535,Jio Mart,Delhi,31,286,15,14.6,11,Snacks,Cash on Delivery,3,0,5
1003536,Amazon Now,Bengluru,31,447,17,1.1,19,Dairy,Cash on Delivery,4,1,5
1003537,Jio Mart,Chennai,55,506,26,12.3,1,Snacks,Wallet,1,0,4
1003538,Amazon Now,Haridwar,49,464,32,13.0,12,Groceries,Credit Card,3,0,3
1003539,Jio Mart,Chennai,51,446,25,14.6,11,Fruits & Vegetables,Wallet,4,1,5
1003540,Blinkit,Hyderabad,45,1631,14,9.1,18,Household,Credit Card,5,1,4
1003541,Jio Mart,Delhi,31,254,8,1.8,5,Groceries,Credit Card,4,1,4
1003542,Zepto,Amritsar,55,50,12,11.7,3,Beverages,Credit Card,2,1,4
1003543,Amazon Now,Kolkata,32,494,23,14.4,17,Groceries,Credit Card,4,0,3
1003544,Amazon Now,Noida,57,716,20,11.5,19,Household,Wallet,4,1,4
1003545,Dunzo,Gurgaon,26,704,11,3.5,15,Groceries,Debit Card,4,1,4
1003546,Dunzo,Chennai,43,453,11,1.3,15,Beverages,UPI,1,0,5
1003547,Swiggy Instamart,Bengluru,20,367,18,12.1,19,Beverages,Wallet,2,0,5
1003548,Jio Mart,Chennai,57,351,18,1.1,5,Household,Cash on Delivery,5,0,4
1003549,Jio Mart,Chennai,25,70,19,3.9,16,Snacks,UPI,2,1,4
1003550,Jio Mart,Jaipur,35,417,23,1.0,10,Personal Care,UPI,1,0,4
1003551,Swiggy Instamart,Kolkata,41,106,10,1.0,8,Fruits & Vegetables,Cash on Delivery,4,1,4
1003552,Jio Mart,Amritsar,37,760,18,0.8,5,Fruits & Vegetables,Credit Card,4,0,3
1003554,Big Basket,Bengluru,59,941,17,7.4,12,Dairy,Wallet,5,0,2
1003555,Jio Mart,Noida,27,161,20,7.4,2,Dairy,Debit Card,3,1,5
1003556,Amazon Now,Gurgaon,44,952,21,11.7,13,Fruits & Vegetables,Debit Card,2,1,4
1003557,Big Basket,Hyderabad,36,1104,19,12.6,17,Fruits & Vegetables,Debit Card,4,1,4
1003558,Amazon Now,Chennai,57,518,14,1.7,9,Snacks,Wallet,2,1,4
1003559,Big Basket,Hyderabad,27,50,20,9.2,6,Personal Care,Wallet,2,0,3
1003560,Blinkit,Gurgaon,30,633,17,11.6,13,Fruits & Vegetables,Cash on Delivery,4,0,3
1003561,Blinkit,Jaipur,20,728,20,7.4,7,Household,Credit Card,5,0,4
1003562,Blinkit,Mumbai,47,593,15,6.1,10,Personal Care,Credit Card,4,0,3
1003563,Flipkart Minutes,Noida,34,782,16,8.4,14,Household,Cash on Delivery,2,1,4
1003564,Swiggy Instamart,Hyderabad,35,687,14,5.1,4,Fruits & Vegetables,Cash on Delivery,1,0,3
1003565,Zepto,Kolkata,35,972,8,8.7,14,Dairy,UPI,3,1,5
1003566,Blinkit,Jaipur,23,921,15,2.7,6,Dairy,Credit Card,2,0,4
1003567,Flipkart Minutes,Chennai,36,795,18,10.6,18,Groceries,Credit Card,4,1,3
1003568,Zepto,Hyderabad,34,712,5,1.4,18,Snacks,Credit Card,1,0,4
1003571,Zepto,Bengluru,45,1003,9,8.6,2,Fruits & Vegetables,Wallet,5,0,4
1003572,Jio Mart,Chennai,35,208,20,2.3,2,Groceries,Debit Card,2,1,3
1003573,Dunzo,Hyderabad,54,1011,14,10.7,9,Fruits & Vegetables,Cash on Delivery,1,1,5
1003574,Zepto,Bengluru,40,637,11,10.6,3,Groceries,Wallet,3,0,3
1003575,Jio Mart,Mumbai,58,50,27,11.6,16,Groceries,UPI,2,1,3
1003576,Big Basket,Jaipur,48,419,22,7.9,5,Beverages,Credit Card,4,0,4
1003577,Zepto,Haridwar,51,709,20,5.2,1,Groceries,Cash on Delivery,3,0,4
1003578,Amazon Now,Kolkata,18,362,15,5.8,4,Snacks,UPI,3,0,4
1003579,Swiggy Instamart,Amritsar,43,167,14,4.8,19,Personal Care,UPI,4,0,3
1003580,Zepto,Mumbai,19,50,12,12.2,19,Dairy,Debit Card,4,0,4
1003581,Swiggy Instamart,Noida,19,607,17,12.1,1,Fruits & Vegetables,Credit Card,4,0,3
1003582,Jio Mart,Mumbai,51,431,27,9.8,5,Personal Care,Debit Card,5,1,3
1003583,Jio Mart,Amritsar,24,1071,21,6.3,16,Dairy,Wallet,2,1,5
1003584,Swiggy Instamart,Gurgaon,57,594,17,7.5,3,Fruits & Vegetables,Credit Card,2,1,4
1003585,Amazon Now,Amritsar,23,850,18,4.2,3,Dairy,Cash on Delivery,4,1,4
1003586,Jio Mart,Gurgaon,53,341,25,11.7,8,Groceries,UPI,1,0,3
1003587,Flipkart Minutes,Kolkata,48,250,15,9.1,19,Household,UPI,4,0,3
1003588,Amazon Now,Gurgaon,21,1244,16,6.1,6,Household,UPI,2,1,3
1003589,Swiggy Instamart,Bengluru,28,1389,13,5.7,5,Dairy,Credit Card,5,1,3
1003590,Dunzo,Haridwar,57,316,21,1.6,3,Groceries,UPI,4,0,3
1003591,Blinkit,Bengluru,18,250,13,3.5,18,Dairy,Wallet,4,0,4
1003592,Big Basket,Mumbai,32,444,20,10.1,16,Beverages,Wallet,2,0,5
1003593,Dunzo,Kolkata,24,478,9,2.8,2,Dairy,Debit Card,1,0,3
1003594,Dunzo,Pune,26,50,12,3.5,4,Household,Wallet,2,0,4
1003595,Dunzo,Bengluru,48,809,11,4.9,1,Snacks,Wallet,4,1,4
1003596,Zepto,Hyderabad,49,356,6,5.8,6,Groceries,UPI,4,0,3
1003597,Jio Mart,Bengluru,50,932,19,2.2,2,Beverages,Credit Card,4,1,4
1003598,Dunzo,Bengluru,31,221,16,9.2,18,Dairy,Credit Card,3,0,3
1003599,Swiggy Instamart,Mumbai,55,217,20,14.5,6,Dairy,Wallet,3,1,4
1003600,Dunzo,Chennai,50,782,11,5.6,3,Dairy,Wallet,4,1,4
1003602,Zepto,Kolkata,44,527,7,6.1,8,Fruits & Vegetables,Cash on Delivery,1,0,4
1003604,Zepto,Delhi,30,661,5,9.6,9,Beverages,Cash on Delivery,4,0,3
1003605,Jio Mart,Bengluru,29,718,24,10.9,1,Dairy,Credit Card,3,1,4
1003606,Jio Mart,Mumbai,41,887,23,9.1,17,Personal Care,Cash on Delivery,2,0,4
1003607,Flipkart Minutes,Kolkata,19,904,20,12.9,8,Dairy,Debit Card,4,0,2
1003608,Amazon Now,Pune,54,50,17,4.0,8,Beverages,Credit Card,1,1,5
1003609,Jio Mart,Mumbai,29,188,20,2.2,1,Personal Care,Cash on Delivery,1,1,5
1003610,Zepto,Pune,48,71,8,8.8,3,Fruits & Vegetables,Cash on Delivery,5,1,5
1003611,Swiggy Instamart,Noida,56,507,19,11.0,6,Household,Credit Card,3,1,4
1003612,Blinkit,Haridwar,44,749,28,9.4,2,Fruits & Vegetables,Debit Card,5,1,4
1003613,Swiggy Instamart,Pune,59,749,18,11.7,19,Fruits & Vegetables,Debit Card,5,0,4
1003614,Zepto,Pune,49,627,6,3.6,4,Personal Care,Wallet,2,0,4
1003615,Dunzo,Chennai,20,603,17,11.5,2,Household,Credit Card,3,1,5
1003616,Blinkit,Pune,23,282,18,14.4,9,Household,Wallet,5,0,5
1003617,Flipkart Minutes,Delhi,39,651,6,10.5,10,Dairy,Credit Card,2,1,4
1003618,Swiggy Instamart,Delhi,33,50,8,14.9,13,Dairy,Credit Card,5,1,4
1003619,Amazon Now,Hyderabad,45,442,18,4.9,11,Household,Cash on Delivery,1,0,4
1003620,Dunzo,Delhi,46,272,5,3.8,19,Beverages,Debit Card,2,0,3
1003621,Dunzo,Gurgaon,57,574,15,11.7,19,Snacks,UPI,2,0,4
1003622,Big Basket,Haridwar,24,694,30,8.6,6,Dairy,UPI,3,1,4
1003623,Blinkit,Haridwar,45,737,25,5.2,15,Household,Wallet,5,0,4
1003625,Jio Mart,Hyderabad,42,702,21,5.0,13,Dairy,UPI,4,1,3
1003626,Zepto,Bengluru,28,592,14,14.5,14,Household,UPI,3,0,4
1003627,Flipkart Minutes,Hyderabad,55,219,10,0.7,1,Beverages,Cash on Delivery,2,1,4
1003629,Blinkit,Haridwar,33,569,28,13.6,19,Groceries,Credit Card,4,0,4
1003630,Zepto,Delhi,56,201,5,8.7,12,Household,Cash on Delivery,4,0,3
1003631,Dunzo,Amritsar,33,467,15,8.0,15,Groceries,Cash on Delivery,1,0,4
1003632,Big Basket,Noida,25,791,18,6.7,8,Beverages,Credit Card,3,0,3
1003633,Jio Mart,Chennai,37,505,26,14.8,8,Personal Care,UPI,1,0,4
1003634,Amazon Now,Jaipur,52,236,25,9.5,2,Household,Debit Card,2,1,4
1003636,Dunzo,Haridwar,58,407,20,2.0,17,Personal Care,Debit Card,2,0,4
1003637,Amazon Now,Hyderabad,22,854,22,13.4,5,Household,Cash on Delivery,2,0,5
1003638,Amazon Now,Noida,57,325,16,7.0,4,Groceries,Cash on Delivery,3,0,3
1003639,Jio Mart,Jaipur,25,552,22,2.2,18,Dairy,UPI,4,0,4
1003640,Flipkart Minutes,Chennai,55,697,16,6.9,17,Snacks,UPI,3,1,4
1003641,Swiggy Instamart,Kolkata,41,520,15,7.5,10,Household,Wallet,3,0,4
1003642,Amazon Now,Delhi,25,664,8,7.4,16,Household,Credit Card,1,1,4
1003643,Dunzo,Hyderabad,41,399,16,9.7,8,Household,UPI,2,0,3
1003644,Dunzo,Kolkata,23,809,9,1.2,5,Personal Care,Wallet,3,1,4
1003645,Blinkit,Jaipur,52,1177,18,7.0,4,Fruits & Vegetables,UPI,4,1,4
1003646,Jio Mart,Noida,49,717,17,2.1,4,Groceries,Wallet,3,1,4
1003647,Blinkit,Amritsar,19,50,11,4.9,1,Fruits & Vegetables,Credit Card,3,0,4
1003648,Zepto,Jaipur,55,139,13,5.2,9,Fruits & Vegetables,Debit Card,2,1,4
1003649,Swiggy Instamart,Bengluru,29,805,18,8.1,19,Household,Wallet,2,0,3
1003650,Jio Mart,Mumbai,25,643,24,7.6,5,Household,Wallet,4,1,3
1003651,Swiggy Instamart,Kolkata,49,951,18,13.9,15,Snacks,Credit Card,2,1,3
1003652,Amazon Now,Kolkata,37,326,20,10.5,7,Personal Care,Wallet,2,0,5
1003653,Blinkit,Haridwar,58,1464,30,13.9,1,Fruits & Vegetables,Cash on Delivery,4,1,4
1003654,Big Basket,Chennai,41,427,18,10.0,14,Household,Wallet,3,0,5
1003655,Flipkart Minutes,Jaipur,36,1370,22,7.1,2,Household,Credit Card,2,1,4
1003656,Jio Mart,Hyderabad,45,552,24,7.6,8,Personal Care,Credit Card,2,0,5
1003657,Amazon Now,Amritsar,22,60,17,7.1,4,Beverages,Credit Card,3,0,4
1003658,Big Basket,Delhi,18,890,6,5.6,6,Personal Care,Wallet,4,1,5
1003659,Dunzo,Bengluru,37,50,14,10.4,4,Dairy,Cash on Delivery,2,0,3
1003660,Jio Mart,Haridwar,30,181,37,9.9,3,Personal Care,Wallet,3,0,3
1003661,Blinkit,Gurgaon,47,1157,10,0.5,4,Dairy,Cash on Delivery,3,0,4
1003662,Amazon Now,Chennai,41,761,16,7.4,15,Fruits & Vegetables,UPI,1,1,3
1003663,Flipkart Minutes,Chennai,51,497,15,5.6,8,Dairy,Credit Card,2,0,5
1003664,Swiggy Instamart,Amritsar,30,50,13,5.9,19,Dairy,Debit Card,2,0,3
1003665,Jio Mart,Bengluru,59,497,18,2.2,9,Personal Care,Debit Card,3,0,4
1003666,Flipkart Minutes,Gurgaon,45,700,16,4.4,5,Household,Cash on Delivery,2,0,3
1003667,Jio Mart,Kolkata,28,351,25,10.2,7,Fruits & Vegetables,Cash on Delivery,4,1,3
1003668,Swiggy Instamart,Bengluru,21,542,20,12.2,8,Fruits & Vegetables,Credit Card,5,0,3
1003669,Jio Mart,Kolkata,29,443,17,1.0,5,Personal Care,Cash on Delivery,1,1,4
1003670,Big Basket,Gurgaon,55,565,19,8.7,8,Groceries,UPI,2,1,4
1003671,Jio Mart,Jaipur,49,1046,23,1.8,16,Household,Debit Card,3,1,3
1003672,Flipkart Minutes,Gurgaon,54,681,22,14.4,15,Household,Credit Card,3,1,3
1003673,Zepto,Gurgaon,46,337,10,9.4,15,Beverages,Cash on Delivery,3,1,5
1003674,Jio Mart,Kolkata,31,620,22,8.4,17,Personal Care,Wallet,4,0,3
1003675,Flipkart Minutes,Mumbai,25,321,15,3.4,7,Dairy,UPI,1,1,3
1003676,Blinkit,Bengluru,31,163,19,13.5,6,Household,Cash on Delivery,2,0,4
1003677,Dunzo,Amritsar,24,1091,7,0.6,18,Fruits & Vegetables,Wallet,1,1,5
1003678,Amazon Now,Pune,59,839,18,6.0,5,Household,Cash on Delivery,1,0,3
1003679,Flipkart Minutes,Hyderabad,49,197,19,11.7,15,Fruits & Vegetables,Credit Card,1,1,3
1003680,Jio Mart,Noida,26,842,20,5.9,15,Beverages,Credit Card,4,0,3
1003681,Jio Mart,Gurgaon,49,605,26,14.5,13,Dairy,Wallet,4,0,4
1003682,Dunzo,Hyderabad,35,571,15,12.7,7,Dairy,Wallet,2,0,3
1003683,Flipkart Minutes,Amritsar,50,146,16,9.2,18,Dairy,UPI,1,0,5
1003684,Flipkart Minutes,Mumbai,25,866,15,2.2,11,Groceries,UPI,4,0,4
1003685,Big Basket,Noida,54,356,15,2.2,17,Household,Credit Card,4,0,5
1003686,Flipkart Minutes,Pune,54,960,20,14.8,4,Personal Care,Debit Card,3,0,4
1003687,Swiggy Instamart,Kolkata,30,427,16,9.8,1,Snacks,Wallet,2,0,4
1003688,Big Basket,Delhi,55,796,8,11.0,14,Groceries,Debit Card,2,1,4
1003689,Dunzo,Jaipur,34,633,17,4.3,19,Household,Wallet,4,1,4
1003690,Dunzo,Noida,20,251,11,3.7,18,Fruits & Vegetables,Credit Card,4,0,3
1003691,Jio Mart,Chennai,33,730,20,7.1,9,Groceries,Cash on Delivery,1,1,4
1003692,Zepto,Mumbai,48,1051,6,2.6,1,Groceries,Wallet,5,0,3
1003693,Jio Mart,Noida,47,825,17,1.7,4,Dairy,Credit Card,3,0,4
1003694,Dunzo,Pune,49,715,9,1.1,5,Personal Care,Credit Card,4,1,4
1003695,Dunzo,Delhi,30,456,5,11.0,13,Dairy,UPI,2,0,5
1003696,Jio Mart,Kolkata,29,793,21,2.6,8,Groceries,Wallet,1,1,3
1003697,Zepto,Kolkata,34,520,5,2.6,19,Household,Cash on Delivery,3,0,4
1003698,Flipkart Minutes,Noida,38,267,12,1.9,16,Snacks,Debit Card,4,0,3
1003699,Big Basket,Chennai,23,407,20,12.9,3,Fruits & Vegetables,UPI,2,1,4
1003700,Jio Mart,Delhi,40,363,14,8.2,1,Household,Credit Card,2,0,3
1003701,Dunzo,Hyderabad,26,704,12,7.2,6,Snacks,Wallet,4,0,3
1003702,Swiggy Instamart,Pune,42,675,16,10.5,19,Dairy,UPI,2,1,3
1003703,Blinkit,Amritsar,51,400,19,14.0,14,Snacks,UPI,3,1,4
1003704,Amazon Now,Haridwar,56,507,35,12.5,2,Groceries,Credit Card,4,0,3
1003705,Big Basket,Noida,51,626,16,8.9,2,Household,UPI,3,0,3
1003706,Dunzo,Chennai,50,1878,15,8.8,14,Beverages,Credit Card,1,1,4
1003707,Amazon Now,Noida,58,998,17,5.0,3,Fruits & Vegetables,Wallet,5,1,4
1003708,Blinkit,Amritsar,34,724,17,14.3,19,Beverages,Credit Card,3,1,4
1003709,Flipkart Minutes,Haridwar,28,788,29,8.6,13,Household,Wallet,1,0,4
1003710,Blinkit,Jaipur,51,1417,22,11.4,15,Household,Credit Card,2,1,3
1003711,Dunzo,Bengluru,28,1232,9,0.8,13,Beverages,Wallet,1,1,4
1003712,Amazon Now,Mumbai,48,494,20,10.5,14,Beverages,Credit Card,4,1,4
1003713,Blinkit,Kolkata,56,1029,10,0.9,6,Personal Care,UPI,2,0,4
1003714,Zepto,Kolkata,53,243,9,8.2,19,Household,Credit Card,5,0,3
1003715,Amazon Now,Jaipur,38,895,27,14.4,2,Beverages,UPI,2,1,4
1003716,Blinkit,Kolkata,42,647,18,11.2,8,Beverages,Wallet,5,0,3
1003717,Zepto,Kolkata,28,939,8,8.5,1,Groceries,Cash on Delivery,3,1,3
1003719,Blinkit,Delhi,30,50,5,1.0,7,Fruits & Vegetables,Wallet,5,0,4
1003721,Amazon Now,Hyderabad,53,646,14,1.9,14,Groceries,Credit Card,3,0,3
1003722,Amazon Now,Noida,32,689,18,10.8,19,Household,Debit Card,4,1,4
1003723,Flipkart Minutes,Mumbai,56,497,16,2.2,12,Dairy,Wallet,3,0,4
1003724,Zepto,Mumbai,24,261,13,13.0,2,Groceries,Cash on Delivery,5,0,5
1003725,Swiggy Instamart,Kolkata,27,116,15,10.6,17,Fruits & Vegetables,Cash on Delivery,3,0,3
1003726,Big Basket,Noida,52,413,15,3.7,10,Household,UPI,4,1,4
1003727,Jio Mart,Hyderabad,42,508,26,11.9,15,Personal Care,Debit Card,4,0,5
1003729,Blinkit,Amritsar,57,287,12,6.1,3,Household,Debit Card,5,0,4
1003730,Big Basket,Gurgaon,43,385,19,8.0,3,Dairy,Wallet,5,0,3
1003731,Swiggy Instamart,Noida,28,318,15,6.5,8,Household,Wallet,3,0,3
1003732,Swiggy Instamart,Amritsar,58,442,19,14.8,7,Groceries,UPI,5,1,4
1003733,Amazon Now,Delhi,57,689,6,1.2,7,Personal Care,Debit Card,4,1,4
1003734,Flipkart Minutes,Gurgaon,28,807,17,6.5,7,Snacks,UPI,2,1,3
1003735,Jio Mart,Hyderabad,42,178,23,10.4,4,Household,Wallet,4,1,3
1003736,Big Basket,Jaipur,20,126,19,1.8,10,Beverages,Debit Card,4,0,4
1003737,Blinkit,Amritsar,29,312,12,6.6,4,Snacks,Wallet,5,0,3
1003738,Blinkit,Jaipur,39,284,21,13.6,6,Household,Debit Card,3,0,4
1003739,Flipkart Minutes,Jaipur,36,460,18,4.3,9,Fruits & Vegetables,Cash on Delivery,3,0,4
1003740,Blinkit,Hyderabad,20,213,15,7.8,5,Beverages,Credit Card,5,0,3
1003741,Zepto,Hyderabad,36,295,6,6.5,6,Snacks,UPI,1,1,3
1003742,Dunzo,Mumbai,47,701,11,4.1,16,Fruits & Vegetables,Cash on Delivery,1,0,3
1003743,Amazon Now,Kolkata,25,527,14,2.1,7,Fruits & Vegetables,Credit Card,5,1,4
1003744,Jio Mart,Hyderabad,43,283,19,4.4,3,Groceries,Debit Card,2,0,3
1003745,Blinkit,Gurgaon,42,471,13,3.1,2,Snacks,UPI,5,0,3
1003746,Zepto,Amritsar,45,50,10,13.2,7,Dairy,UPI,1,1,3
1003748,Big Basket,Delhi,58,543,9,12.4,5,Household,Cash on Delivery,5,0,4
1003749,Amazon Now,Delhi,30,50,11,12.4,5,Groceries,Cash on Delivery,1,1,5
1003750,Blinkit,Jaipur,43,493,23,11.4,18,Groceries,UPI,2,0,4
1003751,Dunzo,Haridwar,47,50,24,7.6,8,Beverages,UPI,4,1,5
1003752,Dunzo,Hyderabad,22,350,14,6.3,8,Groceries,Wallet,1,0,4
1003753,Jio Mart,Amritsar,33,679,18,2.6,9,Household,Credit Card,1,1,3
1003754,Dunzo,Kolkata,46,581,16,10.8,13,Fruits & Vegetables,Wallet,2,0,5
1003755,Jio Mart,Delhi,22,286,9,2.3,13,Personal Care,Credit Card,2,0,5
1003756,Zepto,Hyderabad,56,174,10,7.7,4,Personal Care,Debit Card,2,0,5
1003757,Big Basket,Delhi,20,354,9,12.6,7,Personal Care,Cash on Delivery,4,1,4
1003758,Swiggy Instamart,Gurgaon,19,612,13,1.3,5,Snacks,Credit Card,5,0,4
1003759,Amazon Now,Bengluru,36,324,23,14.7,14,Groceries,Debit Card,5,1,3
1003760,Amazon Now,Hyderabad,22,700,20,7.6,16,Household,Debit Card,2,1,4
1003761,Dunzo,Gurgaon,43,765,10,5.6,6,Dairy,Cash on Delivery,3,1,3
1003763,Swiggy Instamart,Chennai,26,66,17,11.9,17,Household,Wallet,4,0,3
1003764,Zepto,Noida,43,1615,5,2.0,4,Household,Credit Card,2,1,4
1003765,Blinkit,Haridwar,19,421,25,6.7,18,Groceries,Credit Card,4,1,5
1003766,Zepto,Amritsar,59,1052,7,5.6,17,Snacks,Debit Card,4,0,4
1003767,Jio Mart,Amritsar,30,449,22,8.7,2,Fruits & Vegetables,UPI,4,0,3
1003768,Dunzo,Kolkata,31,764,9,0.7,19,Groceries,UPI,2,1,4
1003769,Dunzo,Gurgaon,49,1089,14,6.0,9,Snacks,Wallet,2,1,3
1003770,Big Basket,Jaipur,48,947,18,4.1,15,Personal Care,Wallet,4,1,4
1003771,Big Basket,Jaipur,33,655,23,6.8,2,Snacks,UPI,2,0,4
1003772,Amazon Now,Pune,18,703,21,13.3,18,Snacks,Cash on Delivery,5,0,4
1003773,Jio Mart,Pune,44,423,26,11.1,7,Personal Care,Cash on Delivery,4,0,3
1003774,Amazon Now,Hyderabad,22,481,20,12.6,13,Personal Care,UPI,3,1,4
1003776,Swiggy Instamart,Delhi,21,583,8,12.8,7,Personal Care,Credit Card,4,0,4
1003777,Flipkart Minutes,Gurgaon,25,551,15,3.4,7,Dairy,Credit Card,2,1,3
1003778,Swiggy Instamart,Delhi,54,554,5,6.6,1,Dairy,Wallet,5,0,3
1003779,Swiggy Instamart,Gurgaon,42,105,12,3.2,1,Snacks,Debit Card,5,0,4
1003780,Swiggy Instamart,Bengluru,26,81,20,13.8,3,Groceries,Credit Card,4,1,3
1003781,Flipkart Minutes,Delhi,27,445,9,9.6,18,Snacks,Cash on Delivery,2,0,3
1003782,Swiggy Instamart,Kolkata,52,657,10,0.9,3,Household,Debit Card,3,0,4
1003783,Zepto,Amritsar,28,82,11,11.1,11,Personal Care,Credit Card,5,0,4
1003784,Amazon Now,Gurgaon,32,317,18,6.5,16,Fruits & Vegetables,Debit Card,5,0,4
1003785,Amazon Now,Pune,47,387,23,13.3,11,Fruits & Vegetables,Cash on Delivery,2,0,3
1003786,Blinkit,Chennai,35,636,12,3.3,4,Beverages,UPI,4,1,3
1003787,Amazon Now,Kolkata,20,288,19,10.2,16,Snacks,Cash on Delivery,1,0,4
1003788,Swiggy Instamart,Haridwar,22,114,24,4.4,8,Groceries,Credit Card,2,1,3
1003789,Flipkart Minutes,Noida,50,722,14,5.6,12,Personal Care,Wallet,2,0,5
1003790,Swiggy Instamart,Amritsar,38,1145,14,7.3,11,Groceries,Wallet,3,1,4
1003791,Jio Mart,Chennai,27,376,20,4.0,3,Dairy,Debit Card,5,0,3
1003792,Amazon Now,Delhi,52,877,10,9.4,15,Snacks,UPI,2,0,5
1003793,Big Basket,Jaipur,47,578,26,11.6,14,Household,Debit Card,4,0,4
1003794,Zepto,Hyderabad,35,360,8,6.5,15,Household,UPI,3,0,5
1003795,Jio Mart,Pune,27,648,23,12.2,13,Snacks,Cash on Delivery,3,0,4
1003796,Swiggy Instamart,Chennai,19,50,18,9.5,11,Dairy,UPI,3,0,3
1003797,Jio Mart,Bengluru,39,620,24,9.0,3,Snacks,Credit Card,4,1,4
1003798,Flipkart Minutes,Haridwar,46,637,31,12.1,8,Snacks,Cash on Delivery,2,0,4
1003799,Blinkit,Mumbai,23,1094,20,13.3,19,Snacks,Cash on Delivery,4,1,3
1003800,Big Basket,Kolkata,46,281,15,6.3,10,Personal Care,Credit Card,3,1,4
1003801,Big Basket,Hyderabad,50,50,15,2.5,9,Household,Debit Card,2,0,4
1003803,Dunzo,Delhi,56,850,5,7.8,15,Dairy,UPI,1,1,4
1003804,Big Basket,Mumbai,25,451,19,5.6,18,Beverages,Cash on Delivery,3,0,4
1003805,Swiggy Instamart,Mumbai,43,1380,16,7.9,7,Beverages,UPI,2,0,4
1003806,Swiggy Instamart,Noida,48,616,18,13.4,18,Beverages,Credit Card,2,0,4
1003807,Swiggy Instamart,Bengluru,34,50,20,11.2,11,Groceries,Wallet,2,0,4
1003809,Zepto,Bengluru,58,964,13,13.9,12,Groceries,Cash on Delivery,3,1,4
1003810,Jio Mart,Mumbai,25,373,21,5.3,2,Beverages,Cash on Delivery,1,0,4
1003811,Jio Mart,Pune,38,133,25,14.3,14,Fruits & Vegetables,Credit Card,1,0,3
1003812,Zepto,Gurgaon,53,488,5,1.3,4,Dairy,UPI,3,1,3
1003813,Jio Mart,Chennai,34,243,26,14.7,18,Fruits & Vegetables,UPI,2,1,3
1003814,Jio Mart,Jaipur,31,728,27,5.4,7,Household,Wallet,3,0,4
1003815,Flipkart Minutes,Chennai,19,1150,17,11.5,10,Snacks,Debit Card,3,0,5
1003816,Zepto,Bengluru,47,1344,10,7.6,12,Household,UPI,4,1,3
1003818,Dunzo,Jaipur,19,133,18,9.3,2,Household,UPI,3,0,4
1003819,Swiggy Instamart,Haridwar,56,981,23,3.2,18,Household,Cash on Delivery,3,1,4
1003820,Big Basket,Pune,45,123,20,13.9,18,Groceries,UPI,3,0,5
1003821,Flipkart Minutes,Kolkata,54,376,13,2.0,18,Groceries,Cash on Delivery,4,0,3
1003822,Zepto,Jaipur,55,160,10,2.3,18,Beverages,Wallet,1,0,4
1003823,Jio Mart,Chennai,21,698,19,4.1,17,Household,UPI,3,1,4
1003824,Dunzo,Chennai,50,1202,10,2.2,4,Household,Cash on Delivery,1,1,4
1003825,Amazon Now,Hyderabad,18,460,18,9.5,18,Fruits & Vegetables,Wallet,3,0,3
1003826,Amazon Now,Chennai,57,563,21,10.4,13,Dairy,Cash on Delivery,4,0,4
1003827,Blinkit,Bengluru,57,617,17,11.2,1,Dairy,Debit Card,4,0,4
1003828,Dunzo,Chennai,28,384,7,0.7,19,Snacks,Credit Card,4,0,3
1003829,Dunzo,Bengluru,37,653,12,3.3,10,Personal Care,Debit Card,4,1,4
1003830,Dunzo,Pune,51,315,17,12.6,15,Personal Care,Cash on Delivery,1,0,4
1003831,Big Basket,Mumbai,27,50,22,14.7,13,Household,Debit Card,1,0,4
1003832,Big Basket,Chennai,55,464,17,10.7,18,Beverages,Debit Card,2,0,5
1003833,Amazon Now,Noida,51,533,20,11.9,8,Personal Care,Cash on Delivery,3,0,4
1003834,Flipkart Minutes,Noida,59,805,18,10.4,13,Snacks,Credit Card,3,1,4
1003835,Amazon Now,Hyderabad,24,944,23,14.8,3,Fruits & Vegetables,Cash on Delivery,3,1,4
1003836,Dunzo,Hyderabad,55,675,12,3.8,8,Snacks,Cash on Delivery,2,1,3
1003838,Blinkit,Pune,25,818,20,14.5,4,Beverages,Debit Card,4,0,3
1003839,Blinkit,Mumbai,46,767,17,8.1,7,Groceries,Cash on Delivery,5,0,2
1003840,Amazon Now,Noida,55,430,19,5.9,3,Beverages,Cash on Delivery,1,1,4
1003841,Flipkart Minutes,Kolkata,31,933,15,6.7,9,Snacks,Wallet,3,1,5
1003842,Swiggy Instamart,Hyderabad,33,206,14,6.5,19,Dairy,Wallet,4,0,5
1003843,Flipkart Minutes,Amritsar,57,410,13,3.6,19,Personal Care,Debit Card,5,0,4
1003844,Swiggy Instamart,Bengluru,50,733,16,6.9,7,Personal Care,Debit Card,4,1,4
1003845,Amazon Now,Mumbai,23,267,17,2.2,10,Personal Care,Credit Card,5,0,3
1003846,Jio Mart,Pune,20,89,21,3.2,19,Household,Credit Card,3,0,4
1003847,Amazon Now,Chennai,25,1488,20,10.4,2,Dairy,Cash on Delivery,3,1,4
1003848,Amazon Now,Amritsar,57,641,12,0.7,6,Dairy,Debit Card,2,0,3
1003849,Swiggy Instamart,Delhi,55,630,5,2.5,15,Snacks,Cash on Delivery,4,0,3
1003850,Amazon Now,Amritsar,43,1479,13,2.4,7,Snacks,Cash on Delivery,4,1,4
1003851,Blinkit,Mumbai,53,310,19,14.1,9,Beverages,Debit Card,5,0,4
1003852,Swiggy Instamart,Chennai,18,50,17,11.3,9,Beverages,Wallet,4,1,4
1003853,Zepto,Haridwar,31,690,18,5.4,14,Fruits & Vegetables,Wallet,4,1,4
1003854,Flipkart Minutes,Noida,18,966,20,13.5,11,Fruits & Vegetables,Cash on Delivery,5,1,4
1003855,Swiggy Instamart,Gurgaon,32,1871,14,8.8,1,Snacks,Credit Card,3,1,4
1003856,Blinkit,Hyderabad,59,954,13,4.3,9,Beverages,Credit Card,2,1,5
1003857,Zepto,Hyderabad,27,570,9,10.6,3,Household,Debit Card,1,0,5
1003858,Swiggy Instamart,Mumbai,47,1181,17,6.8,5,Fruits & Vegetables,Debit Card,2,1,3
1003859,Big Basket,Jaipur,34,337,25,10.4,15,Snacks,Credit Card,2,0,3
1003860,Big Basket,Noida,43,736,19,8.2,10,Dairy,Cash on Delivery,5,0,4
1003861,Big Basket,Pune,43,72,16,3.7,13,Dairy,Cash on Delivery,3,0,4
1003862,Flipkart Minutes,Delhi,36,1357,9,12.0,13,Beverages,Debit Card,4,1,5
1003863,Jio Mart,Hyderabad,54,195,22,5.9,13,Fruits & Vegetables,UPI,1,0,5
1003864,Swiggy Instamart,Delhi,21,1038,6,6.9,13,Beverages,Debit Card,4,0,3
1003865,Swiggy Instamart,Pune,32,485,16,6.7,19,Snacks,Credit Card,5,0,4
1003866,Big Basket,Jaipur,33,543,20,4.2,16,Fruits & Vegetables,Cash on Delivery,2,1,3
1003867,Dunzo,Gurgaon,50,724,14,9.2,11,Household,Wallet,1,0,3
1003868,Swiggy Instamart,Jaipur,44,607,19,8.9,16,Household,UPI,5,1,3
1003869,Jio Mart,Amritsar,53,475,22,6.0,17,Beverages,UPI,4,0,4
1003870,Zepto,Gurgaon,20,1109,5,1.1,18,Personal Care,UPI,4,1,5
1003871,Zepto,Bengluru,39,770,11,13.3,13,Fruits & Vegetables,Debit Card,5,0,3
1003872,Jio Mart,Kolkata,48,843,24,9.8,19,Personal Care,Credit Card,2,1,4
1003873,Jio Mart,Chennai,53,514,20,3.6,4,Groceries,Debit Card,2,1,4
1003874,Amazon Now,Bengluru,44,999,16,3.9,6,Dairy,Credit Card,2,1,3
1003875,Swiggy Instamart,Hyderabad,23,50,11,2.3,4,Groceries,UPI,3,1,4
1003876,Dunzo,Bengluru,49,393,15,11.3,7,Dairy,Debit Card,4,1,3
1003877,Dunzo,Delhi,37,558,5,7.5,10,Beverages,Debit Card,3,0,4
1003878,Jio Mart,Bengluru,19,358,24,10.5,15,Beverages,Cash on Delivery,3,0,5
1003879,Amazon Now,Chennai,55,772,22,11.6,6,Personal Care,Credit Card,2,0,5
1003880,Blinkit,Kolkata,44,698,19,14.8,3,Groceries,Credit Card,4,0,3
1003881,Flipkart Minutes,Bengluru,40,406,19,13.0,19,Household,Cash on Delivery,3,0,4
1003882,Dunzo,Mumbai,39,895,16,11.0,9,Dairy,Debit Card,2,0,5
1003883,Blinkit,Pune,38,599,17,13.5,11,Dairy,Credit Card,4,0,4
1003884,Jio Mart,Kolkata,52,370,26,14.8,9,Beverages,Debit Card,3,0,5
1003885,Blinkit,Kolkata,36,124,16,7.6,14,Beverages,Credit Card,4,1,4
1003886,Amazon Now,Amritsar,38,122,21,13.3,5,Dairy,Cash on Delivery,4,1,5
1003887,Swiggy Instamart,Haridwar,18,355,24,1.0,15,Household,Debit Card,5,1,5
1003888,Big Basket,Amritsar,48,50,20,12.2,8,Dairy,Wallet,2,0,4
1003890,Jio Mart,Kolkata,48,471,21,4.8,4,Household,UPI,3,1,5
1003891,Big Basket,Pune,33,542,17,6.0,19,Groceries,Credit Card,2,0,4
1003892,Swiggy Instamart,Mumbai,45,190,23,14.4,15,Dairy,Debit Card,4,1,4
1003893,Dunzo,Mumbai,51,663,15,6.9,11,Household,UPI,1,1,4
1003894,Swiggy Instamart,Hyderabad,24,166,15,7.2,2,Beverages,Wallet,4,0,4
1003895,Zepto,Jaipur,43,676,13,6.0,13,Beverages,Wallet,4,0,4
1003896,Dunzo,Chennai,51,252,18,13.9,13,Snacks,Cash on Delivery,1,0,5
1003897,Big Basket,Hyderabad,25,140,17,9.5,13,Dairy,Cash on Delivery,2,0,4
1003898,Blinkit,Delhi,53,235,5,2.0,10,Fruits & Vegetables,UPI,5,1,5
1003899,Jio Mart,Delhi,22,799,12,10.4,5,Personal Care,Wallet,2,1,5
1003900,Dunzo,Chennai,27,50,16,11.0,18,Groceries,Debit Card,4,1,3
1003901,Jio Mart,Hyderabad,45,50,16,0.5,13,Personal Care,Credit Card,3,0,3
1003902,Swiggy Instamart,Mumbai,42,769,20,11.8,3,Personal Care,Debit Card,4,1,4
1003903,Flipkart Minutes,Jaipur,56,805,20,4.4,14,Groceries,UPI,4,0,3
1003904,Zepto,Gurgaon,41,775,9,11.5,8,Beverages,UPI,3,0,4
1003905,Amazon Now,Jaipur,42,538,24,10.4,10,Dairy,UPI,5,0,5
1003906,Flipkart Minutes,Mumbai,38,1264,19,9.4,8,Dairy,UPI,4,1,4
1003907,Amazon Now,Mumbai,52,409,21,10.8,8,Personal Care,Wallet,3,0,4
1003908,Big Basket,Gurgaon,21,163,16,4.7,15,Groceries,UPI,2,1,4
1003909,Dunzo,Bengluru,36,543,9,0.5,8,Beverages,UPI,4,0,3
1003910,Swiggy Instamart,Hyderabad,24,649,15,7.6,19,Groceries,Debit Card,4,0,5
1003912,Big Basket,Haridwar,59,909,28,6.6,15,Fruits & Vegetables,Cash on Delivery,3,0,3
1003913,Jio Mart,Pune,32,50,20,4.5,16,Personal Care,Credit Card,2,0,4
1003914,Flipkart Minutes,Noida,58,603,13,0.7,19,Fruits & Vegetables,Credit Card,2,0,5
1003915,Zepto,Delhi,28,641,5,8.3,14,Household,Credit Card,3,0,5
1003916,Zepto,Noida,20,220,5,1.1,16,Dairy,UPI,4,0,4
1003917,Blinkit,Kolkata,56,288,14,9.9,8,Snacks,Wallet,4,0,3
1003918,Dunzo,Bengluru,57,355,11,1.2,5,Beverages,Credit Card,4,0,3
1003919,Amazon Now,Delhi,41,495,10,11.6,18,Dairy,Credit Card,4,0,3
1003920,Blinkit,Jaipur,36,402,21,8.5,8,Beverages,Cash on Delivery,2,0,3
1003922,Zepto,Mumbai,56,601,10,10.7,4,Snacks,Cash on Delivery,4,0,4
1003923,Big Basket,Amritsar,40,702,23,14.5,2,Groceries,Wallet,3,0,4
1003924,Dunzo,Mumbai,21,485,14,2.8,5,Personal Care,Cash on Delivery,2,1,4
1003925,Big Basket,Haridwar,37,377,35,14.8,13,Dairy,Debit Card,4,1,3
1003926,Dunzo,Delhi,43,1281,6,9.3,14,Fruits & Vegetables,Credit Card,3,1,3
1003927,Amazon Now,Pune,37,840,15,2.8,2,Dairy,Cash on Delivery,3,1,5
1003928,Dunzo,Delhi,26,532,6,12.2,1,Snacks,Credit Card,2,0,4
1003929,Big Basket,Gurgaon,20,752,22,14.8,18,Dairy,Debit Card,3,0,3
1003930,Jio Mart,Jaipur,45,266,33,14.8,9,Fruits & Vegetables,Credit Card,1,1,4
1003931,Dunzo,Kolkata,49,229,12,4.2,1,Beverages,Debit Card,2,1,3
1003932,Jio Mart,Kolkata,32,186,25,14.8,19,Groceries,UPI,4,0,5
1003933,Big Basket,Noida,22,445,18,7.6,2,Household,Wallet,4,0,3
1003934,Amazon Now,Delhi,23,559,5,2.1,19,Groceries,Credit Card,4,0,4
1003935,Amazon Now,Pune,41,499,18,5.2,12,Beverages,Debit Card,2,0,3
1003936,Dunzo,Jaipur,49,241,22,14.2,6,Snacks,Credit Card,3,0,3
1003937,Zepto,Gurgaon,48,68,8,8.8,14,Personal Care,Credit Card,5,0,4
1003938,Flipkart Minutes,Mumbai,36,472,14,2.0,10,Household,Credit Card,2,1,4
1003939,Amazon Now,Gurgaon,52,659,19,9.1,5,Dairy,Cash on Delivery,4,0,3
1003940,Zepto,Noida,30,324,12,14.3,4,Dairy,Wallet,5,1,3
1003941,Swiggy Instamart,Noida,35,267,18,14.0,8,Snacks,UPI,5,0,4
1003943,Flipkart Minutes,Chennai,21,451,18,12.7,7,Personal Care,Wallet,3,0,4
1003944,Swiggy Instamart,Chennai,33,232,15,4.2,11,Snacks,Wallet,2,0,4
1003945,Flipkart Minutes,Mumbai,56,94,19,10.2,18,Dairy,Debit Card,4,0,4
1003946,Jio Mart,Chennai,39,184,26,12.9,17,Beverages,UPI,3,0,4
1003947,Amazon Now,Chennai,18,50,24,14.5,2,Personal Care,Credit Card,2,0,3
1003948,Zepto,Hyderabad,32,50,8,8.7,2,Household,Debit Card,4,0,4
1003949,Zepto,Pune,29,306,12,12.0,13,Personal Care,UPI,4,1,3
1003950,Flipkart Minutes,Mumbai,48,531,14,3.2,1,Beverages,Cash on Delivery,3,0,4
1003951,Zepto,Mumbai,45,930,6,2.3,11,Fruits & Vegetables,Debit Card,3,1,3
1003952,Swiggy Instamart,Chennai,18,567,15,4.8,14,Snacks,Debit Card,3,0,2
1003954,Swiggy Instamart,Noida,23,1090,13,2.4,19,Beverages,UPI,2,0,2
1003955,Jio Mart,Mumbai,56,838,26,12.7,7,Groceries,Credit Card,4,1,3
1003956,Big Basket,Delhi,18,732,8,6.0,1,Personal Care,Debit Card,5,0,5
1003957,Swiggy Instamart,Delhi,36,402,5,10.8,19,Dairy,Credit Card,3,0,4
1003958,Dunzo,Gurgaon,32,703,15,11.4,2,Household,UPI,2,1,5
1003959,Dunzo,Gurgaon,27,50,14,6.9,10,Beverages,Credit Card,3,0,4
1003961,Dunzo,Hyderabad,42,88,10,4.9,19,Fruits & Vegetables,Debit Card,4,0,3
1003962,Swiggy Instamart,Hyderabad,56,124,13,7.1,18,Beverages,Cash on Delivery,3,0,4
1003963,Swiggy Instamart,Gurgaon,33,1500,19,13.5,11,Fruits & Vegetables,Wallet,5,1,4
1003964,Flipkart Minutes,Mumbai,30,781,15,0.6,12,Beverages,Credit Card,2,0,4
1003965,Zepto,Gurgaon,24,144,7,7.2,12,Fruits & Vegetables,Cash on Delivery,3,0,4
1003966,Big Basket,Pune,20,231,21,14.2,13,Snacks,Debit Card,4,1,3
1003967,Dunzo,Jaipur,37,443,14,4.1,14,Dairy,Credit Card,1,0,4
1003968,Amazon Now,Bengluru,41,50,15,3.4,9,Snacks,Debit Card,3,0,4
1003970,Dunzo,Gurgaon,46,172,15,14.0,8,Beverages,Cash on Delivery,1,1,3
1003971,Zepto,Kolkata,42,1290,10,10.0,10,Snacks,Cash on Delivery,3,1,3
1003972,Jio Mart,Mumbai,38,715,24,9.3,7,Beverages,Wallet,3,0,4
1003973,Jio Mart,Jaipur,28,826,28,11.8,19,Beverages,UPI,2,0,4
1003974,Jio Mart,Amritsar,35,849,23,12.3,15,Fruits & Vegetables,Debit Card,4,1,4
1003975,Zepto,Gurgaon,59,729,10,12.6,19,Beverages,Cash on Delivery,5,1,4
1003976,Blinkit,Bengluru,28,486,13,0.8,17,Snacks,Debit Card,5,1,3
1003977,Big Basket,Pune,26,1154,12,1.2,10,Dairy,Cash on Delivery,2,1,4
1003978,Blinkit,Amritsar,43,978,17,13.5,10,Groceries,Debit Card,4,0,3
1003979,Blinkit,Jaipur,51,118,16,1.6,1,Beverages,Credit Card,2,0,4
1003980,Blinkit,Chennai,49,523,18,14.7,4,Fruits & Vegetables,UPI,3,0,5
1003981,Big Basket,Amritsar,20,263,20,11.9,18,Beverages,Cash on Delivery,4,1,4
1003982,Zepto,Haridwar,34,254,21,11.2,19,Dairy,Debit Card,2,1,4
1003983,Amazon Now,Amritsar,51,605,16,3.1,2,Household,Wallet,3,0,2
1003984,Swiggy Instamart,Mumbai,51,918,15,7.1,16,Snacks,UPI,4,1,5
1003985,Dunzo,Bengluru,18,487,16,12.9,16,Dairy,Cash on Delivery,5,0,4
1003986,Amazon Now,Pune,53,132,21,10.9,8,Fruits & Vegetables,Credit Card,2,0,3
1003987,Zepto,Pune,18,440,12,14.3,12,Household,UPI,3,0,4
1003989,Amazon Now,Delhi,19,479,6,4.2,11,Personal Care,Cash on Delivery,2,0,2
1003990,Dunzo,Noida,59,807,13,6.0,4,Beverages,Debit Card,2,0,3
1003991,Amazon Now,Hyderabad,52,775,16,2.1,6,Fruits & Vegetables,Cash on Delivery,1,1,5
1003992,Zepto,Amritsar,41,739,7,8.2,8,Groceries,Debit Card,2,0,3
1003993,Flipkart Minutes,Delhi,58,50,5,1.1,1,Snacks,Credit Card,2,0,4
1003994,Jio Mart,Hyderabad,34,623,25,11.5,5,Beverages,Cash on Delivery,3,0,5
1003995,Zepto,Chennai,53,660,5,3.4,5,Personal Care,Credit Card,3,0,4
1003996,Flipkart Minutes,Delhi,24,277,5,0.7,15,Dairy,Credit Card,3,0,4
1003997,Blinkit,Pune,55,691,17,12.0,18,Dairy,Wallet,2,0,4
1003998,Jio Mart,Amritsar,21,488,23,9.2,19,Household,Credit Card,2,1,4
1004000,Swiggy Instamart,Bengluru,33,1154,19,9.6,19,Snacks,Wallet,2,1,4
1004001,Dunzo,Gurgaon,21,1253,12,6.9,18,Snacks,Cash on Delivery,2,1,4
1004002,Blinkit,Delhi,53,625,8,14.2,1,Household,Wallet,4,0,4
1004003,Flipkart Minutes,Hyderabad,34,759,16,8.5,4,Snacks,UPI,2,0,3
1004004,Flipkart Minutes,Hyderabad,19,496,17,8.9,9,Snacks,Debit Card,1,0,4
1004005,Swiggy Instamart,Delhi,38,1272,5,1.4,11,Beverages,UPI,5,0,4
1004006,Big Basket,Mumbai,46,410,21,7.6,18,Snacks,Cash on Delivery,3,0,5
1004007,Jio Mart,Pune,39,240,21,4.2,19,Beverages,Debit Card,2,0,3
1004008,Zepto,Mumbai,54,864,12,12.1,19,Fruits & Vegetables,Cash on Delivery,2,0,4
1004009,Zepto,Haridwar,52,223,20,9.6,13,Dairy,Cash on Delivery,3,0,4
1004010,Flipkart Minutes,Noida,50,501,18,8.0,8,Dairy,Wallet,2,0,3
1004011,Big Basket,Delhi,34,859,10,14.0,15,Household,Wallet,5,0,4
1004012,Flipkart Minutes,Mumbai,28,754,20,12.4,14,Household,Wallet,1,1,2
1004013,Big Basket,Jaipur,47,320,21,8.7,5,Groceries,Wallet,4,0,3
1004014,Blinkit,Mumbai,31,1018,21,14.2,16,Fruits & Vegetables,Wallet,3,1,4
1004015,Zepto,Noida,44,597,8,7.8,16,Beverages,Debit Card,2,1,4
1004016,Zepto,Chennai,30,1133,10,10.3,6,Beverages,Credit Card,3,0,4
1004017,Swiggy Instamart,Amritsar,57,966,17,9.7,2,Snacks,UPI,4,1,4
1004018,Blinkit,Hyderabad,50,540,11,5.2,13,Groceries,Wallet,2,0,3
1004021,Swiggy Instamart,Gurgaon,51,1355,11,0.6,2,Groceries,Cash on Delivery,4,0,4
1004022,Blinkit,Mumbai,30,218,15,6.3,18,Household,Wallet,5,0,3
1004023,Swiggy Instamart,Hyderabad,18,1723,13,2.1,12,Dairy,UPI,1,1,3
1004024,Blinkit,Jaipur,28,595,22,10.3,6,Beverages,UPI,3,0,3
1004025,Big Basket,Chennai,54,282,19,9.0,5,Fruits & Vegetables,Debit Card,2,1,5
1004026,Jio Mart,Jaipur,33,546,32,15.0,10,Dairy,Credit Card,3,0,4
1004027,Swiggy Instamart,Hyderabad,47,685,17,14.0,12,Groceries,Debit Card,2,0,3
1004028,Amazon Now,Chennai,38,50,15,5.5,12,Dairy,Credit Card,5,1,3
1004029,Flipkart Minutes,Haridwar,19,296,32,14.1,19,Groceries,Credit Card,2,0,3
1004030,Jio Mart,Jaipur,33,538,25,7.2,14,Groceries,Credit Card,1,0,3
1004031,Flipkart Minutes,Jaipur,38,272,17,4.1,10,Dairy,Wallet,1,0,2
1004032,Big Basket,Haridwar,53,527,32,12.2,9,Household,Debit Card,3,1,5
1004035,Swiggy Instamart,Gurgaon,32,1017,9,0.6,3,Dairy,Wallet,4,0,4
1004036,Swiggy Instamart,Chennai,47,114,18,12.1,19,Groceries,Credit Card,5,0,3
1004038,Zepto,Gurgaon,59,1104,8,9.8,18,Groceries,Debit Card,4,0,5
1004039,Flipkart Minutes,Chennai,58,1005,20,11.8,5,Dairy,Credit Card,4,1,5
1004041,Blinkit,Gurgaon,47,612,10,2.6,15,Groceries,Debit Card,4,1,3
1004042,Swiggy Instamart,Delhi,24,330,8,9.8,16,Snacks,Cash on Delivery,4,0,4
1004043,Swiggy Instamart,Kolkata,57,538,19,11.1,5,Snacks,Wallet,4,0,4
1004044,Jio Mart,Amritsar,26,50,19,2.7,2,Household,Debit Card,2,1,3
1004045,Zepto,Mumbai,31,685,8,1.9,12,Dairy,Debit Card,2,1,3
1004046,Zepto,Delhi,23,1062,5,4.5,2,Personal Care,Wallet,5,1,5
1004047,Flipkart Minutes,Kolkata,18,549,14,4.0,13,Beverages,Credit Card,3,1,3
1004048,Swiggy Instamart,Pune,45,598,20,13.7,17,Groceries,Wallet,1,1,3
1004049,Jio Mart,Chennai,45,751,23,9.0,1,Beverages,Wallet,1,1,3
1004050,Swiggy Instamart,Chennai,32,652,15,7.8,18,Beverages,Cash on Delivery,2,0,3
1004051,Swiggy Instamart,Noida,45,1074,18,10.0,6,Snacks,Debit Card,3,0,5
1004052,Amazon Now,Pune,24,619,13,0.8,11,Snacks,Wallet,4,0,3
1004053,Dunzo,Jaipur,31,245,20,8.4,2,Groceries,UPI,1,0,3
1004054,Dunzo,Pune,36,188,12,6.9,18,Personal Care,Debit Card,4,0,3
1004055,Big Basket,Mumbai,40,1152,18,2.8,18,Beverages,UPI,3,1,3
1004056,Big Basket,Bengluru,47,152,19,8.5,4,Groceries,Credit Card,2,0,4
1004057,Blinkit,Jaipur,42,66,19,4.5,14,Dairy,Credit Card,5,0,4
1004058,Blinkit,Haridwar,51,88,28,9.3,15,Fruits & Vegetables,Cash on Delivery,3,0,4
1004059,Swiggy Instamart,Bengluru,45,624,15,8.1,16,Fruits & Vegetables,Wallet,3,1,4
1004060,Flipkart Minutes,Haridwar,21,515,30,10.5,4,Snacks,Credit Card,2,1,4
1004061,Flipkart Minutes,Jaipur,22,485,23,13.6,9,Fruits & Vegetables,Wallet,3,1,3
1004062,Big Basket,Hyderabad,21,905,20,9.3,1,Household,Debit Card,4,1,4
1004063,Flipkart Minutes,Amritsar,33,230,19,13.1,2,Fruits & Vegetables,Wallet,2,0,5
1004064,Flipkart Minutes,Mumbai,26,1432,17,8.6,19,Dairy,Wallet,5,1,3
1004065,Swiggy Instamart,Jaipur,31,333,19,2.7,9,Fruits & Vegetables,UPI,3,1,3
1004066,Swiggy Instamart,Pune,46,723,15,8.7,19,Dairy,Credit Card,5,0,3
1004067,Flipkart Minutes,Delhi,31,288,5,6.5,16,Groceries,UPI,2,0,4
1004068,Dunzo,Mumbai,32,521,11,3.3,6,Household,Wallet,1,0,4
1004069,Jio Mart,Amritsar,47,413,22,6.3,8,Dairy,UPI,3,1,5
1004070,Dunzo,Noida,50,780,17,11.2,11,Fruits & Vegetables,Debit Card,3,0,5
1004071,Flipkart Minutes,Amritsar,25,139,20,12.0,8,Groceries,UPI,3,1,4
1004072,Amazon Now,Noida,28,775,15,3.2,2,Beverages,Credit Card,5,0,4
1004073,Blinkit,Chennai,18,446,12,1.2,12,Groceries,Cash on Delivery,5,1,3
1004075,Swiggy Instamart,Delhi,50,268,10,14.3,2,Dairy,Debit Card,2,0,4
1004076,Big Basket,Kolkata,29,50,17,9.2,18,Groceries,Credit Card,4,1,3
1004077,Big Basket,Pune,42,265,15,1.6,4,Fruits & Vegetables,Debit Card,4,0,4
1004078,Dunzo,Noida,41,490,14,10.9,16,Household,Wallet,3,0,4
1004079,Flipkart Minutes,Chennai,41,659,18,9.4,1,Snacks,Debit Card,5,1,3
1004080,Swiggy Instamart,Jaipur,42,318,19,3.0,12,Dairy,Debit Card,2,0,4
1004081,Amazon Now,Haridwar,23,50,28,4.7,18,Snacks,UPI,3,1,4
1004082,Swiggy Instamart,Haridwar,38,391,29,9.7,19,Household,Debit Card,4,0,3
1004083,Blinkit,Amritsar,29,487,17,10.5,13,Groceries,Wallet,5,0,4
1004084,Dunzo,Mumbai,23,347,13,2.0,5,Household,Cash on Delivery,2,0,3
1004085,Swiggy Instamart,Noida,29,898,14,3.4,14,Snacks,Cash on Delivery,5,0,3
1004086,Blinkit,Mumbai,19,216,17,10.2,2,Beverages,UPI,2,1,4
1004088,Zepto,Haridwar,39,257,21,6.3,17,Dairy,Credit Card,1,0,4
1004089,Amazon Now,Bengluru,25,1149,20,8.4,15,Beverages,Credit Card,2,1,4
1004090,Blinkit,Jaipur,32,50,21,12.8,17,Personal Care,Debit Card,5,1,3
1004091,Swiggy Instamart,Haridwar,58,567,24,1.2,4,Household,Cash on Delivery,3,0,5
1004092,Swiggy Instamart,Noida,44,742,14,7.5,7,Groceries,Credit Card,4,1,5
1004093,Big Basket,Haridwar,37,661,26,2.5,18,Personal Care,UPI,4,1,3
1004094,Blinkit,Mumbai,44,1562,17,6.6,6,Dairy,Wallet,2,1,5
1004095,Swiggy Instamart,Mumbai,50,533,17,8.9,19,Personal Care,UPI,2,0,3
1004096,Big Basket,Jaipur,31,213,26,12.1,18,Dairy,Wallet,5,1,4
1004097,Amazon Now,Jaipur,43,336,21,2.3,6,Personal Care,Cash on Delivery,5,0,4
1004098,Jio Mart,Amritsar,20,499,24,11.4,3,Beverages,Debit Card,1,0,3
1004099,Zepto,Pune,29,546,8,9.4,1,Beverages,UPI,4,0,4
1004100,Flipkart Minutes,Kolkata,26,50,14,2.0,19,Groceries,Cash on Delivery,1,1,5
1004101,Jio Mart,Kolkata,24,497,23,8.1,11,Fruits & Vegetables,Cash on Delivery,4,0,4
1004102,Swiggy Instamart,Kolkata,56,1557,13,7.1,16,Personal Care,Credit Card,4,1,3
1004103,Dunzo,Hyderabad,54,161,10,5.4,10,Beverages,Debit Card,4,1,4
1004104,Amazon Now,Jaipur,44,1011,21,6.0,10,Personal Care,Cash on Delivery,2,0,3
1004105,Dunzo,Delhi,25,715,5,10.5,15,Dairy,UPI,1,1,3
1004106,Big Basket,Bengluru,53,1070,22,14.0,17,Groceries,Credit Card,4,1,3
1004107,Flipkart Minutes,Noida,25,547,12,1.6,8,Fruits & Vegetables,Debit Card,3,0,3
1004108,Zepto,Delhi,50,273,5,5.5,7,Personal Care,Credit Card,2,0,4
1004109,Swiggy Instamart,Gurgaon,24,1295,14,6.5,16,Beverages,Credit Card,3,0,4
1004110,Dunzo,Bengluru,43,380,16,9.9,7,Household,Credit Card,3,0,4
1004111,Blinkit,Pune,38,791,14,7.3,1,Snacks,UPI,4,0,4
1004113,Big Basket,Noida,26,1040,16,4.3,8,Household,UPI,2,0,4
1004114,Jio Mart,Mumbai,53,517,25,10.3,17,Beverages,Credit Card,4,0,4
1004115,Dunzo,Amritsar,42,630,8,1.8,5,Beverages,Debit Card,4,0,5
1004116,Dunzo,Pune,29,231,9,2.6,11,Groceries,UPI,1,1,5
1004117,Amazon Now,Gurgaon,51,490,21,11.1,7,Snacks,Credit Card,4,0,4
1004118,Jio Mart,Mumbai,23,628,22,3.0,10,Groceries,Debit Card,2,0,3
1004119,Zepto,Hyderabad,33,1031,8,6.6,6,Snacks,Cash on Delivery,1,1,4
1004120,Blinkit,Jaipur,40,451,16,4.7,10,Beverages,UPI,4,1,5
1004121,Amazon Now,Noida,50,1638,20,9.4,11,Groceries,Debit Card,5,1,4
1004122,Zepto,Kolkata,51,601,7,7.1,12,Dairy,Wallet,4,0,4
1004123,Zepto,Chennai,30,369,5,1.0,18,Snacks,Wallet,4,1,3
1004124,Zepto,Amritsar,34,1083,10,8.5,6,Dairy,Wallet,2,1,5
1004125,Big Basket,Noida,20,107,16,6.9,4,Beverages,Cash on Delivery,2,1,3
1004126,Big Basket,Bengluru,39,342,20,8.7,2,Snacks,Debit Card,3,0,4
1004127,Flipkart Minutes,Delhi,27,284,9,14.6,14,Fruits & Vegetables,Wallet,3,0,4
1004129,Amazon Now,Gurgaon,53,465,18,9.1,19,Groceries,Cash on Delivery,2,0,5
1004130,Blinkit,Haridwar,50,475,31,14.1,19,Household,Cash on Delivery,4,1,4
1004131,Amazon Now,Pune,33,143,18,6.6,15,Beverages,Debit Card,4,0,3
1004132,Zepto,Amritsar,27,1018,8,8.8,3,Groceries,Debit Card,2,1,3
1004133,Dunzo,Haridwar,47,503,24,3.0,19,Beverages,Wallet,3,1,4
1004134,Big Basket,Chennai,56,539,22,13.4,5,Beverages,Credit Card,3,1,4
1004135,Zepto,Jaipur,28,80,13,4.8,17,Snacks,UPI,4,0,4
1004136,Blinkit,Bengluru,54,347,12,1.8,7,Snacks,UPI,3,0,2
1004137,Swiggy Instamart,Haridwar,49,875,31,13.4,19,Groceries,Credit Card,2,0,4
1004138,Jio Mart,Hyderabad,38,210,21,8.0,19,Groceries,Credit Card,2,0,4
1004139,Blinkit,Pune,33,50,12,2.6,9,Beverages,Credit Card,3,0,3
1004140,Dunzo,Delhi,57,750,5,11.8,12,Household,UPI,1,0,5
1004141,Zepto,Jaipur,41,577,17,12.0,14,Beverages,Wallet,4,0,5
1004142,Jio Mart,Amritsar,49,442,28,14.6,17,Fruits & Vegetables,Cash on Delivery,4,1,4
1004143,Zepto,Delhi,44,860,5,6.5,13,Groceries,Wallet,2,1,5
1004144,Swiggy Instamart,Kolkata,25,1283,17,14.2,10,Beverages,Wallet,4,0,4
1004145,Zepto,Haridwar,30,50,18,2.0,19,Groceries,UPI,2,1,4
1004146,Flipkart Minutes,Hyderabad,52,531,14,1.8,10,Snacks,Debit Card,2,0,3
1004147,Big Basket,Delhi,36,960,10,12.7,3,Snacks,UPI,4,0,3
1004148,Amazon Now,Gurgaon,55,392,19,10.7,2,Snacks,Wallet,4,0,4
1004149,Big Basket,Jaipur,35,667,25,10.3,10,Household,UPI,2,0,4
1004150,Jio Mart,Haridwar,34,322,37,13.9,12,Fruits & Vegetables,UPI,5,1,4
1004151,Amazon Now,Hyderabad,19,624,21,9.3,2,Beverages,Credit Card,1,0,3
1004152,Swiggy Instamart,Mumbai,54,433,16,6.3,9,Dairy,Debit Card,4,0,5
1004153,Blinkit,Delhi,39,478,5,8.3,7,Beverages,Credit Card,5,0,5
1004154,Big Basket,Pune,54,310,21,11.0,10,Dairy,Cash on Delivery,5,0,4
1004156,Jio Mart,Mumbai,58,351,22,5.8,18,Groceries,Wallet,2,0,4
1004157,Big Basket,Chennai,55,50,20,13.9,3,Groceries,Wallet,4,0,4
1004158,Amazon Now,Bengluru,52,1547,16,3.1,5,Snacks,Debit Card,1,1,3
1004159,Swiggy Instamart,Hyderabad,19,1249,20,12.6,7,Beverages,Debit Card,2,0,5
1004160,Jio Mart,Chennai,48,1231,20,1.5,19,Groceries,Credit Card,3,1,4
1004161,Swiggy Instamart,Delhi,37,311,5,9.3,11,Groceries,Credit Card,5,1,4
1004162,Jio Mart,Jaipur,39,230,24,5.0,16,Fruits & Vegetables,Cash on Delivery,3,1,4
1004163,Dunzo,Haridwar,52,487,26,10.9,13,Groceries,Cash on Delivery,2,0,4
1004164,Flipkart Minutes,Chennai,54,810,12,3.3,19,Snacks,UPI,5,0,4
1004165,Big Basket,Noida,31,150,15,1.5,12,Groceries,Wallet,5,0,3
1004166,Swiggy Instamart,Kolkata,38,510,17,9.1,1,Groceries,Cash on Delivery,2,1,4
1004167,Flipkart Minutes,Mumbai,55,750,19,8.4,10,Household,Wallet,2,0,4
1004168,Swiggy Instamart,Delhi,49,985,5,1.7,10,Household,UPI,1,0,4
1004169,Swiggy Instamart,Kolkata,32,453,16,8.9,4,Fruits & Vegetables,UPI,1,1,4
1004170,Amazon Now,Pune,34,209,13,0.7,15,Groceries,Credit Card,1,1,4
1004171,Dunzo,Gurgaon,26,725,11,1.7,9,Snacks,Credit Card,3,0,5
1004172,Blinkit,Noida,36,50,17,14.6,9,Household,Wallet,2,0,4
1004173,Flipkart Minutes,Kolkata,30,605,15,5.0,14,Household,Wallet,5,0,5
1004174,Dunzo,Gurgaon,45,793,11,2.2,10,Dairy,UPI,4,1,3
1004175,Amazon Now,Kolkata,44,419,18,5.2,18,Fruits & Vegetables,UPI,4,0,4
1004176,Amazon Now,Chennai,36,282,19,10.7,19,Fruits & Vegetables,UPI,3,0,4
1004177,Dunzo,Noida,23,604,18,14.4,13,Fruits & Vegetables,Debit Card,4,0,4
1004178,Jio Mart,Delhi,34,710,12,6.8,19,Personal Care,UPI,2,0,5
1004179,Blinkit,Amritsar,47,483,17,14.2,14,Household,Credit Card,3,0,4
1004180,Big Basket,Gurgaon,34,739,17,7.2,14,Fruits & Vegetables,Credit Card,3,1,4
1004181,Big Basket,Gurgaon,34,288,21,11.3,19,Fruits & Vegetables,UPI,1,1,4
1004182,Flipkart Minutes,Jaipur,58,1116,22,6.7,19,Fruits & Vegetables,Cash on Delivery,3,1,4
1004183,Dunzo,Haridwar,39,829,23,4.8,16,Household,Credit Card,1,1,3
1004184,Zepto,Delhi,26,943,5,5.0,3,Personal Care,UPI,3,0,4
1004185,Swiggy Instamart,Kolkata,57,173,14,3.8,2,Snacks,UPI,2,0,4
1004187,Flipkart Minutes,Hyderabad,32,918,20,11.0,18,Groceries,Debit Card,2,0,4
1004188,Zepto,Jaipur,40,868,9,3.9,15,Beverages,Credit Card,3,0,4
1004189,Big Basket,Jaipur,33,474,21,6.7,11,Groceries,Credit Card,2,0,5
1004190,Zepto,Noida,42,649,9,11.8,4,Household,Debit Card,1,1,4
1004191,Swiggy Instamart,Amritsar,25,740,12,2.6,3,Groceries,Credit Card,5,1,4
1004192,Dunzo,Delhi,43,890,5,5.8,12,Groceries,UPI,4,1,4
1004193,Flipkart Minutes,Mumbai,19,1260,14,3.5,19,Dairy,UPI,4,1,3
1004195,Blinkit,Bengluru,22,236,11,0.6,11,Beverages,Credit Card,3,0,4
1004196,Swiggy Instamart,Delhi,49,1073,5,5.5,11,Snacks,Debit Card,3,1,4
1004197,Flipkart Minutes,Noida,30,705,18,9.2,5,Dairy,UPI,2,1,3
1004198,Swiggy Instamart,Noida,49,524,12,5.5,2,Dairy,UPI,2,0,4
1004199,Big Basket,Chennai,46,711,22,14.3,14,Beverages,Cash on Delivery,4,0,4
1004202,Dunzo,Mumbai,37,514,15,9.5,14,Groceries,UPI,3,0,5
1004203,Amazon Now,Haridwar,42,138,36,14.8,9,Snacks,Debit Card,3,0,5
1004204,Swiggy Instamart,Jaipur,23,283,23,12.7,14,Beverages,Cash on Delivery,4,1,3
1004205,Flipkart Minutes,Hyderabad,39,90,16,6.4,2,Household,UPI,4,0,5
1004206,Flipkart Minutes,Mumbai,19,708,21,10.0,19,Personal Care,Wallet,2,1,4
1004207,Amazon Now,Mumbai,25,587,18,2.0,11,Personal Care,Credit Card,1,0,3
1004208,Swiggy Instamart,Noida,26,564,16,10.5,16,Groceries,Debit Card,3,0,3
1004209,Jio Mart,Bengluru,40,719,25,8.0,13,Fruits & Vegetables,UPI,2,0,4
1004210,Jio Mart,Gurgaon,35,1411,18,2.6,10,Beverages,Wallet,2,1,4
1004211,Dunzo,Gurgaon,42,713,16,14.5,19,Dairy,Cash on Delivery,3,0,4
1004212,Flipkart Minutes,Bengluru,28,80,18,7.5,17,Personal Care,UPI,2,1,3
1004213,Big Basket,Jaipur,19,401,26,13.0,7,Beverages,UPI,3,0,5
1004214,Flipkart Minutes,Kolkata,24,50,16,6.4,15,Snacks,Cash on Delivery,3,1,3
1004215,Amazon Now,Amritsar,38,491,18,8.7,19,Dairy,Wallet,2,1,4
1004216,Flipkart Minutes,Jaipur,24,382,23,13.8,12,Personal Care,Cash on Delivery,4,0,3
1004217,Zepto,Delhi,25,85,5,4.4,17,Personal Care,UPI,4,0,4
1004218,Amazon Now,Noida,23,837,17,5.0,6,Groceries,Cash on Delivery,3,0,4
1004219,Zepto,Bengluru,46,380,6,5.3,6,Groceries,Credit Card,3,0,4
1004220,Swiggy Instamart,Bengluru,55,532,16,5.3,4,Beverages,Wallet,3,1,4
1004221,Flipkart Minutes,Haridwar,53,73,26,5.2,17,Fruits & Vegetables,Wallet,4,0,5
1004222,Swiggy Instamart,Pune,59,400,20,12.5,9,Dairy,Debit Card,3,0,4
1004223,Swiggy Instamart,Chennai,22,1275,13,1.8,15,Groceries,Debit Card,3,1,3
1004224,Zepto,Chennai,56,355,8,4.9,13,Household,Credit Card,3,0,5
1004225,Big Basket,Amritsar,20,420,20,9.6,7,Groceries,Cash on Delivery,4,1,4
1004226,Flipkart Minutes,Gurgaon,20,1669,14,1.8,19,Dairy,Debit Card,1,1,4
1004227,Blinkit,Gurgaon,21,756,12,3.6,15,Beverages,UPI,4,0,3
1004228,Jio Mart,Kolkata,19,494,26,13.7,3,Groceries,Credit Card,2,0,3
1004229,Jio Mart,Haridwar,53,50,39,13.2,1,Snacks,Cash on Delivery,3,0,4
1004230,Zepto,Jaipur,46,686,15,14.0,14,Fruits & Vegetables,Cash on Delivery,3,0,3
1004231,Zepto,Gurgaon,31,331,6,1.3,10,Household,Wallet,2,1,4
1004232,Jio Mart,Amritsar,41,203,19,2.9,11,Household,UPI,2,0,4
1004233,Amazon Now,Delhi,55,814,7,4.7,3,Snacks,Debit Card,2,0,4
1004234,Amazon Now,Delhi,48,337,13,12.8,16,Snacks,Cash on Delivery,2,0,5
1004235,Dunzo,Amritsar,39,1335,14,9.2,16,Household,Cash on Delivery,4,1,3
1004236,Jio Mart,Amritsar,28,347,23,6.2,17,Snacks,Cash on Delivery,5,1,4
1004237,Jio Mart,Mumbai,18,134,25,9.4,10,Groceries,Credit Card,4,0,4
1004238,Flipkart Minutes,Delhi,40,659,5,1.5,14,Snacks,UPI,3,0,3
1004239,Jio Mart,Pune,34,906,25,11.2,3,Groceries,Debit Card,1,1,3
1004240,Blinkit,Amritsar,24,156,13,5.0,5,Fruits & Vegetables,Debit Card,2,0,3
1004241,Big Basket,Delhi,36,470,6,6.5,7,Groceries,Wallet,4,0,4
1004242,Dunzo,Pune,25,351,16,14.9,6,Fruits & Vegetables,Cash on Delivery,4,0,4
1004243,Jio Mart,Pune,18,808,25,13.1,17,Dairy,Wallet,4,1,3
1004244,Amazon Now,Haridwar,27,465,31,11.1,19,Personal Care,Cash on Delivery,4,1,4
1004245,Flipkart Minutes,Pune,35,465,13,5.6,4,Dairy,Credit Card,1,0,3
1004246,Swiggy Instamart,Noida,45,108,11,3.8,7,Dairy,Debit Card,4,0,3
1004248,Amazon Now,Chennai,39,265,19,11.0,10,Personal Care,Wallet,4,1,3
1004249,Amazon Now,Delhi,25,568,8,6.7,7,Beverages,Wallet,5,0,2
1004250,Blinkit,Hyderabad,36,1042,13,8.6,19,Groceries,Credit Card,4,0,4
1004251,Blinkit,Bengluru,43,205,16,8.0,18,Groceries,UPI,3,0,4
1004252,Swiggy Instamart,Mumbai,36,50,15,2.2,12,Dairy,Credit Card,3,0,3
1004253,Jio Mart,Noida,26,87,26,14.6,14,Fruits & Vegetables,Cash on Delivery,4,0,4
1004254,Swiggy Instamart,Haridwar,40,598,27,7.4,5,Personal Care,Debit Card,5,0,3
1004256,Big Basket,Haridwar,55,208,26,1.6,5,Personal Care,Wallet,5,0,3
1004257,Big Basket,Pune,37,88,20,11.7,12,Groceries,UPI,3,0,5
1004258,Jio Mart,Chennai,48,321,20,6.6,7,Fruits & Vegetables,Cash on Delivery,3,0,4
1004259,Jio Mart,Noida,56,253,25,10.2,11,Fruits & Vegetables,Wallet,3,1,4
1004260,Flipkart Minutes,Delhi,29,194,8,11.3,9,Household,Debit Card,4,0,3
1004261,Zepto,Pune,32,674,7,6.2,17,Dairy,Wallet,4,0,4
1004262,Flipkart Minutes,Delhi,39,783,5,7.3,13,Groceries,UPI,2,1,5
1004263,Dunzo,Gurgaon,28,563,17,11.3,7,Groceries,UPI,2,0,4
1004264,Big Basket,Delhi,25,758,7,5.2,12,Snacks,UPI,2,1,3
1004265,Blinkit,Delhi,59,509,5,4.8,19,Fruits & Vegetables,Wallet,4,0,4
1004266,Flipkart Minutes,Noida,53,402,21,12.8,10,Groceries,Cash on Delivery,5,0,3
1004268,Dunzo,Noida,58,803,13,7.9,5,Fruits & Vegetables,Cash on Delivery,1,0,3
1004269,Zepto,Jaipur,40,551,17,14.1,17,Beverages,Wallet,5,0,3
1004270,Swiggy Instamart,Hyderabad,26,1078,13,1.9,3,Beverages,Cash on Delivery,1,1,3
1004271,Jio Mart,Pune,40,225,23,7.4,7,Snacks,UPI,3,0,3
1004272,Flipkart Minutes,Haridwar,28,426,29,9.0,19,Beverages,Wallet,3,0,4
1004273,Blinkit,Kolkata,45,50,17,11.1,19,Beverages,Cash on Delivery,2,0,3
1004274,Amazon Now,Gurgaon,21,647,18,9.0,19,Dairy,Debit Card,2,1,3
1004275,Amazon Now,Delhi,57,292,11,11.8,12,Fruits & Vegetables,Debit Card,5,1,5
1004276,Flipkart Minutes,Kolkata,41,566,18,7.7,3,Personal Care,Debit Card,2,1,5
1004277,Blinkit,Jaipur,43,873,16,4.3,19,Beverages,Cash on Delivery,5,0,3
1004278,Flipkart Minutes,Hyderabad,30,714,14,1.3,4,Snacks,Credit Card,4,1,3
1004279,Swiggy Instamart,Noida,39,988,13,6.4,7,Household,UPI,2,0,3
1004280,Zepto,Gurgaon,20,1005,5,1.4,10,Snacks,Wallet,5,1,4
1004281,Big Basket,Bengluru,20,890,20,11.0,12,Personal Care,Cash on Delivery,5,1,3
1004282,Big Basket,Pune,26,534,15,4.9,14,Personal Care,Cash on Delivery,4,0,3
1004283,Zepto,Bengluru,52,481,10,9.8,19,Snacks,Credit Card,4,0,4
1004284,Swiggy Instamart,Jaipur,30,865,18,3.0,17,Beverages,Wallet,5,0,3
1004285,Jio Mart,Delhi,31,202,14,7.7,2,Fruits & Vegetables,Debit Card,3,0,4
1004286,Flipkart Minutes,Jaipur,59,154,18,5.8,16,Snacks,Debit Card,4,0,2
1004287,Jio Mart,Chennai,44,413,19,4.8,18,Beverages,Wallet,3,0,4
1004288,Dunzo,Haridwar,56,582,24,8.6,9,Household,Cash on Delivery,4,0,4
1004289,Swiggy Instamart,Bengluru,29,774,21,13.8,1,Snacks,Credit Card,5,1,3
1004290,Amazon Now,Chennai,42,563,22,10.9,2,Beverages,Cash on Delivery,1,1,3
1004291,Big Basket,Delhi,23,1470,11,14.8,3,Beverages,UPI,2,1,3
1004292,Jio Mart,Bengluru,44,316,26,13.4,8,Fruits & Vegetables,Wallet,4,0,4
1004293,Amazon Now,Gurgaon,58,442,20,12.2,10,Snacks,UPI,2,0,3
1004294,Jio Mart,Jaipur,23,684,29,12.2,10,Beverages,Credit Card,3,1,4
1004295,Zepto,Noida,22,488,9,6.1,6,Groceries,Cash on Delivery,3,0,3
1004296,Zepto,Haridwar,45,679,17,3.9,18,Snacks,Credit Card,4,1,4
1004297,Swiggy Instamart,Haridwar,27,333,22,1.2,18,Personal Care,Debit Card,4,1,4
1004298,Jio Mart,Jaipur,54,310,30,14.8,11,Beverages,Wallet,1,1,4
1004299,Jio Mart,Haridwar,38,750,36,12.8,1,Household,Cash on Delivery,4,1,4
1004300,Flipkart Minutes,Delhi,57,436,12,14.5,19,Snacks,Debit Card,2,1,5
1004301,Blinkit,Haridwar,33,84,28,12.7,4,Dairy,Cash on Delivery,2,1,3
1004302,Dunzo,Bengluru,39,374,14,5.8,6,Personal Care,Wallet,2,0,3
1004303,Blinkit,Amritsar,32,540,12,5.0,2,Dairy,Credit Card,3,1,3
1004304,Zepto,Amritsar,43,602,9,9.6,17,Snacks,Cash on Delivery,2,0,4
1004306,Dunzo,Noida,55,299,14,9.3,13,Household,UPI,2,0,3
1004307,Amazon Now,Kolkata,59,167,18,10.7,10,Fruits & Vegetables,Wallet,2,0,3
1004308,Jio Mart,Delhi,57,242,12,6.6,9,Snacks,UPI,3,0,4
1004309,Amazon Now,Mumbai,37,98,23,10.0,6,Dairy,Wallet,3,1,3
1004310,Blinkit,Pune,59,1123,13,9.1,3,Beverages,Wallet,3,0,3
1004311,Zepto,Pune,19,489,11,13.5,16,Beverages,Debit Card,4,0,5
1004313,Blinkit,Amritsar,22,1075,20,14.6,7,Beverages,UPI,4,0,4
1004314,Blinkit,Delhi,22,561,5,1.0,5,Beverages,Credit Card,2,0,4
1004315,Flipkart Minutes,Hyderabad,52,1176,18,10.3,18,Snacks,Credit Card,2,1,4
1004316,Zepto,Gurgaon,20,463,6,2.8,1,Snacks,Debit Card,4,0,3
1004317,Amazon Now,Kolkata,24,853,17,4.4,16,Fruits & Vegetables,Debit Card,3,0,5
1004318,Big Basket,Delhi,44,50,8,12.4,17,Snacks,Wallet,5,1,3
1004319,Swiggy Instamart,Haridwar,35,228,29,11.0,13,Groceries,Cash on Delivery,4,0,4
1004320,Flipkart Minutes,Haridwar,36,695,27,8.0,14,Household,UPI,1,0,5
1004321,Big Basket,Jaipur,55,185,17,0.8,10,Groceries,Cash on Delivery,5,0,3
1004322,Flipkart Minutes,Pune,59,59,18,12.7,2,Groceries,Credit Card,1,0,4
1004323,Flipkart Minutes,Chennai,36,991,13,2.0,6,Household,Cash on Delivery,1,1,5
1004324,Amazon Now,Haridwar,46,73,33,9.7,2,Beverages,Credit Card,4,1,4
1004325,Dunzo,Jaipur,57,283,17,2.8,13,Household,Cash on Delivery,3,0,5
1004326,Swiggy Instamart,Pune,18,1476,12,1.0,4,Groceries,UPI,4,1,3
1004327,Amazon Now,Pune,26,1023,16,3.0,8,Personal Care,Debit Card,3,1,3
1004328,Flipkart Minutes,Kolkata,23,779,21,12.7,1,Personal Care,Wallet,3,1,2
1004329,Zepto,Chennai,58,300,5,0.7,12,Dairy,Credit Card,4,0,4
1004330,Jio Mart,Gurgaon,53,298,24,11.1,5,Fruits & Vegetables,Cash on Delivery,3,0,4
1004331,Swiggy Instamart,Delhi,20,266,6,10.0,9,Personal Care,UPI,2,0,4
1004332,Amazon Now,Mumbai,54,50,20,8.9,2,Groceries,Wallet,3,0,3
1004333,Blinkit,Amritsar,23,1449,11,4.9,7,Personal Care,Wallet,5,1,3
1004334,Zepto,Haridwar,23,318,22,8.3,7,Personal Care,Cash on Delivery,4,0,4
1004335,Flipkart Minutes,Delhi,43,539,5,2.9,3,Groceries,Debit Card,3,0,3
1004336,Jio Mart,Bengluru,28,560,22,3.3,16,Dairy,Credit Card,5,0,4
1004337,Dunzo,Haridwar,32,589,22,2.9,3,Fruits & Vegetables,Wallet,1,0,3
1004338,Blinkit,Hyderabad,24,759,11,3.7,17,Dairy,Credit Card,4,0,3
1004339,Blinkit,Chennai,37,50,14,7.5,11,Fruits & Vegetables,Debit Card,5,1,3
1004340,Amazon Now,Amritsar,48,1291,22,14.8,11,Personal Care,Credit Card,1,1,4
1004341,Amazon Now,Mumbai,35,599,25,14.8,4,Dairy,Credit Card,2,0,4
1004342,Dunzo,Jaipur,45,1037,22,12.9,5,Fruits & Vegetables,Cash on Delivery,1,1,4
1004343,Dunzo,Jaipur,58,494,21,11.9,19,Household,Cash on Delivery,4,1,4
1004344,Jio Mart,Haridwar,57,414,36,10.3,6,Fruits & Vegetables,Wallet,2,0,3
1004345,Big Basket,Bengluru,48,1313,18,9.9,14,Dairy,Wallet,3,1,4
1004346,Zepto,Pune,56,567,12,14.5,15,Beverages,UPI,4,0,3
1004347,Jio Mart,Pune,51,1293,26,11.6,5,Household,Debit Card,2,1,5
1004348,Zepto,Gurgaon,40,402,7,7.6,9,Personal Care,UPI,1,1,4
1004349,Flipkart Minutes,Bengluru,57,1068,17,4.4,5,Groceries,Credit Card,4,1,4
1004350,Zepto,Amritsar,49,535,10,9.9,17,Snacks,Wallet,2,0,3
1004351,Zepto,Pune,59,309,5,1.1,17,Personal Care,Wallet,2,0,4
1004352,Dunzo,Gurgaon,44,652,15,7.8,19,Fruits & Vegetables,Wallet,1,0,5
1004353,Dunzo,Delhi,46,1146,5,10.1,13,Groceries,Wallet,1,1,4
1004354,Dunzo,Pune,22,816,8,1.4,10,Snacks,UPI,2,0,3
1004355,Dunzo,Chennai,53,829,18,14.4,17,Household,Debit Card,2,0,4
1004356,Flipkart Minutes,Mumbai,27,567,18,6.4,2,Personal Care,Wallet,3,0,3
1004357,Blinkit,Gurgaon,43,760,15,10.6,18,Beverages,Cash on Delivery,2,0,4
1004358,Zepto,Chennai,59,319,8,4.5,14,Dairy,Cash on Delivery,3,0,5
1004359,Amazon Now,Mumbai,41,925,24,14.0,19,Personal Care,Credit Card,4,0,3
1004360,Amazon Now,Chennai,40,50,18,5.2,19,Dairy,UPI,3,0,3
1004361,Big Basket,Amritsar,49,596,15,2.2,9,Snacks,Cash on Delivery,4,0,4
1004362,Flipkart Minutes,Bengluru,25,253,19,9.6,19,Personal Care,Credit Card,4,0,4
1004363,Jio Mart,Kolkata,38,50,20,7.0,19,Household,Credit Card,3,1,4
1004364,Jio Mart,Gurgaon,52,588,20,4.9,3,Personal Care,Cash on Delivery,3,0,5
1004365,Zepto,Pune,46,663,10,9.7,1,Snacks,Credit Card,2,0,4
1004366,Dunzo,Kolkata,30,50,13,7.4,1,Household,Cash on Delivery,2,1,3
1004367,Dunzo,Kolkata,49,235,13,5.9,7,Snacks,Credit Card,2,1,4
1004368,Jio Mart,Gurgaon,56,443,22,4.6,12,Groceries,Debit Card,5,0,4
1004369,Zepto,Amritsar,22,284,8,9.5,19,Dairy,Wallet,5,0,4
1004370,Swiggy Instamart,Gurgaon,51,785,17,9.9,2,Dairy,Cash on Delivery,2,1,3
1004371,Swiggy Instamart,Noida,48,581,14,8.4,13,Fruits & Vegetables,UPI,5,0,4
1004372,Dunzo,Chennai,25,814,12,3.5,3,Dairy,UPI,4,0,3
1004373,Blinkit,Delhi,58,1109,5,11.4,14,Personal Care,Wallet,2,1,3
1004374,Zepto,Noida,55,811,13,14.2,16,Beverages,Wallet,1,0,3
1004375,Blinkit,Chennai,41,593,14,7.7,6,Snacks,Credit Card,4,0,5
1004376,Blinkit,Gurgaon,38,374,9,0.5,17,Snacks,Cash on Delivery,5,0,4
1004377,Blinkit,Hyderabad,50,795,12,7.5,8,Fruits & Vegetables,Wallet,2,0,4
1004378,Dunzo,Bengluru,34,358,17,12.1,17,Household,Cash on Delivery,4,0,4
1004379,Zepto,Noida,55,889,6,7.5,2,Snacks,Credit Card,5,1,3
1004380,Blinkit,Delhi,54,218,5,6.9,9,Dairy,Wallet,4,0,3
1004381,Amazon Now,Bengluru,58,771,17,4.2,5,Personal Care,Wallet,3,0,5
1004382,Jio Mart,Kolkata,48,223,22,6.6,10,Fruits & Vegetables,Credit Card,3,0,5
1004383,Dunzo,Delhi,45,894,5,12.3,9,Personal Care,Credit Card,1,1,4
1004384,Big Basket,Hyderabad,46,713,19,10.9,15,Fruits & Vegetables,Wallet,2,1,4
1004386,Blinkit,Gurgaon,39,385,12,6.1,9,Household,Cash on Delivery,5,0,4
1004387,Amazon Now,Haridwar,28,454,31,8.0,16,Dairy,Credit Card,1,1,5
1004388,Amazon Now,Kolkata,46,325,17,5.0,14,Household,UPI,4,0,4
1004389,Blinkit,Bengluru,35,353,17,10.4,1,Fruits & Vegetables,UPI,5,1,3
1004390,Zepto,Mumbai,59,50,11,9.2,1,Household,Wallet,4,0,4
1004391,Big Basket,Chennai,40,470,19,13.4,5,Household,Debit Card,2,1,4
1004392,Zepto,Jaipur,46,249,15,13.8,3,Personal Care,Cash on Delivery,3,0,5
1004393,Amazon Now,Mumbai,24,844,18,5.6,7,Snacks,Credit Card,4,1,4
1004394,Big Basket,Bengluru,41,882,21,11.1,4,Dairy,Wallet,5,0,3
1004395,Swiggy Instamart,Gurgaon,33,1194,12,2.9,7,Groceries,UPI,5,1,4
1004396,Swiggy Instamart,Jaipur,45,993,18,6.9,10,Household,UPI,3,1,5
1004397,Blinkit,Kolkata,50,1033,11,5.3,7,Snacks,Debit Card,2,1,3
1004398,Swiggy Instamart,Mumbai,57,1003,16,5.2,4,Snacks,Wallet,2,1,5
1004399,Jio Mart,Mumbai,51,1379,21,3.0,17,Fruits & Vegetables,Wallet,1,1,4
1004400,Flipkart Minutes,Chennai,40,506,15,5.1,12,Household,Debit Card,4,0,3
1004402,Big Basket,Jaipur,45,432,22,4.8,19,Dairy,UPI,4,0,4
1004403,Big Basket,Jaipur,29,918,20,2.2,17,Dairy,UPI,3,1,4
1004404,Dunzo,Jaipur,50,564,21,9.3,14,Fruits & Vegetables,Wallet,1,1,3
1004405,Blinkit,Bengluru,44,50,20,14.6,19,Personal Care,Cash on Delivery,5,1,5
1004406,Dunzo,Gurgaon,18,738,12,7.6,3,Personal Care,Wallet,1,0,4
1004407,Big Basket,Amritsar,59,490,17,8.8,13,Household,UPI,3,1,3
1004408,Dunzo,Haridwar,44,594,28,13.7,18,Groceries,Debit Card,4,0,3
1004409,Big Basket,Pune,46,1085,16,7.8,7,Household,UPI,3,1,4
1004410,Zepto,Chennai,58,50,8,5.2,19,Snacks,Cash on Delivery,1,1,3
1004411,Big Basket,Kolkata,44,496,17,6.4,4,Fruits & Vegetables,Credit Card,5,0,4
1004412,Jio Mart,Delhi,37,259,15,10.4,11,Beverages,Credit Card,3,0,4
1004413,Jio Mart,Hyderabad,27,429,22,6.0,10,Groceries,Wallet,3,0,3
1004414,Amazon Now,Hyderabad,39,50,21,14.5,14,Dairy,UPI,1,0,3
1004415,Zepto,Bengluru,57,1015,10,7.4,13,Groceries,Debit Card,2,1,5
1004416,Blinkit,Hyderabad,44,641,14,10.2,16,Fruits & Vegetables,UPI,2,0,3
1004417,Zepto,Mumbai,50,713,14,11.7,18,Fruits & Vegetables,Credit Card,2,0,4
1004418,Zepto,Chennai,51,764,12,14.2,19,Fruits & Vegetables,Cash on Delivery,4,0,3
1004419,Big Basket,Noida,44,640,20,11.2,10,Beverages,Wallet,4,0,4
1004420,Flipkart Minutes,Jaipur,58,933,21,4.7,11,Fruits & Vegetables,Wallet,5,1,5
1004421,Blinkit,Mumbai,41,351,19,9.7,3,Groceries,Credit Card,3,0,3
1004422,Blinkit,Haridwar,57,821,23,5.5,14,Snacks,Credit Card,3,1,4
1004423,Zepto,Hyderabad,56,136,10,14.0,18,Fruits & Vegetables,Cash on Delivery,3,1,4
1004424,Jio Mart,Gurgaon,32,527,25,13.5,17,Beverages,Credit Card,3,0,4
1004425,Blinkit,Amritsar,23,502,16,8.4,5,Personal Care,Cash on Delivery,2,0,5
1004426,Jio Mart,Chennai,44,668,21,7.6,18,Beverages,UPI,4,0,3
1004427,Jio Mart,Chennai,38,50,22,5.3,5,Snacks,Debit Card,2,0,5
1004428,Blinkit,Gurgaon,39,674,15,5.9,8,Beverages,Debit Card,5,0,4
1004429,Big Basket,Haridwar,33,519,28,5.9,6,Groceries,Credit Card,2,0,4
1004430,Blinkit,Jaipur,32,740,19,5.6,14,Dairy,Cash on Delivery,2,1,3
1004431,Flipkart Minutes,Amritsar,42,140,13,0.9,5,Groceries,UPI,3,0,2
1004432,Zepto,Bengluru,51,1327,6,1.5,12,Personal Care,Credit Card,3,1,4
1004433,Dunzo,Chennai,43,357,11,1.2,12,Groceries,Cash on Delivery,4,0,5
1004434,Zepto,Pune,29,50,5,1.4,8,Groceries,UPI,2,0,3
1004435,Flipkart Minutes,Pune,30,50,13,1.0,1,Beverages,Cash on Delivery,3,0,3
1004436,Swiggy Instamart,Hyderabad,29,372,16,12.0,15,Groceries,Cash on Delivery,2,0,5
1004437,Amazon Now,Gurgaon,46,1097,22,15.0,16,Groceries,UPI,5,1,4
1004438,Big Basket,Bengluru,24,1305,19,6.5,17,Fruits & Vegetables,Wallet,3,1,4
1004439,Dunzo,Chennai,30,868,10,5.8,17,Groceries,Cash on Delivery,3,0,3
1004440,Jio Mart,Haridwar,20,50,38,14.8,11,Groceries,Debit Card,5,0,3
1004441,Flipkart Minutes,Bengluru,29,134,12,1.4,19,Snacks,Credit Card,4,0,3
1004443,Swiggy Instamart,Noida,22,218,16,12.4,16,Dairy,Cash on Delivery,2,0,5
1004444,Jio Mart,Haridwar,21,636,35,10.3,3,Beverages,Cash on Delivery,1,0,3
1004445,Flipkart Minutes,Kolkata,45,992,17,10.2,12,Dairy,Cash on Delivery,3,0,3
1004446,Swiggy Instamart,Mumbai,21,168,20,12.3,11,Household,Cash on Delivery,4,0,4
1004447,Flipkart Minutes,Noida,27,915,11,1.9,3,Snacks,Debit Card,4,0,4
1004448,Amazon Now,Noida,59,883,19,10.9,19,Personal Care,Credit Card,4,1,4
1004449,Jio Mart,Gurgaon,42,619,23,8.7,1,Beverages,Wallet,3,1,4
1004450,Dunzo,Chennai,42,215,9,1.1,5,Beverages,Debit Card,1,0,5
1004451,Amazon Now,Gurgaon,46,525,18,5.8,17,Groceries,UPI,2,0,3
1004453,Swiggy Instamart,Gurgaon,53,1219,17,7.6,7,Household,UPI,5,0,5
1004454,Big Basket,Haridwar,38,227,27,6.6,13,Dairy,Debit Card,3,1,4
1004455,Zepto,Kolkata,40,768,11,11.5,7,Personal Care,Wallet,5,0,2
1004456,Amazon Now,Noida,44,258,21,10.3,11,Beverages,Credit Card,4,0,4
1004457,Jio Mart,Kolkata,42,603,26,14.5,7,Groceries,Credit Card,4,0,3
1004458,Flipkart Minutes,Amritsar,31,50,16,5.7,3,Household,UPI,3,1,4
1004459,Amazon Now,Amritsar,49,1548,13,1.4,3,Fruits & Vegetables,UPI,4,1,4
1004460,Swiggy Instamart,Kolkata,48,50,17,12.4,7,Groceries,Credit Card,5,1,4
1004461,Amazon Now,Noida,28,695,16,2.8,16,Fruits & Vegetables,Debit Card,2,0,3
1004462,Flipkart Minutes,Bengluru,57,326,13,1.7,3,Snacks,Debit Card,3,0,5
1004463,Jio Mart,Chennai,34,1024,26,14.7,16,Household,Cash on Delivery,4,1,4
1004464,Swiggy Instamart,Hyderabad,50,327,13,5.6,8,Snacks,Cash on Delivery,1,0,4
1004465,Dunzo,Kolkata,20,1440,12,8.4,5,Groceries,Wallet,3,1,2
1004466,Amazon Now,Delhi,22,447,8,8.7,5,Household,Debit Card,3,0,5
1004467,Amazon Now,Hyderabad,23,915,19,7.2,12,Groceries,Cash on Delivery,1,1,3
1004468,Flipkart Minutes,Kolkata,49,50,14,6.8,14,Dairy,Wallet,1,1,3
1004469,Zepto,Noida,50,1011,6,2.8,7,Groceries,Credit Card,3,0,3
1004470,Swiggy Instamart,Kolkata,22,362,12,2.9,19,Fruits & Vegetables,Cash on Delivery,4,0,3
1004471,Dunzo,Haridwar,36,494,27,11.2,13,Dairy,UPI,3,0,4
1004472,Amazon Now,Noida,53,899,19,6.0,3,Personal Care,UPI,1,0,5
1004473,Flipkart Minutes,Pune,25,540,13,1.0,2,Groceries,Cash on Delivery,3,0,3
1004474,Flipkart Minutes,Bengluru,48,897,16,8.9,5,Snacks,Credit Card,3,1,4
1004475,Swiggy Instamart,Noida,59,935,19,12.9,15,Dairy,Debit Card,2,1,4
1004476,Dunzo,Pune,33,643,8,1.6,2,Personal Care,UPI,1,1,3
1004477,Swiggy Instamart,Pune,31,262,13,1.4,1,Household,Wallet,4,0,3
1004479,Zepto,Pune,57,540,5,5.6,4,Beverages,Credit Card,4,0,4
1004480,Dunzo,Delhi,31,777,5,5.4,13,Snacks,Credit Card,2,1,3
1004481,Blinkit,Haridwar,18,120,24,2.3,6,Groceries,Debit Card,4,0,4
1004482,Jio Mart,Haridwar,25,274,39,14.4,5,Snacks,Debit Card,2,0,4
1004483,Swiggy Instamart,Haridwar,51,50,28,7.0,12,Dairy,UPI,3,0,4
1004484,Dunzo,Hyderabad,49,50,12,7.7,4,Beverages,Wallet,1,0,4
1004485,Dunzo,Kolkata,58,632,11,4.1,18,Personal Care,Credit Card,4,0,4
1004486,Blinkit,Bengluru,49,174,14,3.1,2,Snacks,Credit Card,3,1,4
1004487,Amazon Now,Noida,39,818,23,13.0,14,Personal Care,Wallet,4,1,4
1004488,Big Basket,Amritsar,37,888,15,6.0,3,Groceries,Cash on Delivery,2,1,3
1004489,Big Basket,Bengluru,37,203,17,9.0,19,Household,Wallet,3,0,3
1004490,Zepto,Noida,29,1000,9,6.2,12,Fruits & Vegetables,Credit Card,2,1,5
1004491,Amazon Now,Noida,21,204,21,14.5,11,Personal Care,Debit Card,3,1,4
1004492,Big Basket,Jaipur,44,594,25,10.5,2,Dairy,Credit Card,3,1,5
1004493,Blinkit,Jaipur,46,50,21,13.3,9,Personal Care,Debit Card,5,1,5
1004494,Swiggy Instamart,Chennai,52,460,13,5.6,19,Beverages,Debit Card,3,0,4
1004495,Zepto,Noida,54,84,6,2.0,19,Personal Care,Wallet,2,0,3
1004496,Swiggy Instamart,Kolkata,52,1269,13,3.7,15,Dairy,Cash on Delivery,5,1,3
1004497,Swiggy Instamart,Kolkata,53,969,16,10.3,13,Dairy,Wallet,3,0,3
1004498,Amazon Now,Delhi,34,457,10,10.6,3,Groceries,Cash on Delivery,5,1,3
1004499,Amazon Now,Kolkata,19,80,18,5.9,10,Snacks,Wallet,4,1,4
1004500,Zepto,Amritsar,51,161,10,11.9,15,Dairy,Wallet,4,0,3
1004501,Amazon Now,Chennai,26,548,16,4.9,1,Personal Care,Credit Card,4,0,4
1004502,Big Basket,Gurgaon,45,1944,18,11.4,18,Dairy,Cash on Delivery,3,1,5
1004504,Jio Mart,Jaipur,30,112,30,11.0,4,Fruits & Vegetables,Credit Card,2,1,4
1004505,Zepto,Hyderabad,18,589,5,1.2,9,Snacks,UPI,4,1,5
1004506,Amazon Now,Kolkata,43,700,17,8.3,11,Household,Debit Card,1,0,4
1004507,Blinkit,Amritsar,34,67,18,13.4,5,Beverages,Debit Card,5,1,3
1004508,Big Basket,Noida,55,619,12,1.6,3,Groceries,Cash on Delivery,3,1,4
1004509,Big Basket,Chennai,46,1419,18,10.7,11,Groceries,Cash on Delivery,1,1,5
1004510,Flipkart Minutes,Mumbai,37,919,21,13.3,2,Snacks,Wallet,3,1,3
1004511,Swiggy Instamart,Chennai,34,1204,13,6.4,1,Snacks,Credit Card,5,1,5
1004512,Blinkit,Gurgaon,36,150,10,1.9,16,Household,Debit Card,4,1,3
1004513,Blinkit,Pune,48,728,12,7.2,7,Personal Care,Credit Card,4,1,3
1004514,Flipkart Minutes,Haridwar,45,225,29,8.5,6,Dairy,Credit Card,1,1,3
1004515,Blinkit,Pune,46,65,10,2.0,14,Beverages,Credit Card,5,1,4
1004516,Amazon Now,Haridwar,41,50,31,8.5,17,Dairy,UPI,1,1,4
1004517,Zepto,Amritsar,52,362,7,5.8,19,Groceries,Debit Card,5,0,3
1004518,Blinkit,Gurgaon,24,302,11,1.6,10,Personal Care,Cash on Delivery,4,1,4
1004519,Big Basket,Delhi,59,488,9,10.8,2,Household,Wallet,3,0,4
1004520,Dunzo,Pune,55,50,14,12.2,3,Household,UPI,1,0,5
1004521,Swiggy Instamart,Hyderabad,26,229,18,14.8,2,Fruits & Vegetables,Cash on Delivery,4,0,3
1004522,Amazon Now,Pune,42,453,20,8.4,2,Personal Care,Wallet,5,1,4
1004524,Dunzo,Chennai,45,264,17,12.6,18,Personal Care,Wallet,4,0,4
1004525,Zepto,Kolkata,48,728,7,8.8,2,Household,UPI,4,0,5
1004526,Amazon Now,Pune,37,243,23,13.7,1,Snacks,Credit Card,4,1,3
1004527,Dunzo,Jaipur,37,408,20,9.8,1,Snacks,UPI,1,0,4
1004528,Swiggy Instamart,Jaipur,30,723,19,3.0,13,Household,Credit Card,1,0,3
1004529,Flipkart Minutes,Pune,22,318,17,6.2,6,Household,Debit Card,3,0,4
1004530,Blinkit,Mumbai,37,757,14,4.7,16,Groceries,Credit Card,3,0,3
1004531,Blinkit,Haridwar,52,445,29,14.7,8,Beverages,UPI,2,0,3
1004532,Jio Mart,Hyderabad,50,417,25,13.0,3,Personal Care,Cash on Delivery,4,0,4
1004533,Zepto,Jaipur,44,50,15,8.4,19,Fruits & Vegetables,Credit Card,1,0,4
1004534,Amazon Now,Mumbai,24,376,17,5.1,1,Personal Care,Cash on Delivery,1,0,4
1004535,Dunzo,Noida,20,181,10,1.4,2,Household,Credit Card,1,1,4
1004536,Swiggy Instamart,Gurgaon,28,2009,18,14.4,4,Household,UPI,2,1,4
1004537,Jio Mart,Chennai,22,50,20,3.3,11,Fruits & Vegetables,Wallet,1,0,4
1004538,Big Basket,Jaipur,41,148,22,5.8,7,Beverages,Debit Card,3,0,3
1004539,Blinkit,Bengluru,27,744,10,0.6,4,Groceries,Wallet,5,1,4
1004540,Swiggy Instamart,Gurgaon,29,797,17,7.5,14,Household,Debit Card,4,0,4
1004541,Blinkit,Amritsar,21,1017,15,8.3,13,Groceries,Cash on Delivery,3,0,4
1004542,Zepto,Kolkata,24,1109,5,2.0,18,Beverages,Credit Card,5,1,3
1004543,Jio Mart,Amritsar,46,559,18,0.6,5,Fruits & Vegetables,Debit Card,4,1,4
1004544,Big Basket,Jaipur,28,1243,18,1.5,9,Beverages,Debit Card,4,1,4
1004545,Zepto,Bengluru,53,1021,10,7.4,19,Fruits & Vegetables,Cash on Delivery,4,0,4
1004546,Jio Mart,Delhi,25,571,17,14.4,11,Snacks,UPI,1,0,4
1004547,Flipkart Minutes,Noida,21,539,20,13.0,19,Dairy,Debit Card,3,0,4
1004548,Big Basket,Haridwar,53,471,32,14.9,16,Groceries,Debit Card,3,0,5
1004549,Flipkart Minutes,Amritsar,49,537,21,14.6,18,Dairy,Credit Card,3,1,3
1004550,Big Basket,Mumbai,19,1076,24,13.0,17,Personal Care,Debit Card,3,0,4
1004551,Blinkit,Amritsar,37,483,10,1.7,16,Fruits & Vegetables,Wallet,4,1,3
1004552,Big Basket,Chennai,54,84,23,14.5,8,Groceries,UPI,2,1,5
1004553,Amazon Now,Mumbai,46,1028,15,2.2,9,Beverages,Credit Card,3,0,5
1004554,Swiggy Instamart,Hyderabad,47,547,13,3.1,7,Snacks,Wallet,5,0,3
1004555,Blinkit,Mumbai,42,1106,14,4.1,16,Fruits & Vegetables,UPI,4,1,3
1004556,Swiggy Instamart,Haridwar,26,61,26,2.9,6,Fruits & Vegetables,Debit Card,2,1,3
1004557,Zepto,Kolkata,29,240,7,6.8,12,Snacks,Cash on Delivery,3,0,5
1004558,Dunzo,Bengluru,45,667,16,12.8,14,Beverages,Cash on Delivery,2,0,4
1004559,Swiggy Instamart,Jaipur,19,624,17,1.5,5,Snacks,Debit Card,3,1,4
1004560,Blinkit,Chennai,30,1300,9,1.0,2,Fruits & Vegetables,Credit Card,2,1,5
1004561,Swiggy Instamart,Pune,23,433,10,2.3,18,Snacks,Wallet,3,0,4
1004562,Big Basket,Pune,28,920,14,4.0,5,Snacks,UPI,3,1,4
1004563,Flipkart Minutes,Bengluru,20,522,14,3.2,6,Dairy,Wallet,3,1,4
1004565,Flipkart Minutes,Kolkata,34,889,14,5.1,17,Groceries,Debit Card,3,1,3
1004566,Amazon Now,Chennai,57,98,20,12.5,3,Snacks,Cash on Delivery,3,0,4
1004567,Big Basket,Gurgaon,40,917,18,6.1,5,Dairy,Credit Card,4,1,5
1004568,Flipkart Minutes,Jaipur,37,624,22,9.0,8,Snacks,Wallet,2,0,3
1004569,Flipkart Minutes,Bengluru,22,100,17,10.8,9,Beverages,Wallet,4,0,3
1004570,Flipkart Minutes,Noida,49,455,16,6.2,18,Fruits & Vegetables,Cash on Delivery,2,1,3
1004571,Jio Mart,Gurgaon,35,474,18,4.0,2,Household,Credit Card,1,0,5
1004572,Dunzo,Hyderabad,20,575,13,10.3,18,Household,Debit Card,3,1,3
1004573,Big Basket,Kolkata,41,356,18,11.5,11,Beverages,Credit Card,2,0,5
1004574,Zepto,Noida,26,1510,8,5.8,3,Groceries,UPI,4,1,3
1004575,Swiggy Instamart,Hyderabad,59,1024,18,10.0,2,Personal Care,Cash on Delivery,1,0,3
1004576,Amazon Now,Hyderabad,30,295,21,13.6,12,Snacks,Cash on Delivery,1,0,4
1004577,Zepto,Jaipur,26,579,8,1.3,19,Household,Cash on Delivery,1,1,4
1004578,Blinkit,Haridwar,23,398,23,4.1,10,Snacks,Debit Card,4,1,4
1004579,Big Basket,Noida,47,1021,15,2.5,9,Fruits & Vegetables,Credit Card,2,0,3
1004580,Zepto,Gurgaon,19,1437,8,10.4,15,Groceries,UPI,4,1,4
1004581,Swiggy Instamart,Delhi,51,166,9,13.6,19,Household,Cash on Delivery,5,1,4
1004582,Flipkart Minutes,Chennai,46,721,14,5.1,3,Beverages,UPI,3,1,4
1004583,Zepto,Jaipur,38,628,16,11.3,10,Groceries,Cash on Delivery,3,1,4
1004584,Dunzo,Noida,54,507,16,14.5,19,Groceries,Debit Card,2,0,4
1004585,Flipkart Minutes,Kolkata,46,50,13,4.0,10,Personal Care,UPI,5,1,3
1004586,Swiggy Instamart,Mumbai,47,352,15,6.8,19,Groceries,UPI,3,1,3
1004587,Dunzo,Chennai,33,682,10,3.0,9,Beverages,Cash on Delivery,4,0,3
1004588,Jio Mart,Noida,21,1199,22,9.0,17,Snacks,Debit Card,3,1,3
1004589,Blinkit,Haridwar,22,473,27,9.8,15,Fruits & Vegetables,Debit Card,3,0,4
1004590,Big Basket,Bengluru,51,50,20,9.9,14,Groceries,Debit Card,4,0,3
1004591,Big Basket,Noida,24,779,20,14.8,15,Beverages,Cash on Delivery,4,0,4
1004592,Flipkart Minutes,Mumbai,34,409,21,10.2,1,Household,UPI,3,0,4
1004593,Blinkit,Noida,34,456,13,7.8,14,Personal Care,UPI,4,0,4
1004594,Dunzo,Chennai,40,507,15,8.4,5,Fruits & Vegetables,Credit Card,4,0,4
1004595,Swiggy Instamart,Amritsar,27,871,16,11.8,2,Dairy,Debit Card,3,1,4
1004596,Amazon Now,Mumbai,30,558,24,13.0,9,Snacks,Credit Card,2,1,3
1004597,Big Basket,Jaipur,46,818,23,12.1,8,Groceries,Credit Card,2,0,4
1004598,Swiggy Instamart,Hyderabad,51,50,18,11.1,18,Personal Care,Debit Card,1,1,4
1004599,Dunzo,Haridwar,44,169,22,1.6,11,Groceries,Wallet,3,0,4
1004600,Big Basket,Pune,30,1394,18,11.7,2,Beverages,Cash on Delivery,4,1,4
1004601,Dunzo,Delhi,58,236,5,13.8,16,Snacks,Wallet,4,0,4
1004602,Blinkit,Kolkata,20,532,19,14.2,19,Groceries,UPI,4,0,4
1004603,Dunzo,Jaipur,42,339,21,10.5,3,Snacks,Credit Card,1,0,4
1004604,Flipkart Minutes,Chennai,31,1024,20,14.2,10,Groceries,Debit Card,4,1,4
1004605,Blinkit,Kolkata,18,438,16,12.0,9,Household,Credit Card,5,1,2
1004606,Dunzo,Haridwar,51,488,29,12.0,15,Groceries,Wallet,2,1,5
1004607,Zepto,Gurgaon,18,620,9,8.4,9,Household,UPI,4,0,4
1004608,Dunzo,Haridwar,22,556,24,7.0,18,Household,Credit Card,3,0,3
1004609,Zepto,Noida,51,1460,9,9.7,6,Household,Wallet,3,1,5
1004610,Flipkart Minutes,Mumbai,25,89,14,1.6,12,Dairy,Wallet,2,0,4
1004611,Amazon Now,Mumbai,53,158,24,13.4,19,Beverages,UPI,2,0,3
1004612,Jio Mart,Amritsar,36,273,19,4.9,2,Dairy,Cash on Delivery,4,1,3
1004613,Zepto,Amritsar,23,647,11,11.0,3,Beverages,Cash on Delivery,3,1,4
1004614,Flipkart Minutes,Chennai,51,968,10,0.8,15,Household,UPI,2,1,4
1004615,Big Basket,Bengluru,42,252,23,13.5,16,Fruits & Vegetables,Debit Card,5,1,4
1004616,Flipkart Minutes,Amritsar,29,410,19,11.0,19,Dairy,Cash on Delivery,2,0,5
1004617,Flipkart Minutes,Amritsar,38,398,19,11.9,11,Fruits & Vegetables,Wallet,3,1,3
1004618,Blinkit,Haridwar,42,236,23,3.7,5,Beverages,UPI,4,0,3
1004619,Blinkit,Haridwar,30,375,25,7.2,9,Beverages,UPI,5,1,4
1004620,Big Basket,Noida,51,372,18,10.6,6,Personal Care,Debit Card,2,0,3
1004621,Swiggy Instamart,Chennai,30,561,13,5.2,5,Beverages,Debit Card,2,1,5
1004622,Amazon Now,Amritsar,29,319,14,3.5,8,Dairy,Credit Card,1,0,4
1004623,Jio Mart,Bengluru,23,1082,22,5.3,4,Groceries,UPI,2,1,4
1004624,Jio Mart,Gurgaon,29,248,23,9.1,19,Beverages,Cash on Delivery,1,0,4
1004625,Dunzo,Pune,30,554,16,10.2,11,Household,Debit Card,3,1,4
1004626,Jio Mart,Chennai,42,379,27,14.3,5,Beverages,UPI,4,0,4
1004627,Big Basket,Gurgaon,39,1375,18,8.0,3,Groceries,Debit Card,5,1,3
1004628,Big Basket,Jaipur,47,782,25,10.2,14,Household,Wallet,2,1,5
1004629,Big Basket,Bengluru,39,487,22,14.9,18,Beverages,UPI,4,0,5
1004630,Jio Mart,Noida,24,579,27,13.1,8,Fruits & Vegetables,Credit Card,4,1,5
1004631,Flipkart Minutes,Mumbai,43,748,16,4.0,1,Snacks,Wallet,4,0,4
1004632,Zepto,Pune,52,992,6,6.2,1,Household,Debit Card,3,0,3
1004633,Swiggy Instamart,Delhi,19,711,5,1.6,12,Household,Debit Card,2,0,5
1004634,Big Basket,Haridwar,34,391,26,2.8,2,Groceries,Debit Card,3,0,3
1004635,Zepto,Hyderabad,55,50,5,4.1,11,Personal Care,Debit Card,2,0,2
1004636,Flipkart Minutes,Haridwar,31,51,32,13.9,17,Beverages,Wallet,5,1,4
1004637,Big Basket,Gurgaon,56,673,11,0.5,8,Household,Cash on Delivery,4,0,4
1004638,Flipkart Minutes,Chennai,31,666,20,11.1,4,Household,Cash on Delivery,3,0,4
1004639,Big Basket,Haridwar,28,485,26,1.4,2,Dairy,Credit Card,3,0,4
1004640,Zepto,Noida,39,455,6,7.2,3,Fruits & Vegetables,Debit Card,4,0,5
1004641,Jio Mart,Kolkata,28,390,20,1.7,12,Groceries,Credit Card,4,1,4
1004642,Dunzo,Hyderabad,43,548,14,7.4,11,Groceries,Wallet,2,0,3
1004643,Blinkit,Chennai,45,449,16,8.8,10,Fruits & Vegetables,Credit Card,2,0,4
1004644,Zepto,Mumbai,20,201,13,14.7,16,Household,Debit Card,4,0,3
1004645,Flipkart Minutes,Kolkata,19,556,13,1.7,9,Beverages,UPI,2,1,4
1004646,Zepto,Delhi,45,310,5,5.4,2,Groceries,Wallet,4,0,4
1004647,Flipkart Minutes,Mumbai,58,935,17,8.8,4,Dairy,Debit Card,5,1,4
1004648,Swiggy Instamart,Delhi,32,1029,8,12.8,7,Snacks,Debit Card,2,0,4
1004649,Swiggy Instamart,Noida,58,322,12,3.7,6,Household,Debit Card,2,1,5
1004650,Jio Mart,Hyderabad,55,50,24,12.3,18,Fruits & Vegetables,Wallet,1,0,3
1004651,Zepto,Pune,46,734,11,10.3,14,Dairy,Wallet,4,1,5
1004652,Jio Mart,Chennai,18,201,26,11.8,17,Fruits & Vegetables,Cash on Delivery,4,0,5
1004653,Big Basket,Haridwar,50,511,27,4.9,7,Fruits & Vegetables,Credit Card,4,1,3
1004654,Flipkart Minutes,Mumbai,39,301,20,8.4,7,Groceries,Wallet,2,1,4
1004655,Amazon Now,Chennai,20,552,22,13.8,14,Fruits & Vegetables,UPI,3,1,2
1004656,Swiggy Instamart,Gurgaon,19,370,12,2.7,13,Fruits & Vegetables,Debit Card,4,0,4
1004657,Big Basket,Pune,58,313,19,8.7,19,Dairy,Credit Card,3,0,4
1004658,Dunzo,Bengluru,59,204,13,3.5,6,Beverages,Cash on Delivery,3,0,4
1004659,Dunzo,Gurgaon,48,882,15,13.4,7,Snacks,Debit Card,2,0,4
1004660,Big Basket,Bengluru,45,1442,14,3.5,14,Fruits & Vegetables,Cash on Delivery,5,1,4
1004661,Swiggy Instamart,Delhi,28,743,5,0.5,5,Groceries,Cash on Delivery,2,1,3
1004662,Big Basket,Pune,53,238,14,3.7,18,Snacks,UPI,2,0,4
1004663,Big Basket,Amritsar,31,708,20,13.9,13,Groceries,UPI,4,0,4
1004664,Jio Mart,Amritsar,40,465,25,9.7,19,Groceries,Debit Card,5,1,4
1004665,Flipkart Minutes,Noida,26,758,21,14.5,1,Beverages,UPI,1,0,4
1004666,Swiggy Instamart,Amritsar,31,982,16,10.4,11,Personal Care,Debit Card,4,1,4
1004667,Swiggy Instamart,Delhi,36,1091,6,10.1,3,Snacks,Debit Card,2,0,4
1004668,Swiggy Instamart,Amritsar,31,1278,16,6.0,14,Dairy,Wallet,4,1,3
1004669,Zepto,Bengluru,40,662,10,7.8,11,Groceries,Credit Card,4,0,3
1004670,Blinkit,Chennai,35,661,9,0.9,4,Fruits & Vegetables,Debit Card,4,0,4
1004671,Jio Mart,Noida,26,1155,18,1.2,14,Snacks,Wallet,1,1,5
1004672,Dunzo,Haridwar,24,506,26,6.8,15,Household,Credit Card,3,0,4
1004673,Dunzo,Amritsar,38,1002,11,7.1,8,Fruits & Vegetables,Cash on Delivery,3,1,3
1004674,Jio Mart,Delhi,28,872,13,7.4,1,Groceries,Wallet,4,1,4
1004676,Zepto,Haridwar,26,662,16,3.8,10,Fruits & Vegetables,Wallet,2,0,4
1004677,Big Basket,Kolkata,54,731,22,14.0,14,Household,Debit Card,3,1,4
1004678,Flipkart Minutes,Amritsar,27,493,14,5.8,8,Snacks,Debit Card,1,0,3
1004679,Swiggy Instamart,Haridwar,31,412,29,11.1,17,Household,Credit Card,4,0,3
1004680,Big Basket,Noida,24,853,14,4.3,6,Fruits & Vegetables,Cash on Delivery,5,1,4
1004681,Amazon Now,Jaipur,24,444,22,3.5,13,Dairy,UPI,2,0,4
1004682,Dunzo,Haridwar,55,423,25,8.4,12,Personal Care,Cash on Delivery,2,0,3
1004683,Blinkit,Jaipur,56,50,17,0.9,18,Household,Wallet,2,1,5
1004684,Dunzo,Mumbai,50,145,14,5.4,6,Snacks,Cash on Delivery,4,0,4
1004685,Blinkit,Hyderabad,40,171,15,8.0,7,Snacks,Debit Card,2,0,4
1004686,Big Basket,Pune,53,430,15,3.8,7,Beverages,Cash on Delivery,3,0,3
1004687,Zepto,Delhi,47,785,5,8.3,9,Household,Credit Card,2,1,4
1004688,Blinkit,Hyderabad,39,662,10,1.6,8,Fruits & Vegetables,UPI,4,1,3
1004689,Big Basket,Mumbai,47,784,22,14.0,12,Dairy,Wallet,4,0,4
1004690,Flipkart Minutes,Mumbai,39,1734,23,14.3,13,Dairy,UPI,3,1,3
1004691,Blinkit,Bengluru,29,365,17,13.8,12,Groceries,Wallet,2,0,4
1004692,Zepto,Pune,20,50,13,13.8,18,Household,Wallet,3,0,4
1004693,Jio Mart,Jaipur,58,549,28,10.0,12,Household,UPI,2,1,3
1004694,Jio Mart,Bengluru,45,602,22,6.8,5,Personal Care,Debit Card,4,1,4
1004695,Zepto,Chennai,40,1184,9,7.3,10,Beverages,Debit Card,3,1,4
1004696,Zepto,Jaipur,45,391,12,7.0,13,Snacks,Debit Card,1,0,4
1004697,Swiggy Instamart,Mumbai,34,572,15,6.8,3,Groceries,Cash on Delivery,4,0,4
1004698,Jio Mart,Noida,30,483,20,1.8,4,Snacks,Debit Card,1,1,3
1004699,Flipkart Minutes,Amritsar,29,440,19,14.1,16,Groceries,Wallet,3,0,3
1004700,Zepto,Mumbai,48,463,11,9.5,15,Beverages,Wallet,5,0,3
1004701,Jio Mart,Hyderabad,39,522,18,3.3,4,Fruits & Vegetables,Cash on Delivery,4,1,5
1004702,Big Basket,Jaipur,42,826,22,10.4,17,Personal Care,Credit Card,4,0,3
1004703,Flipkart Minutes,Amritsar,27,833,22,14.8,7,Beverages,Cash on Delivery,2,1,4
1004704,Dunzo,Chennai,19,805,17,13.1,14,Fruits & Vegetables,Wallet,2,1,2
1004705,Amazon Now,Mumbai,21,616,15,1.2,19,Personal Care,Wallet,5,0,4
1004706,Amazon Now,Mumbai,19,1309,17,0.6,3,Groceries,UPI,5,1,4
1004707,Flipkart Minutes,Mumbai,25,513,19,6.8,14,Fruits & Vegetables,Wallet,3,0,4
1004708,Dunzo,Mumbai,27,597,11,2.9,15,Personal Care,Debit Card,2,0,5
1004709,Zepto,Delhi,44,259,5,14.5,18,Beverages,Cash on Delivery,3,0,4
1004710,Big Basket,Bengluru,19,854,16,5.7,10,Groceries,Credit Card,5,0,4
1004711,Swiggy Instamart,Pune,19,150,13,1.3,10,Fruits & Vegetables,Cash on Delivery,2,1,4
1004712,Amazon Now,Noida,59,686,20,13.4,18,Beverages,Cash on Delivery,4,1,5
1004713,Swiggy Instamart,Gurgaon,34,420,16,7.2,19,Household,Credit Card,3,0,5
1004714,Amazon Now,Jaipur,52,386,24,10.6,2,Groceries,Credit Card,4,0,4
1004715,Amazon Now,Chennai,49,342,17,5.3,7,Groceries,Wallet,2,0,4
1004716,Swiggy Instamart,Noida,22,1949,14,4.4,15,Fruits & Vegetables,Credit Card,3,1,4
1004717,Swiggy Instamart,Delhi,26,670,5,1.1,8,Personal Care,Cash on Delivery,5,0,3
1004718,Flipkart Minutes,Gurgaon,38,302,17,8.2,6,Beverages,Debit Card,1,0,4
1004719,Blinkit,Noida,24,509,11,4.8,2,Snacks,Cash on Delivery,4,0,3
1004720,Dunzo,Jaipur,28,50,15,5.8,4,Groceries,Wallet,1,0,4
1004721,Blinkit,Mumbai,21,500,19,11.6,4,Beverages,Cash on Delivery,2,0,4
1004722,Jio Mart,Amritsar,49,367,21,5.8,4,Beverages,Cash on Delivery,3,1,5
1004723,Flipkart Minutes,Noida,31,856,14,1.4,19,Groceries,Cash on Delivery,2,1,3
1004724,Blinkit,Haridwar,30,508,29,13.6,15,Fruits & Vegetables,Cash on Delivery,5,1,4
1004725,Jio Mart,Noida,37,682,22,5.3,10,Fruits & Vegetables,Cash on Delivery,4,0,3
1004726,Swiggy Instamart,Pune,22,527,10,1.5,5,Personal Care,Cash on Delivery,3,0,4
1004727,Amazon Now,Noida,36,405,16,1.2,5,Snacks,Debit Card,1,1,4
1004728,Dunzo,Kolkata,54,763,10,1.5,13,Personal Care,UPI,2,1,4
1004729,Dunzo,Chennai,37,51,13,8.6,7,Personal Care,Wallet,2,0,4
1004730,Jio Mart,Kolkata,28,790,22,7.6,1,Dairy,UPI,3,0,4
1004731,Jio Mart,Mumbai,57,314,20,1.0,16,Snacks,Cash on Delivery,2,0,4
1004733,Blinkit,Delhi,42,536,6,10.4,13,Fruits & Vegetables,Wallet,4,1,5
1004734,Dunzo,Mumbai,27,531,11,0.7,5,Groceries,Debit Card,1,0,4
1004735,Swiggy Instamart,Pune,22,675,17,9.7,4,Snacks,Credit Card,3,0,3
1004736,Dunzo,Kolkata,35,1207,12,8.0,19,Snacks,Wallet,3,1,3
1004737,Blinkit,Haridwar,37,1292,30,12.9,12,Snacks,Cash on Delivery,4,1,4
1004738,Big Basket,Noida,45,337,12,2.3,2,Dairy,Wallet,3,0,5
1004739,Jio Mart,Chennai,53,461,22,7.6,18,Dairy,Cash on Delivery,3,1,3
1004740,Flipkart Minutes,Haridwar,27,50,26,6.1,7,Household,Credit Card,5,1,5
1004741,Amazon Now,Hyderabad,40,810,24,14.3,3,Fruits & Vegetables,Credit Card,1,1,4
1004742,Dunzo,Pune,49,430,15,12.1,3,Beverages,Wallet,3,0,3
1004743,Amazon Now,Hyderabad,30,50,16,0.9,9,Fruits & Vegetables,Credit Card,3,1,4
1004744,Blinkit,Bengluru,35,949,17,9.0,19,Beverages,Wallet,4,0,4
1004745,Swiggy Instamart,Hyderabad,41,745,18,9.3,9,Household,UPI,2,0,4
1004746,Swiggy Instamart,Noida,54,1052,14,8.4,18,Dairy,UPI,3,0,3
1004747,Zepto,Delhi,51,577,5,9.0,8,Snacks,Cash on Delivery,5,0,3
1004748,Zepto,Hyderabad,40,50,6,5.2,19,Groceries,Debit Card,4,1,4
1004749,Zepto,Gurgaon,44,645,8,8.8,14,Groceries,Wallet,3,1,4
1004750,Jio Mart,Noida,47,691,25,10.5,5,Personal Care,Cash on Delivery,3,0,3
1004751,Blinkit,Chennai,27,373,15,11.7,18,Snacks,Wallet,2,1,5
1004752,Dunzo,Delhi,35,1051,5,8.8,15,Household,Debit Card,3,1,4
1004753,Dunzo,Haridwar,22,385,24,6.1,9,Dairy,Cash on Delivery,4,0,4
1004754,Dunzo,Delhi,18,861,5,7.0,19,Personal Care,Debit Card,2,0,5
1004757,Swiggy Instamart,Amritsar,57,627,17,10.6,6,Beverages,Cash on Delivery,3,0,5
1004758,Dunzo,Jaipur,47,50,21,13.0,15,Snacks,UPI,2,0,4
1004759,Dunzo,Hyderabad,21,562,12,5.2,7,Beverages,Debit Card,2,0,4
1004760,Blinkit,Mumbai,41,1300,17,9.8,6,Household,Credit Card,5,1,5
1004761,Big Basket,Gurgaon,23,993,12,1.4,7,Fruits & Vegetables,Wallet,1,1,4
1004762,Dunzo,Delhi,35,533,5,7.6,3,Personal Care,Debit Card,1,1,3
1004763,Flipkart Minutes,Delhi,35,634,7,6.1,2,Snacks,Wallet,5,1,4
1004764,Zepto,Gurgaon,45,1325,8,6.0,17,Beverages,UPI,4,1,4
1004766,Big Basket,Haridwar,30,273,25,2.9,17,Personal Care,Wallet,3,0,4
1004768,Flipkart Minutes,Amritsar,48,560,15,2.5,9,Personal Care,Credit Card,5,0,4
1004769,Jio Mart,Amritsar,56,919,25,10.2,7,Fruits & Vegetables,Wallet,2,1,5
1004770,Jio Mart,Chennai,23,263,27,14.7,5,Groceries,Wallet,5,1,3
1004771,Blinkit,Chennai,25,565,10,2.9,6,Snacks,Debit Card,2,1,4
1004772,Dunzo,Delhi,21,1170,5,6.0,1,Snacks,UPI,4,0,4
1004773,Blinkit,Amritsar,50,245,13,7.3,6,Personal Care,Credit Card,4,1,4
1004774,Blinkit,Haridwar,53,50,26,6.9,4,Household,Debit Card,3,0,3
1004775,Zepto,Chennai,55,712,10,9.7,4,Dairy,UPI,2,0,3
1004776,Jio Mart,Kolkata,51,865,24,10.8,1,Snacks,UPI,4,0,5
1004777,Zepto,Chennai,52,401,5,2.0,15,Snacks,Debit Card,4,1,2
1004778,Blinkit,Chennai,34,900,12,0.9,11,Household,Credit Card,5,0,4
1004779,Jio Mart,Mumbai,52,364,26,13.0,17,Household,Wallet,3,0,5
1004780,Flipkart Minutes,Kolkata,40,200,15,5.1,14,Household,Credit Card,4,1,4
1004781,Amazon Now,Jaipur,55,414,22,5.7,13,Snacks,Cash on Delivery,1,1,4
1004782,Swiggy Instamart,Pune,26,115,17,13.2,11,Dairy,Cash on Delivery,2,1,4
1004783,Swiggy Instamart,Kolkata,46,563,11,1.1,15,Personal Care,Debit Card,4,0,4
1004784,Dunzo,Mumbai,33,582,14,4.0,9,Fruits & Vegetables,Cash on Delivery,3,0,3
1004785,Flipkart Minutes,Haridwar,26,777,31,13.6,15,Household,UPI,5,0,4
1004786,Zepto,Delhi,21,1062,5,3.9,19,Personal Care,Cash on Delivery,2,0,4
1004787,Swiggy Instamart,Jaipur,38,579,22,11.0,15,Beverages,UPI,5,1,3
1004788,Swiggy Instamart,Mumbai,55,705,14,2.7,6,Beverages,Credit Card,3,0,3
1004789,Zepto,Amritsar,33,50,7,8.8,7,Personal Care,Credit Card,3,1,4
1004790,Zepto,Chennai,24,318,10,7.6,13,Personal Care,Wallet,3,1,3
1004791,Dunzo,Kolkata,29,561,14,10.1,4,Snacks,Debit Card,4,0,4
1004792,Dunzo,Kolkata,29,282,10,4.2,15,Household,Credit Card,4,0,4
1004793,Jio Mart,Haridwar,32,50,38,12.6,18,Fruits & Vegetables,Wallet,3,0,3
1004794,Zepto,Hyderabad,18,1056,10,11.6,19,Beverages,UPI,4,1,4
1004795,Blinkit,Chennai,44,382,11,4.7,5,Beverages,UPI,5,1,4
1004796,Dunzo,Chennai,58,370,16,10.5,5,Household,UPI,3,0,4
1004797,Jio Mart,Bengluru,27,187,22,8.6,19,Household,Cash on Delivery,2,1,4
1004798,Dunzo,Mumbai,35,680,18,12.9,7,Snacks,Wallet,3,1,3
1004799,Flipkart Minutes,Pune,36,954,13,4.4,6,Snacks,Wallet,2,0,5
1004801,Blinkit,Haridwar,38,50,23,4.8,16,Beverages,Credit Card,3,0,3
1004802,Jio Mart,Jaipur,19,439,29,11.5,2,Personal Care,Debit Card,2,0,3
1004803,Blinkit,Mumbai,41,633,11,0.8,2,Groceries,Credit Card,4,0,3
1004804,Amazon Now,Gurgaon,49,50,19,12.0,1,Groceries,Wallet,5,0,3
1004805,Blinkit,Pune,34,511,16,8.8,14,Fruits & Vegetables,Debit Card,5,0,3
1004806,Dunzo,Delhi,25,364,5,6.3,18,Beverages,UPI,3,1,3
1004807,Amazon Now,Jaipur,37,634,22,5.7,1,Groceries,UPI,1,1,3
1004808,Dunzo,Jaipur,40,374,18,6.4,4,Snacks,Wallet,2,1,3
1004809,Big Basket,Pune,43,259,19,11.8,18,Personal Care,Wallet,3,0,4
1004810,Blinkit,Hyderabad,28,738,14,6.5,5,Beverages,Wallet,4,0,3
1004811,Flipkart Minutes,Haridwar,53,165,23,0.7,16,Groceries,Debit Card,3,0,4
1004812,Amazon Now,Bengluru,45,50,16,1.6,19,Beverages,Credit Card,4,0,5
1004813,Zepto,Mumbai,39,823,5,2.3,1,Fruits & Vegetables,UPI,4,1,4
1004814,Swiggy Instamart,Delhi,37,1598,5,0.8,16,Personal Care,UPI,5,1,4
1004815,Amazon Now,Chennai,24,67,19,10.0,1,Groceries,Wallet,2,0,3
1004816,Flipkart Minutes,Mumbai,20,232,23,12.8,15,Household,Credit Card,2,1,4
1004817,Big Basket,Hyderabad,20,816,17,8.2,17,Groceries,UPI,2,1,3
1004818,Big Basket,Amritsar,29,741,15,3.0,17,Dairy,Cash on Delivery,5,1,4
1004819,Zepto,Delhi,22,516,5,3.1,5,Beverages,Wallet,4,0,3
1004820,Jio Mart,Noida,28,696,20,5.3,12,Dairy,Wallet,4,0,3
1004821,Flipkart Minutes,Gurgaon,22,469,13,5.6,15,Personal Care,Debit Card,3,0,5
1004823,Jio Mart,Hyderabad,54,646,20,5.4,15,Household,Debit Card,1,0,5
1004824,Dunzo,Mumbai,37,340,10,1.7,5,Snacks,Cash on Delivery,1,1,4
1004825,Swiggy Instamart,Bengluru,40,764,16,7.2,3,Beverages,Debit Card,5,1,4
1004826,Big Basket,Chennai,47,537,18,10.3,13,Snacks,Wallet,5,0,5
1004827,Dunzo,Chennai,25,226,16,9.7,11,Beverages,Wallet,4,0,4
1004828,Zepto,Haridwar,32,162,23,12.9,13,Snacks,Credit Card,4,0,4
1004829,Dunzo,Bengluru,37,413,17,13.2,5,Groceries,Cash on Delivery,2,0,4
1004830,Jio Mart,Gurgaon,20,350,17,2.0,15,Dairy,UPI,4,1,5
1004831,Swiggy Instamart,Hyderabad,49,62,18,11.6,2,Beverages,Cash on Delivery,4,0,3
1004832,Flipkart Minutes,Chennai,55,1119,19,11.7,9,Dairy,Credit Card,3,1,3
1004833,Swiggy Instamart,Kolkata,53,659,16,10.6,14,Groceries,Cash on Delivery,2,0,4
1004834,Zepto,Bengluru,24,1700,5,4.0,18,Snacks,UPI,3,1,4
1004835,Blinkit,Noida,49,427,15,10.4,4,Beverages,Wallet,3,0,4
1004836,Jio Mart,Kolkata,20,1249,21,4.4,6,Beverages,Debit Card,1,1,4
1004837,Swiggy Instamart,Chennai,53,198,13,4.0,6,Snacks,Cash on Delivery,2,0,5
1004838,Dunzo,Haridwar,19,80,22,5.8,1,Personal Care,Wallet,1,1,2
1004839,Jio Mart,Haridwar,34,287,40,14.8,19,Groceries,UPI,4,1,4
1004840,Jio Mart,Haridwar,24,124,30,3.1,11,Personal Care,UPI,1,0,4
1004841,Flipkart Minutes,Gurgaon,50,347,19,10.3,4,Snacks,UPI,2,1,4
1004842,Amazon Now,Noida,30,661,13,0.7,3,Personal Care,Debit Card,2,1,3
1004844,Flipkart Minutes,Pune,19,747,12,1.5,8,Groceries,Cash on Delivery,4,0,3
1004845,Big Basket,Amritsar,33,389,18,6.6,18,Personal Care,Credit Card,2,0,3
1004846,Flipkart Minutes,Chennai,42,50,18,12.2,18,Fruits & Vegetables,UPI,1,1,4
1004847,Zepto,Pune,37,605,10,13.6,17,Groceries,Cash on Delivery,4,0,3
1004848,Big Basket,Gurgaon,47,1104,17,5.9,5,Snacks,Credit Card,2,1,4
1004849,Swiggy Instamart,Chennai,19,1057,11,1.1,16,Beverages,Wallet,4,1,4
1004850,Big Basket,Noida,51,473,22,14.2,9,Household,Credit Card,3,0,3
1004851,Swiggy Instamart,Kolkata,37,1509,20,12.9,13,Personal Care,Credit Card,5,1,4
1004852,Dunzo,Hyderabad,31,257,9,3.8,5,Groceries,Debit Card,1,0,3
1004853,Swiggy Instamart,Noida,30,362,16,11.4,19,Fruits & Vegetables,Debit Card,5,0,4
1004854,Amazon Now,Bengluru,24,919,20,8.6,10,Household,Debit Card,1,0,4
1004855,Dunzo,Haridwar,48,520,28,11.4,7,Fruits & Vegetables,UPI,2,1,3
1004856,Big Basket,Jaipur,35,885,23,12.2,17,Household,UPI,3,0,4
1004857,Swiggy Instamart,Mumbai,22,163,17,9.7,19,Fruits & Vegetables,Wallet,4,0,4
1004858,Blinkit,Jaipur,45,534,20,9.8,8,Fruits & Vegetables,Cash on Delivery,4,1,4
1004859,Zepto,Mumbai,46,82,11,10.6,9,Household,Credit Card,4,1,5
1004860,Zepto,Chennai,41,310,6,1.1,16,Beverages,UPI,4,1,4
1004862,Dunzo,Haridwar,57,587,30,13.9,4,Personal Care,Debit Card,3,1,4
1004863,Swiggy Instamart,Bengluru,45,347,16,5.3,14,Personal Care,Cash on Delivery,3,0,3
1004864,Flipkart Minutes,Gurgaon,30,1735,16,5.8,5,Fruits & Vegetables,Wallet,4,1,4
1004865,Zepto,Pune,56,618,6,5.1,7,Groceries,Wallet,2,1,4
1004866,Zepto,Haridwar,46,133,18,6.0,15,Groceries,Wallet,3,0,3
1004867,Blinkit,Kolkata,18,751,14,8.5,1,Fruits & Vegetables,Cash on Delivery,3,0,4
1004868,Big Basket,Kolkata,58,232,15,3.0,7,Snacks,Credit Card,1,0,5
1004869,Jio Mart,Kolkata,31,237,25,13.0,13,Household,Cash on Delivery,3,0,4
1004870,Amazon Now,Mumbai,32,592,15,2.0,7,Personal Care,Debit Card,2,0,4
1004871,Dunzo,Haridwar,18,417,23,5.5,19,Snacks,UPI,1,0,3
1004872,Flipkart Minutes,Bengluru,49,640,16,3.1,13,Dairy,UPI,4,0,5
1004873,Zepto,Haridwar,31,1387,19,3.8,11,Household,Credit Card,5,1,4
1004874,Amazon Now,Chennai,37,718,21,12.2,14,Household,Cash on Delivery,3,0,3
1004875,Dunzo,Bengluru,30,552,17,9.5,2,Personal Care,Credit Card,3,0,3
1004876,Jio Mart,Pune,23,991,21,5.4,17,Dairy,Wallet,2,0,4
1004877,Swiggy Instamart,Bengluru,36,75,16,6.9,9,Household,Debit Card,5,1,5
1004879,Blinkit,Haridwar,36,101,29,10.7,8,Snacks,UPI,2,0,3
1004880,Jio Mart,Amritsar,36,330,26,13.1,11,Dairy,Debit Card,2,1,3
1004881,Dunzo,Chennai,48,824,14,11.4,4,Groceries,Debit Card,2,0,5
1004882,Blinkit,Kolkata,38,464,9,0.7,13,Fruits & Vegetables,UPI,3,0,5
1004883,Jio Mart,Delhi,58,836,14,13.8,15,Beverages,Cash on Delivery,2,1,5
1004884,Zepto,Jaipur,59,323,11,5.4,9,Dairy,Cash on Delivery,4,0,4
1004885,Zepto,Hyderabad,40,350,10,11.9,19,Groceries,Debit Card,3,0,4
1004886,Swiggy Instamart,Noida,21,320,19,11.9,11,Household,UPI,3,1,4
1004887,Zepto,Haridwar,40,526,18,2.7,5,Personal Care,UPI,2,1,5
1004888,Swiggy Instamart,Bengluru,50,192,11,1.4,18,Groceries,UPI,3,0,5
1004889,Dunzo,Amritsar,36,149,12,4.6,10,Snacks,Debit Card,1,1,3
1004890,Blinkit,Hyderabad,56,954,10,1.0,12,Snacks,Wallet,4,1,4
1004891,Big Basket,Delhi,32,528,11,11.4,17,Beverages,Debit Card,3,0,3
1004892,Amazon Now,Kolkata,29,659,17,8.5,6,Fruits & Vegetables,Debit Card,4,0,4
1004893,Flipkart Minutes,Mumbai,46,1021,20,9.7,13,Dairy,Credit Card,2,0,4
1004894,Dunzo,Bengluru,28,536,15,10.9,1,Groceries,UPI,2,1,4
1004895,Zepto,Delhi,39,424,5,3.7,3,Snacks,Cash on Delivery,2,0,4
1004896,Amazon Now,Pune,42,293,15,4.8,3,Household,Credit Card,1,0,4
1004897,Blinkit,Delhi,49,441,5,7.3,18,Fruits & Vegetables,Debit Card,4,0,5
1004898,Big Basket,Noida,43,133,17,7.8,19,Household,Cash on Delivery,2,1,3
1004899,Dunzo,Gurgaon,57,492,12,3.8,11,Dairy,Credit Card,4,0,4
1004900,Jio Mart,Noida,52,879,26,12.7,6,Fruits & Vegetables,Wallet,3,1,4
1004901,Jio Mart,Hyderabad,18,533,20,5.4,13,Snacks,UPI,1,1,5
1004902,Blinkit,Delhi,47,175,5,0.9,13,Household,Wallet,4,0,3
1004903,Swiggy Instamart,Gurgaon,51,689,19,13.2,3,Fruits & Vegetables,Credit Card,2,0,4
1004904,Dunzo,Gurgaon,23,248,13,10.3,16,Household,Debit Card,3,1,3
1004905,Jio Mart,Amritsar,55,1627,19,5.7,4,Household,Debit Card,2,1,4
1004906,Blinkit,Amritsar,46,223,11,4.1,17,Household,Credit Card,4,1,4
1004907,Swiggy Instamart,Hyderabad,25,270,12,5.7,1,Beverages,Wallet,2,0,4
1004908,Flipkart Minutes,Kolkata,54,658,14,1.4,19,Personal Care,Credit Card,3,1,4
1004909,Dunzo,Jaipur,57,516,20,13.4,18,Fruits & Vegetables,Cash on Delivery,4,0,4
1004910,Blinkit,Haridwar,30,50,29,13.8,2,Groceries,Debit Card,5,1,3
1004911,Zepto,Haridwar,38,678,23,11.9,8,Dairy,UPI,3,1,4
1004912,Amazon Now,Bengluru,25,160,23,14.8,16,Household,Credit Card,2,0,5
1004913,Flipkart Minutes,Delhi,24,374,5,2.4,5,Beverages,UPI,3,0,3
1004914,Amazon Now,Chennai,44,743,18,6.1,15,Fruits & Vegetables,UPI,3,1,3
1004915,Swiggy Instamart,Bengluru,40,910,18,13.7,17,Groceries,UPI,4,0,5
1004916,Dunzo,Haridwar,43,416,25,7.8,3,Snacks,Wallet,2,1,3
1004917,Jio Mart,Jaipur,45,1162,25,7.1,2,Snacks,UPI,2,1,2
1004918,Big Basket,Jaipur,29,304,20,6.1,17,Groceries,Cash on Delivery,2,0,4
1004919,Blinkit,Mumbai,22,668,14,6.4,13,Personal Care,UPI,2,0,3
1004920,Amazon Now,Jaipur,30,261,23,5.1,15,Dairy,Debit Card,2,0,3
1004921,Amazon Now,Gurgaon,35,80,19,7.0,19,Personal Care,Debit Card,4,0,4
1004922,Blinkit,Bengluru,31,1029,15,7.2,17,Snacks,Wallet,5,0,5
1004923,Big Basket,Jaipur,43,434,21,8.7,17,Groceries,Credit Card,3,0,4
1004924,Flipkart Minutes,Chennai,54,560,16,7.4,19,Snacks,Credit Card,4,1,3
1004925,Amazon Now,Delhi,26,514,10,10.9,2,Household,Cash on Delivery,4,0,5
1004926,Blinkit,Chennai,23,741,18,11.1,11,Dairy,Wallet,4,1,5
1004927,Swiggy Instamart,Gurgaon,58,128,13,2.2,17,Groceries,Cash on Delivery,5,1,4
1004928,Big Basket,Chennai,46,50,17,7.8,5,Snacks,Wallet,2,1,3
1004929,Swiggy Instamart,Gurgaon,51,743,11,2.4,8,Snacks,Debit Card,3,1,3
1004930,Jio Mart,Haridwar,55,145,35,7.8,13,Fruits & Vegetables,Credit Card,3,0,4
1004931,Zepto,Pune,33,1659,6,7.5,8,Household,Debit Card,5,1,4
1004932,Amazon Now,Pune,25,397,24,14.6,11,Groceries,Cash on Delivery,2,0,4
1004933,Big Basket,Bengluru,46,990,21,13.2,8,Beverages,UPI,4,1,3
1004934,Blinkit,Hyderabad,52,398,18,12.1,17,Personal Care,Wallet,4,1,5
1004935,Dunzo,Kolkata,43,640,9,0.6,8,Personal Care,Cash on Delivery,2,0,3
1004936,Jio Mart,Jaipur,51,50,30,13.1,10,Household,UPI,2,1,4
1004937,Amazon Now,Delhi,54,50,6,2.4,14,Groceries,Debit Card,4,1,4
1004938,Jio Mart,Kolkata,26,203,20,3.1,18,Snacks,Wallet,2,0,3
1004940,Amazon Now,Noida,19,526,21,11.4,11,Household,Debit Card,2,1,5
1004941,Amazon Now,Noida,42,447,17,4.9,5,Snacks,Credit Card,3,0,3
1004942,Swiggy Instamart,Bengluru,34,457,14,6.0,2,Snacks,Wallet,3,0,3
1004943,Amazon Now,Mumbai,46,850,23,12.8,8,Beverages,Cash on Delivery,4,0,3
1004944,Swiggy Instamart,Kolkata,19,806,10,2.2,17,Fruits & Vegetables,UPI,3,0,4
1004945,Jio Mart,Delhi,57,329,13,9.6,12,Household,UPI,1,0,4
1004946,Blinkit,Bengluru,31,50,19,13.7,9,Dairy,UPI,4,0,3
1004947,Swiggy Instamart,Delhi,19,790,8,12.5,2,Personal Care,Credit Card,4,1,4
1004948,Zepto,Bengluru,37,772,7,5.5,17,Personal Care,Cash on Delivery,5,0,4
1004949,Jio Mart,Amritsar,44,660,25,12.7,3,Groceries,Debit Card,3,1,3
1004950,Big Basket,Chennai,44,1273,16,8.9,18,Fruits & Vegetables,Credit Card,2,1,4
1004951,Big Basket,Bengluru,30,549,22,14.7,19,Groceries,Debit Card,2,0,4
1004952,Swiggy Instamart,Mumbai,49,676,16,4.1,15,Beverages,Wallet,5,0,3
1004953,Jio Mart,Hyderabad,18,631,24,9.5,14,Groceries,Credit Card,3,0,4
1004955,Amazon Now,Haridwar,44,658,31,9.7,13,Beverages,Debit Card,3,1,5
1004956,Amazon Now,Bengluru,29,986,17,6.2,1,Snacks,Debit Card,4,1,3
1004957,Jio Mart,Pune,54,1001,21,6.5,18,Dairy,Wallet,3,1,3
1004958,Zepto,Kolkata,43,902,8,10.0,6,Beverages,Cash on Delivery,3,0,4
1004959,Flipkart Minutes,Jaipur,41,619,23,13.2,6,Dairy,Debit Card,4,0,4
1004960,Jio Mart,Gurgaon,20,189,23,11.4,11,Dairy,Cash on Delivery,5,0,3
1004961,Amazon Now,Noida,48,687,18,8.4,17,Beverages,Cash on Delivery,3,1,4
1004962,Blinkit,Bengluru,37,50,14,8.4,5,Groceries,Credit Card,2,0,3
1004963,Amazon Now,Mumbai,21,649,22,12.3,9,Snacks,Credit Card,2,0,4
1004964,Flipkart Minutes,Kolkata,43,355,17,8.4,2,Dairy,Cash on Delivery,3,1,3
1004965,Dunzo,Amritsar,31,611,16,14.3,14,Snacks,Credit Card,3,0,4
1004966,Big Basket,Amritsar,48,87,16,8.5,3,Fruits & Vegetables,Credit Card,5,1,3
1004967,Blinkit,Haridwar,42,311,21,1.9,11,Household,Wallet,2,0,3
1004968,Swiggy Instamart,Pune,55,944,20,14.8,13,Dairy,UPI,2,1,3
1004969,Amazon Now,Haridwar,24,746,33,11.4,5,Beverages,UPI,3,0,3
1004970,Big Basket,Amritsar,55,50,22,14.1,17,Personal Care,UPI,4,0,3
1004971,Big Basket,Gurgaon,46,1140,15,6.4,10,Personal Care,Wallet,4,1,5
1004972,Amazon Now,Bengluru,42,574,22,12.8,6,Snacks,Debit Card,5,1,5
1004973,Flipkart Minutes,Chennai,52,442,13,1.1,5,Personal Care,Wallet,2,0,5
1004974,Big Basket,Haridwar,36,50,30,11.8,11,Groceries,Debit Card,1,1,3
1004975,Swiggy Instamart,Haridwar,28,50,26,6.2,8,Dairy,Wallet,5,0,5
1004976,Dunzo,Noida,41,807,15,13.0,2,Fruits & Vegetables,UPI,2,0,4
1004977,Blinkit,Noida,39,708,13,4.1,15,Groceries,Wallet,3,0,4
1004978,Amazon Now,Noida,34,833,20,12.2,12,Personal Care,Debit Card,3,1,4
1004979,Dunzo,Amritsar,39,954,10,4.8,16,Groceries,UPI,1,0,4
1004980,Flipkart Minutes,Kolkata,35,306,18,11.2,19,Dairy,Debit Card,3,1,4
1004981,Dunzo,Mumbai,45,146,13,1.1,7,Groceries,UPI,2,0,4
1004982,Swiggy Instamart,Kolkata,27,2140,12,1.1,13,Snacks,Debit Card,3,1,4
1004983,Jio Mart,Bengluru,47,516,19,3.6,19,Fruits & Vegetables,UPI,3,1,4
1004984,Amazon Now,Chennai,49,878,20,13.8,9,Fruits & Vegetables,Credit Card,2,1,3
1004985,Jio Mart,Haridwar,32,323,37,13.4,16,Personal Care,Cash on Delivery,3,0,5
1004987,Jio Mart,Hyderabad,31,526,17,2.2,9,Groceries,Debit Card,4,1,3
1004988,Dunzo,Haridwar,31,327,28,9.5,2,Fruits & Vegetables,Credit Card,1,0,3
1004989,Blinkit,Bengluru,41,890,17,11.5,7,Household,Wallet,3,0,4
1004990,Blinkit,Kolkata,35,206,20,14.5,3,Personal Care,UPI,4,0,3
1004991,Amazon Now,Chennai,31,603,19,12.4,7,Beverages,Cash on Delivery,3,1,4
1004992,Amazon Now,Amritsar,44,1046,21,14.7,13,Fruits & Vegetables,Wallet,4,1,4
1004993,Blinkit,Mumbai,33,141,17,7.3,14,Fruits & Vegetables,Cash on Delivery,4,0,3
1004994,Jio Mart,Noida,29,531,25,13.6,5,Household,Wallet,4,0,4
1004995,Swiggy Instamart,Haridwar,40,105,25,5.7,6,Personal Care,Credit Card,5,0,4
1004996,Dunzo,Jaipur,50,849,19,6.5,5,Groceries,Debit Card,4,1,4
1004998,Zepto,Kolkata,27,591,6,5.2,14,Household,Debit Card,4,0,4
1004999,Swiggy Instamart,Bengluru,28,145,11,1.3,15,Beverages,Cash on Delivery,5,1,4
1005000,Jio Mart,Hyderabad,24,218,22,6.0,4,Snacks,Wallet,1,0,4
1005001,Dunzo,Noida,39,506,18,13.2,7,Personal Care,Wallet,3,0,5
1005002,Blinkit,Jaipur,27,353,20,10.6,8,Household,Wallet,5,0,4
1005004,Swiggy Instamart,Noida,42,50,15,10.2,11,Dairy,Wallet,4,0,5
1005006,Swiggy Instamart,Mumbai,23,205,17,6.4,6,Personal Care,UPI,3,1,4
1005007,Jio Mart,Delhi,21,490,9,3.4,19,Personal Care,Debit Card,2,0,4
1005008,Flipkart Minutes,Bengluru,50,142,17,10.1,18,Beverages,UPI,5,1,4
1005009,Amazon Now,Chennai,21,413,17,5.9,1,Dairy,Wallet,1,1,3
1005010,Blinkit,Mumbai,52,339,20,11.1,17,Groceries,UPI,3,0,4
1005011,Zepto,Delhi,20,1014,5,8.3,13,Dairy,Cash on Delivery,4,1,3
1005012,Flipkart Minutes,Jaipur,38,200,17,2.2,4,Snacks,Cash on Delivery,4,1,4
1005013,Zepto,Jaipur,23,1268,17,11.6,12,Dairy,Wallet,5,1,4
1005014,Swiggy Instamart,Chennai,19,962,16,7.3,17,Personal Care,Credit Card,5,0,4
1005015,Blinkit,Amritsar,49,891,12,6.4,17,Snacks,UPI,2,1,3
1005016,Jio Mart,Noida,50,876,23,9.1,5,Personal Care,Debit Card,4,0,3
1005017,Blinkit,Haridwar,56,350,22,2.0,9,Fruits & Vegetables,UPI,2,0,4
1005018,Zepto,Chennai,28,576,5,2.3,10,Beverages,Wallet,2,0,4
1005019,Dunzo,Noida,26,475,14,7.5,8,Dairy,Wallet,2,0,5
1005020,Flipkart Minutes,Mumbai,25,165,19,9.0,6,Fruits & Vegetables,UPI,2,0,5
1005021,Dunzo,Gurgaon,28,318,12,8.6,11,Beverages,Credit Card,2,0,4
1005022,Blinkit,Kolkata,19,1336,16,9.2,19,Snacks,Credit Card,2,1,2
1005023,Swiggy Instamart,Gurgaon,55,911,15,6.8,10,Snacks,Debit Card,3,0,3
1005024,Flipkart Minutes,Haridwar,58,707,29,9.9,12,Dairy,Debit Card,2,1,4
1005025,Dunzo,Haridwar,51,950,22,0.7,17,Dairy,Credit Card,1,0,4
1005026,Dunzo,Gurgaon,50,1019,18,12.7,12,Snacks,Wallet,1,1,2
1005027,Big Basket,Noida,47,682,17,9.8,7,Beverages,Debit Card,2,0,4
1005028,Dunzo,Gurgaon,22,634,17,14.3,1,Groceries,Credit Card,4,1,4
1005029,Blinkit,Gurgaon,31,1059,14,4.4,12,Personal Care,Cash on Delivery,5,0,2
1005030,Blinkit,Noida,56,922,14,9.0,8,Beverages,Debit Card,2,0,5
1005031,Dunzo,Mumbai,46,462,16,5.9,6,Personal Care,Cash on Delivery,1,0,4
1005033,Amazon Now,Noida,45,1234,20,8.6,14,Household,Wallet,4,1,3
1005034,Swiggy Instamart,Pune,28,549,15,4.6,7,Fruits & Vegetables,UPI,2,0,4
1005035,Dunzo,Chennai,27,569,10,1.4,17,Dairy,Cash on Delivery,4,0,3
1005036,Zepto,Amritsar,52,355,10,10.7,2,Fruits & Vegetables,Credit Card,5,0,5
1005037,Dunzo,Delhi,47,658,5,8.8,3,Snacks,UPI,2,1,4
1005038,Dunzo,Chennai,27,420,14,9.4,2,Personal Care,UPI,1,0,2
1005039,Dunzo,Mumbai,57,1069,15,10.5,11,Beverages,Debit Card,4,1,3
1005040,Dunzo,Pune,43,422,13,5.7,13,Personal Care,Credit Card,4,0,4
1005041,Zepto,Amritsar,56,810,9,10.0,7,Household,Credit Card,3,0,4
1005042,Jio Mart,Haridwar,28,115,36,13.1,10,Dairy,Debit Card,3,0,4
1005043,Swiggy Instamart,Delhi,58,98,7,9.4,16,Snacks,Debit Card,4,1,5
1005044,Big Basket,Noida,27,1055,17,5.1,7,Dairy,Wallet,3,1,4
1005045,Dunzo,Amritsar,19,174,15,13.9,15,Fruits & Vegetables,Debit Card,2,0,4
1005046,Amazon Now,Bengluru,38,810,25,15.0,1,Fruits & Vegetables,Cash on Delivery,4,1,5
1005047,Jio Mart,Noida,48,624,20,4.0,4,Groceries,Credit Card,1,0,4
1005048,Zepto,Delhi,54,858,5,2.8,10,Groceries,Debit Card,4,0,3
1005049,Jio Mart,Delhi,34,230,13,6.7,5,Beverages,Credit Card,3,0,4
1005050,Zepto,Kolkata,43,679,7,9.1,18,Household,Credit Card,5,1,4
1005051,Zepto,Hyderabad,55,90,11,11.2,8,Snacks,Debit Card,3,0,3
1005052,Flipkart Minutes,Delhi,26,762,5,2.3,4,Household,Credit Card,3,0,3
1005053,Dunzo,Chennai,50,1207,13,9.4,19,Household,Credit Card,2,1,5
1005054,Flipkart Minutes,Hyderabad,44,246,15,5.9,18,Snacks,Wallet,3,0,5
1005055,Jio Mart,Gurgaon,56,285,18,3.2,4,Beverages,UPI,3,0,4
1005056,Big Basket,Gurgaon,29,1015,21,12.8,15,Groceries,UPI,3,1,3
1005057,Blinkit,Gurgaon,39,1416,17,12.1,4,Fruits & Vegetables,Debit Card,4,1,4
1005058,Zepto,Delhi,29,908,5,5.3,19,Snacks,Cash on Delivery,5,1,4
1005059,Big Basket,Pune,38,215,22,13.1,16,Fruits & Vegetables,Wallet,2,1,4
1005060,Dunzo,Noida,58,1347,15,11.8,4,Beverages,UPI,4,1,3
1005061,Amazon Now,Haridwar,57,107,27,5.7,11,Household,Debit Card,5,0,3
1005062,Flipkart Minutes,Noida,40,199,14,4.0,12,Dairy,Debit Card,1,0,4
1005063,Jio Mart,Noida,41,736,24,14.0,11,Personal Care,Cash on Delivery,4,0,4
1005064,Jio Mart,Kolkata,32,50,24,11.2,14,Snacks,Wallet,1,1,3
1005065,Swiggy Instamart,Noida,24,730,11,3.1,19,Fruits & Vegetables,Debit Card,2,0,5
1005066,Zepto,Hyderabad,50,1006,13,14.1,1,Fruits & Vegetables,Wallet,3,1,4
1005067,Blinkit,Chennai,38,262,11,1.7,15,Dairy,Credit Card,5,0,4
1005068,Amazon Now,Delhi,24,334,12,14.1,16,Groceries,Wallet,4,0,5
1005070,Jio Mart,Delhi,19,500,12,6.4,17,Beverages,UPI,4,1,3
1005071,Amazon Now,Hyderabad,53,122,19,9.9,19,Personal Care,Debit Card,2,1,5
1005072,Dunzo,Mumbai,19,246,10,0.8,4,Personal Care,Wallet,4,0,3
1005073,Dunzo,Amritsar,38,126,12,5.2,2,Groceries,Cash on Delivery,1,1,3
1005074,Flipkart Minutes,Kolkata,55,554,20,11.2,19,Fruits & Vegetables,UPI,4,0,3
1005075,Flipkart Minutes,Pune,38,395,16,8.7,15,Groceries,Wallet,4,0,2
1005076,Jio Mart,Haridwar,54,319,30,1.3,12,Household,Cash on Delivery,3,0,3
1005077,Blinkit,Noida,32,1179,17,11.1,12,Fruits & Vegetables,Wallet,5,0,4
1005078,Big Basket,Delhi,46,815,10,12.1,2,Household,Wallet,2,0,3
1005079,Big Basket,Pune,31,1340,16,8.3,3,Dairy,Cash on Delivery,5,1,5
1005080,Big Basket,Chennai,48,236,16,6.4,14,Fruits & Vegetables,Debit Card,4,0,4
1005081,Jio Mart,Gurgaon,26,485,21,7.6,9,Personal Care,Wallet,2,0,5
1005082,Big Basket,Kolkata,43,363,17,8.9,12,Dairy,UPI,2,0,5
1005083,Swiggy Instamart,Chennai,39,811,13,2.1,1,Dairy,UPI,2,1,4
1005084,Dunzo,Hyderabad,45,127,16,9.8,3,Snacks,Debit Card,3,0,3
1005085,Big Basket,Hyderabad,18,139,14,4.3,12,Groceries,Credit Card,1,0,5
1005086,Blinkit,Hyderabad,25,50,13,5.2,17,Beverages,UPI,5,0,4
1005087,Zepto,Noida,49,517,5,2.8,8,Beverages,Credit Card,2,1,4
1005088,Dunzo,Chennai,37,585,11,6.0,11,Household,UPI,1,0,3
1005089,Flipkart Minutes,Gurgaon,29,573,13,3.6,1,Dairy,Credit Card,4,0,4
1005090,Amazon Now,Kolkata,22,50,17,3.1,19,Groceries,Wallet,4,0,4
1005091,Zepto,Pune,39,565,8,6.7,10,Household,UPI,2,0,4
1005092,Flipkart Minutes,Hyderabad,21,554,13,0.6,17,Snacks,UPI,1,1,4
1005094,Zepto,Kolkata,43,50,11,13.6,14,Groceries,Debit Card,3,0,3
1005095,Zepto,Noida,21,1188,6,4.9,5,Groceries,Wallet,2,0,4
1005096,Flipkart Minutes,Gurgaon,52,770,12,0.9,4,Dairy,Credit Card,2,0,4
1005097,Zepto,Pune,52,219,9,10.8,17,Personal Care,UPI,2,1,4
1005098,Zepto,Gurgaon,37,552,11,10.8,12,Snacks,Wallet,1,0,4
1005099,Zepto,Noida,19,264,5,1.3,7,Dairy,Cash on Delivery,2,1,3
1005100,Swiggy Instamart,Bengluru,35,1626,14,4.0,13,Household,Wallet,3,1,4
1005101,Big Basket,Pune,18,810,15,4.0,12,Fruits & Vegetables,Wallet,2,1,4
1005102,Blinkit,Chennai,27,675,14,7.5,11,Personal Care,Cash on Delivery,5,1,4
1005103,Swiggy Instamart,Gurgaon,35,753,16,7.1,17,Snacks,Debit Card,2,0,4
1005104,Dunzo,Chennai,46,623,9,3.8,10,Dairy,Debit Card,1,0,4
1005105,Amazon Now,Chennai,54,507,21,12.1,15,Household,Credit Card,4,1,4
1005106,Zepto,Amritsar,30,800,8,5.6,3,Fruits & Vegetables,UPI,4,0,3
1005107,Swiggy Instamart,Pune,43,238,13,5.1,18,Beverages,Wallet,5,0,3
1005108,Swiggy Instamart,Bengluru,21,233,17,10.3,9,Beverages,Cash on Delivery,5,1,4
1005109,Amazon Now,Hyderabad,30,701,15,1.3,18,Personal Care,Credit Card,2,1,3
1005110,Blinkit,Jaipur,22,145,18,3.7,14,Groceries,Cash on Delivery,5,0,4
1005111,Blinkit,Hyderabad,18,1787,13,3.7,14,Snacks,Wallet,2,1,3
1005112,Dunzo,Hyderabad,48,387,12,8.3,3,Household,Debit Card,2,0,4
1005113,Jio Mart,Gurgaon,55,1135,21,8.4,3,Personal Care,Wallet,4,1,4
1005114,Amazon Now,Mumbai,23,179,23,9.2,9,Beverages,Debit Card,3,0,4
1005115,Flipkart Minutes,Mumbai,31,93,16,3.6,19,Fruits & Vegetables,Debit Card,4,0,5
1005116,Jio Mart,Delhi,54,212,16,10.8,11,Personal Care,Debit Card,3,0,3
1005117,Blinkit,Noida,57,730,17,13.6,18,Personal Care,Debit Card,4,0,3
1005119,Jio Mart,Delhi,19,80,9,0.6,13,Groceries,UPI,3,0,5
1005121,Jio Mart,Hyderabad,59,547,19,2.6,19,Fruits & Vegetables,Cash on Delivery,2,0,3
1005122,Big Basket,Delhi,46,328,7,9.8,3,Fruits & Vegetables,Debit Card,2,1,5
1005123,Flipkart Minutes,Hyderabad,52,654,14,3.7,1,Beverages,Credit Card,1,0,3
1005124,Flipkart Minutes,Haridwar,31,351,28,9.0,7,Groceries,UPI,2,0,3
1005125,Jio Mart,Hyderabad,44,984,22,6.1,1,Beverages,UPI,1,1,3
1005126,Blinkit,Haridwar,46,720,31,13.1,16,Fruits & Vegetables,Credit Card,4,1,4
1005127,Flipkart Minutes,Amritsar,19,694,16,5.9,9,Household,Debit Card,3,0,3
1005128,Dunzo,Gurgaon,37,732,11,4.2,7,Personal Care,Debit Card,2,1,5
1005129,Blinkit,Bengluru,37,900,11,3.6,7,Personal Care,Cash on Delivery,2,0,4
1005130,Amazon Now,Noida,49,50,20,13.2,6,Dairy,Debit Card,2,1,4
1005131,Zepto,Haridwar,42,418,19,6.7,8,Personal Care,Debit Card,1,1,5
1005132,Flipkart Minutes,Kolkata,36,480,17,11.3,17,Beverages,Debit Card,5,0,2
1005133,Big Basket,Amritsar,19,566,14,4.1,17,Fruits & Vegetables,Cash on Delivery,3,0,4
1005134,Big Basket,Chennai,18,458,12,0.8,13,Dairy,Wallet,3,0,4
1005135,Blinkit,Chennai,36,56,10,2.7,6,Personal Care,UPI,4,0,4
1005136,Jio Mart,Hyderabad,31,1073,22,8.6,3,Snacks,Wallet,1,1,4
1005137,Amazon Now,Pune,33,1174,21,10.5,15,Groceries,Credit Card,2,0,3
1005138,Amazon Now,Gurgaon,33,812,15,3.4,7,Personal Care,Debit Card,3,0,3
1005139,Swiggy Instamart,Hyderabad,30,115,18,10.3,15,Snacks,Cash on Delivery,3,1,3
1005140,Blinkit,Bengluru,25,643,16,11.3,12,Dairy,UPI,5,1,3
1005141,Amazon Now,Hyderabad,39,743,15,1.8,3,Groceries,Debit Card,1,0,4
1005142,Jio Mart,Hyderabad,31,238,22,9.5,19,Snacks,UPI,1,0,4
1005143,Dunzo,Chennai,18,536,14,9.9,14,Personal Care,Debit Card,2,1,3
1005144,Dunzo,Haridwar,30,50,27,7.8,17,Dairy,Cash on Delivery,3,1,4
1005145,Dunzo,Mumbai,25,866,16,8.1,17,Beverages,Cash on Delivery,5,0,4
1005146,Dunzo,Bengluru,18,452,15,6.9,19,Dairy,Credit Card,4,1,4
1005147,Amazon Now,Gurgaon,47,1182,19,11.3,15,Household,Credit Card,2,0,4
1005148,Zepto,Amritsar,37,753,6,6.2,6,Groceries,Credit Card,2,0,3
1005149,Jio Mart,Bengluru,49,401,21,7.2,3,Snacks,Cash on Delivery,5,0,4
1005150,Jio Mart,Kolkata,41,372,28,14.9,3,Personal Care,Cash on Delivery,4,1,4
1005152,Blinkit,Bengluru,52,1247,18,12.8,16,Beverages,UPI,5,1,4
1005153,Zepto,Bengluru,22,621,8,2.6,4,Fruits & Vegetables,Credit Card,5,0,5
1005154,Blinkit,Gurgaon,31,845,16,8.4,10,Dairy,Credit Card,2,0,3
1005155,Amazon Now,Gurgaon,52,478,20,11.8,12,Snacks,Cash on Delivery,3,0,4
1005156,Amazon Now,Gurgaon,43,130,15,5.8,5,Snacks,Wallet,2,1,5
1005157,Big Basket,Hyderabad,46,649,21,14.0,19,Dairy,Debit Card,1,0,4
1005158,Jio Mart,Chennai,36,819,26,11.5,17,Snacks,Wallet,1,1,3
1005159,Amazon Now,Amritsar,54,777,16,3.6,6,Personal Care,Credit Card,4,1,5
1005160,Swiggy Instamart,Kolkata,31,692,12,2.8,17,Household,Credit Card,3,0,4
1005161,Amazon Now,Mumbai,44,918,24,14.5,13,Fruits & Vegetables,UPI,5,0,4
1005162,Dunzo,Noida,46,727,7,0.6,19,Personal Care,UPI,3,1,4
1005163,Zepto,Kolkata,40,385,11,12.4,5,Personal Care,UPI,3,0,3
1005164,Blinkit,Mumbai,20,225,15,7.4,2,Snacks,Credit Card,3,1,4
1005165,Big Basket,Noida,38,1118,18,11.3,3,Snacks,Cash on Delivery,4,1,3
1005166,Zepto,Amritsar,42,334,12,10.9,13,Dairy,Credit Card,1,0,4
1005167,Jio Mart,Chennai,33,355,23,7.8,4,Personal Care,Cash on Delivery,4,0,4
1005168,Swiggy Instamart,Mumbai,35,131,14,4.4,14,Fruits & Vegetables,Cash on Delivery,4,0,4
1005169,Swiggy Instamart,Gurgaon,35,995,14,3.9,11,Groceries,Wallet,3,0,3
1005170,Zepto,Mumbai,22,1080,7,3.0,1,Personal Care,Cash on Delivery,3,0,4
1005171,Blinkit,Delhi,27,877,9,13.8,15,Dairy,Credit Card,4,1,5
1005172,Zepto,Mumbai,52,54,12,8.2,6,Dairy,Cash on Delivery,3,0,3
1005173,Amazon Now,Bengluru,30,567,19,7.4,19,Personal Care,UPI,3,1,4
1005174,Zepto,Chennai,44,1266,8,7.5,17,Fruits & Vegetables,Wallet,5,1,4
1005175,Blinkit,Gurgaon,27,621,17,10.2,6,Dairy,Wallet,3,0,3
1005176,Big Basket,Gurgaon,50,583,22,12.8,14,Snacks,Credit Card,5,1,3
1005177,Dunzo,Delhi,26,182,5,6.6,9,Dairy,Cash on Delivery,1,1,5
1005178,Jio Mart,Pune,47,1050,22,6.6,19,Beverages,Wallet,1,1,3
1005179,Amazon Now,Chennai,47,269,16,3.3,19,Snacks,Cash on Delivery,3,0,4
1005180,Amazon Now,Gurgaon,46,773,15,2.9,16,Personal Care,Debit Card,4,1,4
1005181,Blinkit,Bengluru,46,758,12,3.2,14,Personal Care,Wallet,5,0,4
1005182,Jio Mart,Chennai,37,635,21,2.8,1,Household,Wallet,3,1,4
1005183,Jio Mart,Kolkata,42,50,17,1.7,19,Dairy,Wallet,2,0,4
1005184,Jio Mart,Chennai,53,450,23,9.4,16,Beverages,Debit Card,4,1,4
1005185,Flipkart Minutes,Bengluru,45,757,13,1.9,5,Fruits & Vegetables,Credit Card,4,0,3
1005186,Blinkit,Hyderabad,19,477,19,13.1,10,Dairy,Credit Card,2,0,5
1005188,Dunzo,Haridwar,32,87,22,1.8,15,Household,Cash on Delivery,2,0,3
1005190,Zepto,Mumbai,54,429,11,6.3,15,Personal Care,UPI,4,0,3
1005191,Swiggy Instamart,Noida,41,927,20,13.2,7,Fruits & Vegetables,Credit Card,3,1,3
1005192,Amazon Now,Kolkata,51,351,18,10.6,15,Groceries,Wallet,4,0,3
1005193,Jio Mart,Pune,31,322,21,8.2,8,Snacks,Wallet,2,1,3
1005194,Swiggy Instamart,Mumbai,37,1010,14,1.8,12,Fruits & Vegetables,Credit Card,2,1,4
1005195,Dunzo,Chennai,32,186,19,14.7,14,Beverages,Debit Card,1,0,4
1005196,Dunzo,Hyderabad,49,361,16,13.4,15,Beverages,Wallet,3,0,4
1005197,Amazon Now,Mumbai,57,470,21,10.4,6,Fruits & Vegetables,Cash on Delivery,2,1,4
1005198,Dunzo,Pune,55,874,13,8.7,18,Dairy,Credit Card,1,1,2
1005199,Big Basket,Bengluru,53,1317,20,11.4,3,Household,UPI,5,1,4
1005200,Flipkart Minutes,Mumbai,41,390,15,4.1,9,Groceries,Debit Card,3,0,4
1005201,Jio Mart,Hyderabad,47,546,22,5.0,18,Groceries,Debit Card,1,0,4
1005202,Big Basket,Noida,38,652,19,9.6,4,Beverages,Debit Card,4,1,4
1005203,Jio Mart,Kolkata,28,495,24,14.0,13,Groceries,Debit Card,3,0,3
1005204,Jio Mart,Chennai,37,887,18,1.7,3,Household,Cash on Delivery,3,1,3
1005205,Flipkart Minutes,Jaipur,41,50,22,9.3,17,Personal Care,Credit Card,5,0,5
1005206,Swiggy Instamart,Amritsar,33,512,16,8.5,18,Household,Cash on Delivery,2,1,4
1005207,Amazon Now,Kolkata,28,746,19,7.0,12,Dairy,Debit Card,4,1,5
1005208,Big Basket,Delhi,55,715,6,7.5,10,Household,Credit Card,3,1,4
1005209,Jio Mart,Mumbai,24,1212,23,3.5,19,Fruits & Vegetables,Credit Card,3,1,4
1005210,Flipkart Minutes,Gurgaon,32,640,17,8.4,13,Beverages,UPI,4,0,5
1005211,Zepto,Gurgaon,28,1262,9,9.7,4,Beverages,Cash on Delivery,2,1,4
1005212,Flipkart Minutes,Jaipur,18,50,22,11.8,1,Fruits & Vegetables,Credit Card,4,1,4
1005213,Dunzo,Haridwar,42,50,25,7.4,19,Fruits & Vegetables,UPI,1,0,4
1005214,Zepto,Jaipur,20,482,12,4.4,12,Groceries,Credit Card,3,0,5
1005215,Dunzo,Bengluru,35,775,10,1.7,1,Household,Cash on Delivery,3,0,3
1005216,Blinkit,Noida,30,1066,11,2.9,3,Fruits & Vegetables,Debit Card,3,1,4
1005217,Zepto,Amritsar,20,623,11,9.3,3,Snacks,Credit Card,2,0,3
1005220,Swiggy Instamart,Jaipur,48,50,16,3.2,5,Groceries,UPI,3,1,4
1005221,Flipkart Minutes,Haridwar,34,248,29,9.0,7,Groceries,Credit Card,3,0,4
1005224,Flipkart Minutes,Gurgaon,44,834,16,7.5,10,Fruits & Vegetables,Debit Card,2,0,4
1005225,Dunzo,Bengluru,36,268,18,11.2,10,Snacks,UPI,3,0,5
1005226,Flipkart Minutes,Pune,27,482,15,8.7,1,Beverages,Cash on Delivery,2,1,4
1005227,Big Basket,Mumbai,26,1274,22,11.5,1,Dairy,Cash on Delivery,2,1,3
1005228,Swiggy Instamart,Jaipur,19,836,15,0.9,10,Beverages,UPI,4,1,4
1005229,Dunzo,Gurgaon,59,505,14,6.7,12,Personal Care,UPI,4,1,5
1005230,Flipkart Minutes,Delhi,55,604,5,2.4,16,Fruits & Vegetables,UPI,2,1,4
1005232,Jio Mart,Hyderabad,28,673,25,12.1,4,Fruits & Vegetables,UPI,4,1,5
1005233,Big Basket,Noida,18,540,21,14.4,7,Household,UPI,2,0,4
1005234,Blinkit,Delhi,39,460,5,4.2,6,Groceries,Wallet,3,0,4
1005235,Big Basket,Jaipur,25,404,19,1.4,9,Personal Care,Cash on Delivery,5,1,4
1005236,Flipkart Minutes,Hyderabad,27,911,17,9.5,18,Beverages,Credit Card,2,0,3
1005237,Flipkart Minutes,Amritsar,34,915,17,7.0,1,Groceries,Credit Card,4,1,4
1005238,Zepto,Jaipur,26,507,9,1.2,13,Fruits & Vegetables,UPI,2,1,3
1005239,Jio Mart,Delhi,39,1358,8,3.5,10,Dairy,UPI,1,1,2
1005240,Amazon Now,Mumbai,46,389,18,6.0,19,Dairy,Wallet,3,0,5
1005242,Big Basket,Amritsar,29,227,15,7.1,6,Personal Care,Debit Card,4,1,4
1005243,Flipkart Minutes,Haridwar,52,899,32,13.9,11,Household,Debit Card,4,1,4
1005244,Big Basket,Noida,57,1109,17,8.1,10,Dairy,Credit Card,5,1,4
1005245,Big Basket,Pune,48,1709,15,2.9,4,Beverages,Debit Card,2,1,3
1005246,Big Basket,Bengluru,28,698,20,13.6,10,Groceries,Wallet,4,1,3
1005247,Zepto,Gurgaon,41,1223,7,3.0,19,Dairy,Debit Card,2,1,4
1005248,Jio Mart,Gurgaon,52,981,22,7.5,4,Snacks,UPI,4,0,5
1005249,Flipkart Minutes,Mumbai,44,50,14,2.4,5,Fruits & Vegetables,Wallet,5,0,4
1005250,Swiggy Instamart,Kolkata,48,990,13,5.4,19,Beverages,Cash on Delivery,2,0,4
1005251,Blinkit,Jaipur,53,50,17,4.3,4,Fruits & Vegetables,Cash on Delivery,3,0,4
1005252,Dunzo,Pune,45,117,14,11.4,3,Personal Care,Wallet,1,0,5
1005253,Big Basket,Amritsar,30,690,18,9.6,10,Personal Care,UPI,4,0,4
1005254,Jio Mart,Kolkata,29,160,16,0.8,17,Personal Care,UPI,2,0,5
1005255,Big Basket,Chennai,31,1058,20,9.8,12,Dairy,Debit Card,3,1,5
1005256,Blinkit,Amritsar,19,391,11,1.0,10,Beverages,Wallet,4,1,4
1005257,Jio Mart,Chennai,58,50,24,12.6,10,Beverages,Wallet,3,0,3
1005258,Swiggy Instamart,Jaipur,43,569,22,8.8,16,Beverages,Credit Card,4,1,4
1005260,Flipkart Minutes,Amritsar,55,50,17,8.6,3,Household,UPI,5,1,5
1005261,Dunzo,Jaipur,38,531,16,5.2,19,Groceries,Credit Card,1,1,4
1005262,Zepto,Delhi,20,116,5,7.6,2,Dairy,Wallet,2,0,5
1005263,Flipkart Minutes,Pune,38,777,17,11.3,7,Personal Care,Wallet,4,0,3
1005264,Swiggy Instamart,Gurgaon,29,320,13,6.9,5,Groceries,Cash on Delivery,3,0,3
1005265,Swiggy Instamart,Amritsar,34,50,20,12.8,7,Beverages,Debit Card,3,1,3
1005266,Flipkart Minutes,Noida,26,1221,16,4.6,6,Beverages,Wallet,5,0,4
1005267,Swiggy Instamart,Chennai,37,1016,17,9.2,14,Personal Care,Debit Card,4,0,4
1005268,Jio Mart,Hyderabad,56,401,22,8.4,17,Household,UPI,2,1,5
1005269,Amazon Now,Jaipur,47,323,20,0.6,11,Snacks,Wallet,2,0,5
1005270,Amazon Now,Jaipur,29,483,25,8.4,1,Groceries,UPI,1,0,4
1005271,Dunzo,Amritsar,53,50,9,3.1,10,Groceries,Cash on Delivery,3,1,3
1005272,Dunzo,Bengluru,50,246,15,7.6,8,Groceries,Debit Card,3,0,5
1005273,Zepto,Pune,58,752,13,14.8,11,Personal Care,Debit Card,5,0,4
1005274,Blinkit,Delhi,57,442,9,13.0,3,Personal Care,Wallet,5,0,4
1005275,Swiggy Instamart,Noida,42,125,20,12.7,16,Household,Wallet,5,0,5
1005276,Swiggy Instamart,Jaipur,49,967,18,4.4,11,Household,Wallet,3,1,3
1005277,Blinkit,Jaipur,58,203,22,12.0,19,Beverages,UPI,2,0,4
1005278,Big Basket,Hyderabad,55,50,15,6.2,14,Snacks,Debit Card,4,1,3
1005281,Swiggy Instamart,Bengluru,24,389,15,7.6,16,Fruits & Vegetables,Wallet,5,0,4
1005282,Swiggy Instamart,Pune,43,610,17,11.6,11,Personal Care,UPI,4,1,4
1005283,Blinkit,Hyderabad,55,787,13,5.7,4,Dairy,Cash on Delivery,2,0,4
1005284,Blinkit,Bengluru,37,737,14,4.2,13,Dairy,UPI,4,1,4
1005285,Jio Mart,Jaipur,43,272,25,4.3,5,Household,Credit Card,1,0,4
1005286,Blinkit,Hyderabad,25,50,14,6.8,7,Personal Care,Wallet,1,0,3
1005287,Swiggy Instamart,Pune,52,1327,14,3.2,7,Fruits & Vegetables,Wallet,4,1,4
1005288,Flipkart Minutes,Haridwar,43,895,29,8.8,14,Dairy,Debit Card,2,0,4
1005289,Swiggy Instamart,Mumbai,26,458,19,9.2,8,Fruits & Vegetables,Wallet,4,0,5
1005290,Dunzo,Bengluru,45,962,14,4.5,7,Household,Credit Card,2,0,4
1005291,Blinkit,Hyderabad,20,779,15,9.0,19,Snacks,Wallet,3,0,4
1005292,Swiggy Instamart,Chennai,26,785,12,0.5,12,Fruits & Vegetables,Credit Card,4,1,4
1005293,Jio Mart,Bengluru,28,50,25,7.8,5,Dairy,UPI,2,1,4
1005294,Amazon Now,Hyderabad,30,50,17,7.9,17,Groceries,Credit Card,3,0,5
1005295,Blinkit,Haridwar,50,959,28,13.7,4,Beverages,Cash on Delivery,2,0,5
1005296,Swiggy Instamart,Hyderabad,56,50,15,9.2,3,Snacks,Cash on Delivery,5,0,4
1005297,Flipkart Minutes,Pune,45,50,15,6.0,9,Beverages,Debit Card,4,1,3
1005298,Jio Mart,Hyderabad,31,97,23,6.2,1,Fruits & Vegetables,Cash on Delivery,4,1,4
1005299,Swiggy Instamart,Mumbai,42,440,15,1.3,16,Groceries,Credit Card,2,0,4
1005300,Big Basket,Jaipur,30,50,21,8.6,18,Groceries,Wallet,2,0,3
1005301,Swiggy Instamart,Jaipur,55,50,17,0.5,14,Snacks,Credit Card,5,0,3
1005302,Blinkit,Gurgaon,56,546,18,14.0,16,Household,UPI,2,0,3
1005303,Blinkit,Pune,38,788,11,1.6,17,Groceries,Credit Card,4,0,3
1005304,Dunzo,Bengluru,41,50,15,11.8,15,Dairy,Wallet,4,0,4
1005305,Blinkit,Jaipur,35,59,22,9.8,19,Snacks,Cash on Delivery,4,0,4
1005306,Swiggy Instamart,Mumbai,55,637,15,4.3,14,Snacks,UPI,4,1,3
1005307,Big Basket,Kolkata,38,550,23,14.7,11,Groceries,Cash on Delivery,3,0,5
1005308,Dunzo,Haridwar,26,536,29,11.8,18,Groceries,Wallet,3,0,3
1005309,Amazon Now,Pune,53,873,13,2.0,19,Household,Cash on Delivery,5,1,4
1005310,Flipkart Minutes,Bengluru,55,686,14,0.8,13,Fruits & Vegetables,Credit Card,4,0,4
1005311,Big Basket,Delhi,40,680,5,1.9,17,Household,UPI,2,0,4
1005312,Amazon Now,Jaipur,47,647,25,12.4,3,Dairy,Credit Card,1,0,4
1005313,Jio Mart,Jaipur,36,50,22,1.4,12,Beverages,Debit Card,2,1,3
1005314,Swiggy Instamart,Gurgaon,52,1001,14,4.2,14,Dairy,Wallet,4,1,3
1005315,Flipkart Minutes,Amritsar,41,72,18,9.5,4,Groceries,Wallet,2,0,3
1005316,Jio Mart,Hyderabad,31,256,20,1.9,6,Groceries,Wallet,3,1,4
1005317,Dunzo,Amritsar,56,434,11,3.3,15,Fruits & Vegetables,Wallet,2,0,5
1005318,Zepto,Amritsar,46,427,14,14.7,12,Personal Care,Debit Card,2,0,4
1005319,Blinkit,Hyderabad,43,606,14,5.5,12,Fruits & Vegetables,Credit Card,5,0,3
1005320,Flipkart Minutes,Kolkata,43,438,13,0.6,1,Household,Wallet,2,1,4
1005321,Flipkart Minutes,Kolkata,45,599,21,14.0,18,Snacks,Wallet,2,0,4
1005322,Amazon Now,Pune,45,479,15,5.4,12,Dairy,UPI,4,0,5
1005323,Zepto,Kolkata,27,247,5,1.7,18,Dairy,Wallet,3,0,3
1005324,Dunzo,Gurgaon,48,913,15,13.1,6,Snacks,Wallet,3,0,5
1005325,Jio Mart,Amritsar,22,162,23,7.6,18,Personal Care,UPI,2,0,5
1005326,Zepto,Haridwar,38,386,20,4.3,4,Household,UPI,2,1,4
1005327,Jio Mart,Kolkata,18,462,19,2.4,6,Personal Care,Credit Card,2,0,5
1005328,Amazon Now,Amritsar,21,577,16,3.6,1,Fruits & Vegetables,Debit Card,4,0,4
1005329,Flipkart Minutes,Pune,26,50,17,11.3,4,Personal Care,Credit Card,5,1,4
1005330,Flipkart Minutes,Haridwar,32,1023,30,8.4,2,Snacks,Credit Card,1,0,4
1005331,Zepto,Delhi,46,934,5,10.3,8,Household,Wallet,2,0,5
1005333,Swiggy Instamart,Hyderabad,54,597,16,10.9,4,Fruits & Vegetables,Credit Card,4,1,4
1005334,Swiggy Instamart,Hyderabad,19,143,20,14.7,1,Personal Care,Credit Card,3,1,4
1005335,Jio Mart,Kolkata,20,733,21,4.4,8,Snacks,Credit Card,1,0,3
1005336,Swiggy Instamart,Amritsar,22,50,15,4.9,1,Household,UPI,3,0,4
1005337,Amazon Now,Haridwar,20,1246,36,14.9,14,Groceries,Debit Card,4,1,4
1005338,Swiggy Instamart,Gurgaon,38,797,15,7.9,2,Snacks,UPI,3,0,4
1005339,Jio Mart,Pune,57,414,23,8.6,9,Personal Care,Cash on Delivery,2,0,3
1005340,Jio Mart,Gurgaon,54,236,21,8.2,7,Personal Care,Debit Card,4,1,5
1005341,Amazon Now,Chennai,44,306,21,11.2,15,Groceries,Wallet,2,0,3
1005342,Jio Mart,Hyderabad,33,153,20,1.8,19,Fruits & Vegetables,UPI,3,1,4
1005343,Big Basket,Delhi,33,488,5,6.9,11,Fruits & Vegetables,Credit Card,2,0,4
1005344,Swiggy Instamart,Haridwar,19,726,24,1.0,12,Dairy,Wallet,2,1,4
1005345,Big Basket,Hyderabad,35,50,12,1.0,2,Dairy,Cash on Delivery,2,1,4
1005346,Amazon Now,Kolkata,34,913,17,5.1,18,Fruits & Vegetables,Debit Card,4,1,4
1005347,Flipkart Minutes,Haridwar,22,67,29,9.3,11,Household,Wallet,2,1,3
1005348,Zepto,Pune,54,407,5,3.5,2,Fruits & Vegetables,Cash on Delivery,2,0,3
1005349,Amazon Now,Delhi,27,198,6,1.0,5,Household,Debit Card,3,0,3
1005350,Swiggy Instamart,Gurgaon,27,942,12,1.6,10,Groceries,Debit Card,5,1,4
1005352,Blinkit,Chennai,40,1055,11,4.5,10,Fruits & Vegetables,Cash on Delivery,4,0,4
1005353,Big Basket,Delhi,31,1216,9,10.3,13,Household,UPI,5,1,4
1005354,Jio Mart,Haridwar,27,133,35,6.4,18,Snacks,Cash on Delivery,3,0,3
1005355,Blinkit,Haridwar,57,547,32,14.6,12,Dairy,Wallet,4,0,4
1005356,Swiggy Instamart,Noida,56,104,18,14.4,14,Household,Credit Card,5,0,4
1005357,Swiggy Instamart,Kolkata,58,543,16,10.6,11,Beverages,Debit Card,3,1,4
1005358,Flipkart Minutes,Haridwar,53,50,31,11.4,15,Household,Cash on Delivery,4,0,4
1005360,Zepto,Pune,23,133,12,11.9,18,Household,Credit Card,4,1,4
1005361,Flipkart Minutes,Amritsar,19,545,17,6.0,15,Personal Care,Wallet,4,0,3
1005362,Jio Mart,Kolkata,20,644,25,11.7,5,Fruits & Vegetables,Credit Card,5,0,4
1005363,Swiggy Instamart,Chennai,20,935,16,7.6,19,Household,Wallet,2,1,4
1005364,Swiggy Instamart,Delhi,31,1198,6,8.1,16,Fruits & Vegetables,Wallet,3,1,2
1005365,Blinkit,Pune,18,1206,12,2.5,13,Beverages,UPI,3,1,5
1005366,Big Basket,Delhi,53,428,5,5.7,6,Groceries,Wallet,2,1,5
1005367,Jio Mart,Haridwar,50,793,33,6.8,11,Personal Care,UPI,2,1,4
1005368,Jio Mart,Pune,24,648,23,10.8,4,Beverages,Cash on Delivery,4,1,4
1005369,Big Basket,Pune,28,411,19,12.8,3,Dairy,Cash on Delivery,3,0,5
1005370,Dunzo,Hyderabad,48,103,10,3.5,12,Groceries,Credit Card,3,0,3
1005371,Amazon Now,Chennai,33,405,15,3.4,2,Groceries,Wallet,4,0,3
1005372,Amazon Now,Pune,18,1142,18,9.6,11,Beverages,Cash on Delivery,4,0,4
1005373,Jio Mart,Mumbai,20,493,23,6.9,16,Dairy,Debit Card,3,0,3
1005374,Swiggy Instamart,Pune,30,1432,14,5.1,14,Snacks,Wallet,4,1,3
1005375,Flipkart Minutes,Kolkata,19,544,22,14.3,1,Fruits & Vegetables,Debit Card,4,1,4
1005376,Blinkit,Jaipur,26,297,17,5.0,6,Personal Care,Cash on Delivery,2,1,3
1005377,Jio Mart,Haridwar,30,50,33,2.7,6,Household,Wallet,1,0,5
1005378,Swiggy Instamart,Jaipur,58,131,26,14.6,11,Household,Debit Card,3,0,3
1005379,Dunzo,Amritsar,52,954,18,12.7,4,Beverages,UPI,1,1,3
1005380,Big Basket,Hyderabad,45,781,17,5.5,6,Snacks,Debit Card,3,0,4
1005381,Swiggy Instamart,Mumbai,32,62,16,7.9,17,Snacks,Cash on Delivery,4,1,3
1005382,Amazon Now,Amritsar,57,435,15,3.6,15,Fruits & Vegetables,Debit Card,2,0,4
1005383,Swiggy Instamart,Delhi,57,50,5,8.8,3,Fruits & Vegetables,Debit Card,4,0,4
1005385,Flipkart Minutes,Amritsar,21,288,15,6.4,13,Beverages,UPI,4,0,4
1005386,Zepto,Noida,34,271,6,5.2,7,Fruits & Vegetables,UPI,3,1,3
1005387,Amazon Now,Hyderabad,54,258,20,12.4,3,Dairy,Wallet,4,0,4
1005388,Zepto,Kolkata,56,50,8,8.0,13,Dairy,Debit Card,2,0,3
1005389,Blinkit,Pune,47,1547,19,14.8,9,Snacks,Cash on Delivery,4,1,4
1005390,Big Basket,Chennai,57,1048,18,6.3,2,Snacks,Debit Card,4,1,3
1005391,Jio Mart,Gurgaon,25,395,23,9.7,7,Snacks,Wallet,1,0,3
1005394,Swiggy Instamart,Jaipur,47,50,23,14.0,14,Beverages,Wallet,3,0,4
1005395,Jio Mart,Kolkata,48,309,25,14.8,13,Beverages,Credit Card,2,0,5
1005396,Amazon Now,Delhi,31,577,7,4.0,2,Snacks,Wallet,5,0,4
1005397,Dunzo,Haridwar,42,462,28,12.6,8,Groceries,UPI,2,0,4
1005398,Dunzo,Chennai,26,804,17,13.3,14,Household,UPI,4,1,4
1005399,Flipkart Minutes,Pune,36,499,20,13.1,14,Personal Care,Debit Card,2,1,4
1005400,Blinkit,Jaipur,45,50,14,1.8,16,Snacks,Cash on Delivery,4,0,4
1005401,Blinkit,Pune,44,356,18,15.0,16,Snacks,Cash on Delivery,5,0,5
1005402,Zepto,Haridwar,51,402,24,10.9,19,Beverages,Wallet,2,0,4
1005403,Flipkart Minutes,Kolkata,20,50,17,12.0,14,Groceries,Cash on Delivery,3,1,4
1005404,Big Basket,Chennai,18,448,21,11.1,14,Groceries,UPI,3,1,3
1005405,Swiggy Instamart,Haridwar,46,75,28,10.6,1,Snacks,Cash on Delivery,5,0,3
1005406,Blinkit,Jaipur,35,50,21,11.7,11,Personal Care,Wallet,4,0,3
1005408,Blinkit,Jaipur,42,463,21,13.5,18,Beverages,Credit Card,3,0,5
1005409,Blinkit,Jaipur,29,1123,20,11.6,2,Beverages,Debit Card,5,1,3
1005410,Big Basket,Amritsar,19,540,20,9.9,7,Groceries,Wallet,1,0,3
1005412,Zepto,Delhi,39,303,5,9.7,19,Groceries,Debit Card,4,0,4
1005413,Big Basket,Jaipur,34,959,25,11.8,13,Beverages,UPI,3,0,4
1005414,Flipkart Minutes,Delhi,53,782,5,0.7,10,Snacks,Cash on Delivery,2,1,3
1005415,Flipkart Minutes,Hyderabad,32,846,20,11.9,10,Beverages,Wallet,3,1,4
1005416,Big Basket,Jaipur,36,887,26,11.5,6,Dairy,Cash on Delivery,1,1,4
1005417,Jio Mart,Amritsar,59,170,18,3.6,17,Groceries,Debit Card,3,1,4
1005418,Amazon Now,Haridwar,51,50,30,5.4,1,Personal Care,Debit Card,4,0,3
1005419,Zepto,Bengluru,22,291,9,5.2,2,Personal Care,UPI,5,0,4
1005420,Dunzo,Kolkata,22,50,16,10.8,3,Household,Credit Card,2,1,4
1005421,Swiggy Instamart,Pune,25,100,14,5.5,10,Beverages,Debit Card,4,0,4
1005422,Flipkart Minutes,Amritsar,56,382,14,5.6,3,Dairy,Wallet,1,0,5
1005423,Blinkit,Gurgaon,21,975,16,13.5,12,Beverages,Cash on Delivery,4,0,4
1005424,Big Basket,Amritsar,51,314,19,10.2,9,Dairy,Wallet,4,0,3
1005426,Big Basket,Hyderabad,54,497,17,9.6,7,Beverages,Debit Card,1,0,4
1005427,Jio Mart,Kolkata,27,201,20,3.7,2,Groceries,UPI,4,1,4
1005428,Flipkart Minutes,Mumbai,37,50,14,2.4,13,Dairy,Credit Card,4,0,5
1005429,Big Basket,Hyderabad,57,532,17,8.1,19,Snacks,Credit Card,4,1,4
1005430,Flipkart Minutes,Mumbai,28,651,23,13.4,11,Fruits & Vegetables,UPI,2,0,4
1005431,Swiggy Instamart,Haridwar,36,937,27,9.5,9,Fruits & Vegetables,UPI,3,0,4
1005432,Amazon Now,Chennai,43,101,19,8.1,2,Beverages,Wallet,2,0,4
1005433,Amazon Now,Amritsar,35,327,19,11.4,8,Personal Care,Debit Card,3,0,3
1005434,Jio Mart,Amritsar,28,950,26,13.0,5,Groceries,Wallet,2,0,3
1005435,Amazon Now,Bengluru,20,881,20,7.2,16,Dairy,Cash on Delivery,3,0,4
1005436,Amazon Now,Mumbai,25,1034,17,1.1,4,Snacks,Cash on Delivery,5,0,4
1005437,Zepto,Haridwar,37,415,22,12.6,6,Household,Credit Card,4,0,4
1005438,Zepto,Delhi,59,580,5,3.6,17,Beverages,Cash on Delivery,3,0,4
1005440,Dunzo,Amritsar,51,643,17,12.1,15,Dairy,Credit Card,1,1,3
1005441,Flipkart Minutes,Delhi,39,441,8,13.8,1,Beverages,Cash on Delivery,4,1,4
1005442,Blinkit,Delhi,20,412,5,4.0,15,Household,UPI,3,0,4
1005443,Flipkart Minutes,Pune,50,416,13,3.7,6,Groceries,Credit Card,3,0,4
1005444,Jio Mart,Noida,32,712,18,2.0,3,Personal Care,UPI,5,0,3
1005445,Swiggy Instamart,Bengluru,45,558,13,1.6,3,Beverages,Credit Card,3,0,2
1005446,Blinkit,Delhi,46,835,5,7.4,19,Snacks,Debit Card,5,0,4
1005447,Blinkit,Jaipur,48,50,22,12.7,7,Personal Care,Credit Card,3,1,3
1005448,Swiggy Instamart,Kolkata,37,483,13,5.6,4,Household,UPI,2,0,3
1005449,Amazon Now,Kolkata,27,428,16,5.1,5,Household,Credit Card,3,0,3
1005450,Flipkart Minutes,Hyderabad,33,806,14,2.7,13,Dairy,UPI,2,0,5
1005451,Zepto,Pune,54,904,7,7.0,19,Beverages,UPI,3,1,3
1005452,Flipkart Minutes,Noida,52,372,19,14.4,19,Dairy,Credit Card,2,0,3
1005453,Big Basket,Hyderabad,55,844,21,13.7,7,Fruits & Vegetables,UPI,4,0,3
1005454,Amazon Now,Pune,56,882,18,6.8,17,Beverages,Wallet,3,1,4
1005455,Big Basket,Chennai,57,50,17,9.2,7,Groceries,Debit Card,4,0,3
1005456,Dunzo,Gurgaon,33,544,16,11.7,10,Personal Care,Credit Card,1,0,4
1005457,Big Basket,Jaipur,40,613,26,12.8,11,Groceries,UPI,5,1,4
1005458,Big Basket,Noida,55,821,16,5.8,11,Dairy,Credit Card,2,1,4
1005459,Swiggy Instamart,Delhi,51,278,5,4.6,18,Fruits & Vegetables,Cash on Delivery,4,0,5
1005460,Dunzo,Haridwar,51,188,27,10.3,9,Dairy,Cash on Delivery,3,0,4
1005461,Zepto,Mumbai,29,486,9,9.2,11,Snacks,Cash on Delivery,5,0,4
1005462,Blinkit,Amritsar,58,498,11,3.2,10,Groceries,Credit Card,5,1,3
1005463,Jio Mart,Gurgaon,42,761,22,10.6,4,Dairy,Credit Card,3,0,4
1005464,Swiggy Instamart,Amritsar,23,50,19,12.0,11,Snacks,Credit Card,4,1,3
1005465,Flipkart Minutes,Hyderabad,25,1007,14,4.0,5,Household,Credit Card,2,1,4
1005466,Amazon Now,Delhi,34,50,9,7.4,7,Groceries,Cash on Delivery,2,0,3
1005467,Big Basket,Bengluru,23,422,14,2.1,2,Fruits & Vegetables,Wallet,5,1,4
1005468,Flipkart Minutes,Gurgaon,44,593,13,1.5,19,Personal Care,Cash on Delivery,3,0,5
1005469,Blinkit,Gurgaon,56,722,18,11.6,3,Groceries,Cash on Delivery,4,0,5
1005470,Flipkart Minutes,Hyderabad,56,415,17,7.9,11,Fruits & Vegetables,Credit Card,2,0,4
1005471,Big Basket,Kolkata,43,432,17,7.0,13,Beverages,UPI,2,1,4
1005472,Amazon Now,Mumbai,39,292,21,11.9,16,Dairy,UPI,3,1,3
1005473,Amazon Now,Amritsar,49,238,16,1.0,1,Household,Debit Card,1,0,3
1005474,Amazon Now,Noida,56,50,20,14.0,10,Fruits & Vegetables,Credit Card,4,0,4
1005475,Blinkit,Mumbai,25,389,18,10.5,4,Personal Care,Wallet,5,0,4
1005476,Big Basket,Hyderabad,20,701,21,13.5,10,Personal Care,Credit Card,4,1,4
1005477,Zepto,Mumbai,21,1158,11,9.0,6,Beverages,UPI,4,0,5
1005478,Jio Mart,Haridwar,27,337,33,3.9,5,Fruits & Vegetables,Credit Card,2,0,3
1005479,Jio Mart,Haridwar,39,114,36,12.4,16,Fruits & Vegetables,Cash on Delivery,4,0,5
1005480,Jio Mart,Chennai,59,660,20,2.5,2,Fruits & Vegetables,Debit Card,4,0,5
1005481,Blinkit,Delhi,28,742,5,4.0,6,Groceries,UPI,2,0,4
1005482,Dunzo,Gurgaon,26,303,14,8.8,12,Household,Credit Card,4,0,4
1005483,Swiggy Instamart,Chennai,20,408,13,6.2,1,Groceries,Credit Card,4,0,4
1005484,Dunzo,Amritsar,39,608,16,13.7,17,Snacks,Cash on Delivery,4,0,5
1005485,Amazon Now,Pune,47,50,14,0.6,16,Personal Care,Cash on Delivery,2,0,4
1005486,Big Basket,Delhi,44,943,12,14.7,16,Groceries,UPI,2,0,3
1005487,Dunzo,Amritsar,49,1140,14,7.3,13,Personal Care,Wallet,4,1,3
1005488,Amazon Now,Pune,57,50,16,3.1,10,Beverages,Credit Card,3,0,5
1005489,Swiggy Instamart,Noida,34,595,20,14.3,2,Groceries,Debit Card,2,1,3
1005490,Zepto,Kolkata,53,1321,8,4.9,15,Dairy,Debit Card,1,1,3
1005491,Zepto,Jaipur,57,50,16,11.2,16,Fruits & Vegetables,Wallet,4,0,5
1005492,Dunzo,Bengluru,45,563,17,9.4,19,Groceries,Debit Card,2,1,5
1005493,Amazon Now,Haridwar,53,135,31,10.4,4,Beverages,UPI,3,1,3
1005494,Blinkit,Pune,20,1118,18,12.9,14,Household,Credit Card,4,0,4
1005495,Blinkit,Jaipur,55,507,22,12.3,10,Snacks,Cash on Delivery,3,0,4
1005496,Flipkart Minutes,Amritsar,51,50,16,5.8,2,Snacks,Cash on Delivery,3,1,4
1005497,Dunzo,Haridwar,44,86,28,10.4,19,Groceries,Debit Card,4,0,4
1005498,Dunzo,Gurgaon,46,350,10,1.3,8,Personal Care,UPI,2,0,4
1005499,Big Basket,Delhi,46,769,6,8.8,15,Dairy,Credit Card,2,0,3
1005500,Big Basket,Hyderabad,42,468,21,11.9,8,Groceries,Debit Card,4,0,4
1005501,Big Basket,Amritsar,21,412,18,10.4,3,Household,Debit Card,2,0,4
1005502,Blinkit,Noida,40,1113,18,11.1,14,Personal Care,Credit Card,2,1,4
1005503,Amazon Now,Jaipur,35,229,25,8.1,14,Personal Care,UPI,3,1,4
1005504,Blinkit,Bengluru,56,536,17,14.0,2,Groceries,Credit Card,3,0,5
1005505,Swiggy Instamart,Bengluru,28,485,14,2.1,6,Groceries,Cash on Delivery,4,0,4
1005506,Zepto,Haridwar,23,50,23,13.0,10,Groceries,UPI,4,0,4
1005507,Jio Mart,Hyderabad,41,50,23,12.1,2,Personal Care,Debit Card,2,1,3
1005508,Blinkit,Jaipur,55,152,25,14.9,12,Snacks,UPI,2,0,3
1005509,Flipkart Minutes,Jaipur,51,50,18,3.3,19,Dairy,Credit Card,2,0,4
1005510,Blinkit,Gurgaon,52,1444,13,3.0,3,Dairy,Credit Card,2,0,4
1005511,Zepto,Chennai,38,153,5,4.2,14,Personal Care,Credit Card,3,0,3
1005512,Big Basket,Hyderabad,55,878,22,14.0,4,Household,UPI,4,0,4
1005513,Swiggy Instamart,Kolkata,59,780,13,3.8,10,Groceries,Debit Card,3,0,4
1005514,Amazon Now,Noida,36,527,19,7.9,18,Groceries,Wallet,3,0,4
1005515,Blinkit,Noida,51,1338,18,14.0,11,Personal Care,UPI,5,1,4
1005516,Dunzo,Haridwar,28,921,25,9.2,7,Dairy,UPI,2,0,4
1005518,Flipkart Minutes,Noida,18,455,19,12.6,4,Dairy,Cash on Delivery,4,0,3
1005519,Dunzo,Kolkata,40,229,15,13.1,18,Dairy,Credit Card,4,0,4
1005520,Big Basket,Hyderabad,32,170,21,14.6,13,Fruits & Vegetables,Cash on Delivery,1,0,3
1005521,Jio Mart,Kolkata,37,108,21,4.2,7,Personal Care,UPI,4,0,4
1005522,Blinkit,Hyderabad,41,137,15,8.4,18,Personal Care,Debit Card,3,1,4
1005523,Big Basket,Chennai,41,50,17,4.7,16,Groceries,Cash on Delivery,1,0,4
1005524,Dunzo,Noida,52,365,13,4.4,18,Household,Cash on Delivery,3,0,3
1005525,Flipkart Minutes,Pune,59,1091,13,0.9,15,Snacks,Cash on Delivery,2,1,5
1005526,Zepto,Noida,46,1283,5,1.1,1,Household,Credit Card,4,1,5
1005527,Blinkit,Delhi,59,1412,5,7.8,1,Groceries,Credit Card,5,1,5
1005528,Dunzo,Noida,37,320,15,13.6,12,Fruits & Vegetables,UPI,3,1,3
1005529,Amazon Now,Pune,46,852,22,13.1,7,Fruits & Vegetables,Wallet,4,1,5
1005530,Amazon Now,Haridwar,28,50,26,3.0,18,Groceries,Debit Card,3,0,5
1005531,Amazon Now,Bengluru,42,238,21,8.6,19,Snacks,Debit Card,2,0,4
1005532,Jio Mart,Jaipur,20,287,33,14.3,2,Personal Care,UPI,3,0,4
1005533,Dunzo,Amritsar,46,578,17,12.5,1,Fruits & Vegetables,Credit Card,3,1,3
1005534,Jio Mart,Noida,23,722,18,1.2,19,Beverages,Cash on Delivery,4,0,5
1005535,Big Basket,Chennai,26,802,16,5.2,5,Personal Care,Wallet,2,1,4
1005536,Swiggy Instamart,Mumbai,25,783,17,6.0,19,Personal Care,Credit Card,2,1,4
1005537,Swiggy Instamart,Amritsar,22,50,17,13.0,8,Household,Debit Card,2,0,4
1005538,Amazon Now,Delhi,33,1207,10,13.9,5,Dairy,Credit Card,2,1,5
1005539,Zepto,Gurgaon,47,50,12,11.3,18,Dairy,Cash on Delivery,2,0,4
1005540,Jio Mart,Bengluru,35,411,26,10.2,17,Dairy,Cash on Delivery,4,1,4
1005541,Zepto,Jaipur,24,611,17,14.1,12,Personal Care,Credit Card,3,0,4
1005542,Dunzo,Amritsar,36,811,14,10.7,16,Snacks,Cash on Delivery,2,0,3
1005543,Swiggy Instamart,Hyderabad,20,449,16,9.0,8,Dairy,UPI,2,0,4
1005544,Flipkart Minutes,Pune,57,861,13,3.9,13,Household,Credit Card,4,0,4
1005545,Jio Mart,Jaipur,23,541,32,13.5,2,Snacks,Cash on Delivery,2,0,3
1005546,Swiggy Instamart,Noida,27,972,19,14.8,7,Household,UPI,2,0,3
1005548,Big Basket,Chennai,36,953,15,1.8,14,Dairy,Credit Card,3,1,3
1005549,Jio Mart,Amritsar,56,963,24,8.9,13,Fruits & Vegetables,Wallet,3,1,3
1005550,Zepto,Pune,56,611,10,8.0,11,Personal Care,Debit Card,5,0,3
1005551,Swiggy Instamart,Chennai,23,930,20,13.1,9,Snacks,Wallet,2,0,4
1005553,Dunzo,Kolkata,54,359,16,12.5,12,Fruits & Vegetables,UPI,4,0,3
1005554,Big Basket,Noida,36,541,13,3.2,18,Dairy,Cash on Delivery,2,0,5
1005555,Blinkit,Mumbai,51,512,18,10.8,19,Groceries,UPI,4,0,4
1005556,Swiggy Instamart,Jaipur,21,530,22,8.1,6,Personal Care,Cash on Delivery,2,1,3
1005557,Jio Mart,Kolkata,26,516,24,12.4,18,Dairy,Credit Card,1,0,3
1005558,Blinkit,Pune,40,668,12,4.5,12,Household,Cash on Delivery,4,0,4
1005559,Dunzo,Haridwar,35,926,28,9.8,1,Beverages,Wallet,1,1,4
1005560,Jio Mart,Chennai,32,361,25,15.0,15,Beverages,Cash on Delivery,3,1,5
1005561,Flipkart Minutes,Bengluru,51,553,14,3.2,7,Groceries,Wallet,3,0,4
1005562,Flipkart Minutes,Hyderabad,27,720,12,2.6,6,Beverages,Wallet,2,1,3
1005563,Amazon Now,Hyderabad,51,809,20,11.8,14,Personal Care,UPI,3,1,4
1005564,Flipkart Minutes,Hyderabad,29,568,18,13.3,10,Fruits & Vegetables,Debit Card,4,0,4
1005565,Swiggy Instamart,Haridwar,50,50,29,10.5,8,Household,Credit Card,2,0,4
1005566,Zepto,Pune,47,255,5,2.1,4,Snacks,Debit Card,2,1,4
1005567,Zepto,Kolkata,58,1016,8,5.5,19,Beverages,Credit Card,3,1,4
1005568,Amazon Now,Delhi,28,425,9,10.6,5,Household,Credit Card,1,0,2
1005569,Dunzo,Amritsar,45,531,12,2.9,13,Dairy,Debit Card,2,0,3
1005570,Blinkit,Bengluru,46,530,16,10.7,15,Beverages,Debit Card,5,1,5
1005571,Zepto,Chennai,44,551,11,12.6,1,Personal Care,Debit Card,3,0,3
1005572,Swiggy Instamart,Bengluru,22,1453,12,3.9,7,Household,Wallet,2,1,2
1005573,Flipkart Minutes,Mumbai,27,578,22,12.7,9,Beverages,Wallet,5,0,4
1005574,Flipkart Minutes,Mumbai,45,1356,16,1.9,2,Household,UPI,3,1,5
1005575,Amazon Now,Bengluru,29,296,18,6.5,3,Groceries,Credit Card,2,0,3
1005576,Swiggy Instamart,Bengluru,29,50,18,13.6,9,Household,Debit Card,2,0,4
1005577,Jio Mart,Bengluru,37,266,20,1.9,14,Snacks,UPI,3,0,4
1005578,Jio Mart,Jaipur,31,422,29,8.4,19,Household,UPI,2,0,4
1005579,Blinkit,Bengluru,30,130,15,9.1,5,Household,UPI,5,0,4
1005580,Flipkart Minutes,Pune,50,50,22,14.6,4,Groceries,Debit Card,4,1,3
1005582,Flipkart Minutes,Kolkata,21,1285,13,0.6,1,Fruits & Vegetables,Credit Card,2,0,4
1005583,Amazon Now,Mumbai,54,450,20,6.5,19,Snacks,UPI,3,0,4
1005584,Jio Mart,Hyderabad,44,323,25,12.3,15,Personal Care,Cash on Delivery,3,0,4
1005585,Dunzo,Amritsar,50,351,9,3.7,14,Beverages,Credit Card,3,0,5
1005586,Blinkit,Gurgaon,40,385,17,10.7,6,Household,Wallet,5,0,4
1005587,Swiggy Instamart,Chennai,19,696,13,4.5,14,Snacks,Credit Card,4,1,3
1005588,Jio Mart,Hyderabad,58,644,24,10.6,12,Dairy,Wallet,1,1,3
1005589,Flipkart Minutes,Noida,55,392,19,11.3,14,Personal Care,Debit Card,5,0,5
1005590,Amazon Now,Noida,25,359,19,6.7,7,Snacks,Credit Card,3,0,5
1005591,Jio Mart,Chennai,18,76,26,13.9,9,Snacks,Debit Card,3,1,5
1005592,Blinkit,Haridwar,22,442,25,8.6,10,Snacks,Credit Card,5,0,4
1005593,Jio Mart,Bengluru,39,507,29,14.2,1,Dairy,Wallet,5,0,4
1005594,Amazon Now,Haridwar,34,806,29,6.6,18,Groceries,Wallet,3,1,5
1005595,Zepto,Kolkata,45,1133,11,12.3,12,Dairy,Credit Card,2,1,4
1005596,Swiggy Instamart,Delhi,44,777,7,9.5,10,Dairy,Credit Card,3,1,4
1005597,Blinkit,Pune,41,744,13,2.8,1,Snacks,Wallet,3,0,4
1005598,Amazon Now,Bengluru,22,680,19,6.3,14,Dairy,Wallet,4,0,3
1005599,Amazon Now,Gurgaon,47,721,18,6.4,16,Snacks,UPI,3,0,5
1005600,Dunzo,Kolkata,48,514,11,6.3,12,Snacks,Wallet,2,1,3
1005601,Jio Mart,Pune,27,50,23,10.8,7,Groceries,Cash on Delivery,3,0,3
1005602,Zepto,Hyderabad,56,144,12,14.1,14,Beverages,Debit Card,1,0,5
1005603,Zepto,Mumbai,46,138,10,5.4,18,Groceries,Credit Card,2,0,4
1005604,Jio Mart,Kolkata,36,67,17,1.3,1,Beverages,UPI,3,0,5
1005605,Swiggy Instamart,Mumbai,25,1903,18,7.3,14,Fruits & Vegetables,Cash on Delivery,4,1,4
1005606,Amazon Now,Amritsar,25,327,18,7.4,11,Personal Care,UPI,3,1,3
1005607,Big Basket,Gurgaon,51,680,18,6.3,12,Dairy,UPI,2,0,3
1005608,Big Basket,Delhi,46,642,9,9.4,2,Fruits & Vegetables,Debit Card,4,1,3
1005609,Zepto,Pune,18,888,12,14.9,14,Fruits & Vegetables,UPI,2,1,4
1005610,Swiggy Instamart,Haridwar,31,242,23,3.6,15,Dairy,Credit Card,2,0,4
1005611,Swiggy Instamart,Delhi,44,694,11,14.9,10,Household,UPI,4,0,4
1005612,Amazon Now,Mumbai,40,428,21,10.5,7,Beverages,Wallet,4,0,3
1005613,Big Basket,Hyderabad,22,540,16,7.9,17,Personal Care,Cash on Delivery,2,0,4
1005614,Zepto,Hyderabad,59,615,7,3.2,19,Household,Credit Card,4,1,3
1005615,Big Basket,Haridwar,44,50,31,9.4,16,Household,UPI,4,1,5
1005616,Big Basket,Pune,58,1359,17,10.6,8,Snacks,Cash on Delivery,2,1,4
1005617,Amazon Now,Mumbai,19,230,23,11.0,16,Groceries,UPI,5,0,5
1005618,Amazon Now,Delhi,55,97,10,9.9,18,Fruits & Vegetables,Wallet,1,0,4
1005619,Blinkit,Jaipur,29,387,24,13.8,14,Snacks,Credit Card,2,0,5
1005620,Swiggy Instamart,Jaipur,26,306,25,14.1,9,Beverages,Credit Card,4,0,4
1005621,Big Basket,Delhi,25,1519,11,13.8,3,Household,Debit Card,4,1,5
1005622,Blinkit,Delhi,46,285,8,11.1,15,Dairy,UPI,5,1,3
1005623,Swiggy Instamart,Hyderabad,34,101,19,11.5,9,Groceries,Cash on Delivery,2,1,4
1005624,Jio Mart,Delhi,25,718,10,4.6,4,Fruits & Vegetables,UPI,4,0,4
1005625,Dunzo,Mumbai,18,590,13,6.0,19,Fruits & Vegetables,Credit Card,1,1,4
1005626,Flipkart Minutes,Amritsar,29,504,15,2.8,8,Household,Cash on Delivery,4,0,3
1005627,Big Basket,Kolkata,58,632,16,8.8,18,Fruits & Vegetables,Cash on Delivery,4,0,5
1005628,Blinkit,Bengluru,46,1014,20,13.6,12,Groceries,Debit Card,4,0,4
1005629,Zepto,Delhi,52,818,5,10.1,11,Fruits & Vegetables,UPI,4,1,4
1005630,Blinkit,Pune,29,50,9,1.0,2,Beverages,Wallet,2,1,4
1005631,Big Basket,Pune,47,499,17,10.0,17,Snacks,UPI,2,1,4
1005632,Blinkit,Amritsar,37,50,11,1.3,6,Groceries,Wallet,3,0,4
1005633,Zepto,Amritsar,57,50,11,12.4,1,Dairy,Wallet,2,1,5
1005634,Blinkit,Bengluru,20,966,20,13.2,18,Dairy,UPI,3,1,4
1005635,Big Basket,Mumbai,32,401,19,10.3,7,Household,UPI,2,1,3
1005636,Big Basket,Haridwar,34,1185,24,0.9,5,Snacks,Credit Card,3,1,3
1005637,Flipkart Minutes,Hyderabad,21,50,20,11.6,12,Household,Cash on Delivery,4,1,4
1005638,Big Basket,Hyderabad,47,402,17,6.6,3,Snacks,Debit Card,2,1,5
1005639,Jio Mart,Gurgaon,47,393,18,2.9,18,Personal Care,Cash on Delivery,4,1,3
1005640,Big Basket,Hyderabad,22,685,16,7.8,17,Household,Wallet,3,0,4
1005641,Jio Mart,Delhi,18,414,12,4.4,19,Snacks,Cash on Delivery,1,1,4
1005642,Amazon Now,Amritsar,35,150,18,6.5,4,Groceries,UPI,2,1,3
1005643,Flipkart Minutes,Jaipur,19,203,25,13.6,10,Groceries,Debit Card,5,1,4
1005644,Zepto,Haridwar,34,372,24,14.9,17,Dairy,Cash on Delivery,4,0,5
1005645,Flipkart Minutes,Amritsar,46,412,16,7.8,17,Household,Cash on Delivery,4,0,3
1005646,Flipkart Minutes,Pune,46,50,22,14.2,2,Household,UPI,4,1,4
1005647,Big Basket,Pune,55,1365,15,1.6,15,Personal Care,Cash on Delivery,4,1,4
1005648,Swiggy Instamart,Chennai,30,293,11,0.8,8,Beverages,Credit Card,2,0,4
1005649,Zepto,Delhi,50,50,5,4.2,16,Snacks,Debit Card,2,0,4
1005650,Swiggy Instamart,Kolkata,35,986,9,0.5,19,Groceries,Cash on Delivery,5,0,4
1005651,Amazon Now,Hyderabad,33,379,13,2.1,17,Personal Care,Wallet,1,0,4
1005652,Jio Mart,Delhi,41,630,13,10.4,16,Snacks,Cash on Delivery,4,0,4
1005654,Swiggy Instamart,Delhi,49,647,5,10.1,2,Snacks,UPI,4,0,4
1005655,Dunzo,Noida,26,445,9,1.6,5,Dairy,UPI,1,0,3
1005656,Dunzo,Gurgaon,26,244,17,11.2,10,Personal Care,Debit Card,1,0,4
1005657,Amazon Now,Bengluru,46,50,17,3.5,6,Personal Care,UPI,2,0,3
1005658,Dunzo,Chennai,45,1294,17,14.9,15,Snacks,Credit Card,3,1,5
1005659,Flipkart Minutes,Chennai,20,465,17,10.2,5,Groceries,Credit Card,3,0,3
1005660,Flipkart Minutes,Jaipur,19,1066,22,5.9,11,Personal Care,Wallet,3,1,3
1005662,Dunzo,Bengluru,28,359,18,14.4,8,Groceries,Cash on Delivery,4,0,4
1005663,Swiggy Instamart,Kolkata,40,1369,16,12.3,1,Dairy,UPI,5,1,3
1005664,Jio Mart,Mumbai,39,238,24,4.3,6,Dairy,Cash on Delivery,4,0,4
1005665,Flipkart Minutes,Noida,23,747,14,1.7,13,Fruits & Vegetables,Debit Card,3,1,2
1005666,Swiggy Instamart,Amritsar,34,386,12,3.8,9,Beverages,UPI,5,0,4
1005667,Amazon Now,Hyderabad,46,435,17,8.7,4,Household,Credit Card,1,1,4
1005668,Flipkart Minutes,Haridwar,48,579,27,9.0,13,Fruits & Vegetables,UPI,4,1,4
1005669,Zepto,Amritsar,38,50,10,12.0,17,Personal Care,UPI,3,0,3
1005670,Big Basket,Noida,44,1311,15,4.8,7,Snacks,Debit Card,4,1,3
1005671,Jio Mart,Gurgaon,22,584,24,9.5,2,Personal Care,Cash on Delivery,3,1,4
1005672,Blinkit,Delhi,34,916,5,8.1,16,Dairy,Debit Card,5,1,4
1005673,Flipkart Minutes,Mumbai,36,122,23,13.4,5,Groceries,UPI,5,0,3
1005674,Dunzo,Bengluru,44,855,15,10.7,15,Fruits & Vegetables,Wallet,4,1,3
1005675,Jio Mart,Noida,59,757,24,12.4,3,Dairy,Debit Card,3,1,4
1005676,Big Basket,Pune,46,935,15,3.5,5,Dairy,Wallet,4,0,3
1005677,Swiggy Instamart,Noida,35,499,13,1.4,9,Household,Debit Card,1,1,4
1005678,Zepto,Jaipur,30,75,8,1.7,9,Snacks,Debit Card,2,0,4
1005679,Amazon Now,Amritsar,59,887,15,4.7,14,Groceries,Debit Card,2,0,4
1005680,Amazon Now,Haridwar,59,281,27,3.8,17,Household,Debit Card,5,0,5
1005681,Flipkart Minutes,Pune,48,342,17,12.4,6,Household,Debit Card,2,0,3
1005682,Zepto,Noida,28,616,5,1.2,3,Household,Credit Card,2,1,4
1005683,Big Basket,Pune,27,942,13,1.8,2,Beverages,Wallet,4,1,4
1005684,Blinkit,Kolkata,34,431,13,6.0,4,Dairy,Cash on Delivery,4,0,3
1005685,Amazon Now,Noida,48,571,15,4.0,9,Dairy,Cash on Delivery,4,0,3
1005686,Flipkart Minutes,Kolkata,53,564,11,1.6,11,Household,UPI,1,0,4
1005687,Zepto,Kolkata,36,1107,10,11.6,1,Fruits & Vegetables,Credit Card,2,0,3
1005688,Amazon Now,Noida,25,954,20,12.5,7,Personal Care,Cash on Delivery,1,0,4
1005689,Blinkit,Amritsar,21,731,10,3.3,15,Household,Debit Card,4,1,3
1005690,Blinkit,Mumbai,33,730,20,13.6,6,Fruits & Vegetables,Debit Card,3,1,3
1005692,Big Basket,Noida,23,330,14,1.0,3,Snacks,UPI,2,0,3
1005693,Dunzo,Delhi,48,546,5,12.2,19,Beverages,UPI,2,0,4
1005694,Dunzo,Noida,36,389,16,10.5,12,Fruits & Vegetables,Credit Card,4,0,4
1005697,Swiggy Instamart,Haridwar,18,461,29,13.4,9,Snacks,Wallet,3,0,3
1005698,Flipkart Minutes,Jaipur,28,952,24,14.3,7,Groceries,UPI,3,1,4
1005699,Big Basket,Amritsar,29,558,18,9.0,1,Dairy,Credit Card,4,0,3
1005700,Amazon Now,Bengluru,40,949,21,7.7,18,Beverages,Debit Card,3,1,4
1005701,Flipkart Minutes,Kolkata,56,329,13,0.8,3,Beverages,Credit Card,1,1,5
1005702,Blinkit,Jaipur,48,719,21,10.1,16,Snacks,Credit Card,4,0,5
1005703,Dunzo,Kolkata,21,535,8,0.9,15,Household,Cash on Delivery,3,0,4
1005704,Big Basket,Noida,49,630,16,7.4,17,Fruits & Vegetables,Wallet,3,1,3
1005705,Flipkart Minutes,Delhi,35,875,5,4.9,4,Beverages,Debit Card,2,0,4
1005706,Dunzo,Chennai,33,508,14,7.2,6,Fruits & Vegetables,Cash on Delivery,1,1,3
1005707,Flipkart Minutes,Gurgaon,26,50,18,12.4,17,Beverages,Credit Card,3,0,3
1005709,Amazon Now,Mumbai,52,903,24,12.0,19,Personal Care,UPI,1,1,4
1005710,Swiggy Instamart,Chennai,49,407,19,11.3,9,Personal Care,Cash on Delivery,4,1,3
1005711,Zepto,Amritsar,35,684,10,7.9,7,Dairy,UPI,3,1,4
1005712,Jio Mart,Pune,59,652,26,11.1,2,Beverages,Wallet,3,1,3
1005713,Big Basket,Haridwar,18,50,24,1.5,3,Beverages,Wallet,1,1,3
1005714,Amazon Now,Hyderabad,43,50,23,14.8,11,Personal Care,Debit Card,1,0,4
1005715,Flipkart Minutes,Pune,47,50,18,10.2,19,Dairy,UPI,5,0,4
1005716,Amazon Now,Hyderabad,56,163,22,13.4,13,Household,Wallet,1,0,4
1005717,Dunzo,Mumbai,42,732,12,2.6,12,Groceries,Credit Card,3,0,3
1005718,Blinkit,Amritsar,56,590,12,1.2,9,Dairy,UPI,2,0,4
1005719,Dunzo,Noida,21,507,11,2.5,19,Dairy,Cash on Delivery,2,1,3
1005720,Zepto,Haridwar,18,50,22,13.3,12,Household,Debit Card,3,1,4
1005721,Dunzo,Chennai,53,250,14,10.5,4,Dairy,Debit Card,4,0,5
1005723,Jio Mart,Delhi,28,665,7,1.2,9,Snacks,Wallet,2,1,4
1005724,Jio Mart,Noida,20,423,18,2.2,13,Snacks,Credit Card,4,0,3
1005725,Swiggy Instamart,Noida,55,995,11,3.9,7,Fruits & Vegetables,UPI,2,1,5
1005726,Blinkit,Hyderabad,52,545,17,14.1,1,Fruits & Vegetables,Credit Card,3,0,5
1005727,Dunzo,Gurgaon,25,196,15,12.2,19,Beverages,UPI,4,0,3
1005728,Blinkit,Jaipur,27,363,20,10.4,16,Personal Care,Cash on Delivery,2,1,4
1005729,Amazon Now,Bengluru,55,224,21,10.4,9,Beverages,UPI,3,0,5
1005730,Flipkart Minutes,Bengluru,40,825,16,6.2,16,Beverages,Credit Card,2,1,5
1005731,Flipkart Minutes,Hyderabad,32,1165,17,9.9,4,Fruits & Vegetables,UPI,3,1,4
1005732,Flipkart Minutes,Pune,59,839,11,1.4,8,Household,Wallet,4,0,4
1005733,Dunzo,Chennai,26,50,13,8.8,18,Groceries,Credit Card,3,0,4
1005734,Jio Mart,Delhi,52,50,15,10.0,10,Beverages,Debit Card,4,0,4
1005736,Swiggy Instamart,Delhi,44,1035,5,4.7,7,Household,Credit Card,4,0,4
1005737,Dunzo,Jaipur,59,1122,20,12.6,19,Snacks,Credit Card,1,1,4
1005738,Dunzo,Pune,38,604,15,9.0,13,Groceries,Credit Card,1,0,5
1005739,Blinkit,Amritsar,32,1118,13,6.4,9,Beverages,Wallet,4,0,4
1005742,Blinkit,Kolkata,19,408,17,11.4,9,Dairy,Credit Card,3,0,4
1005743,Big Basket,Bengluru,52,1401,16,6.0,16,Personal Care,Debit Card,2,1,4
1005744,Dunzo,Noida,41,439,11,6.5,17,Snacks,Debit Card,3,0,4
1005745,Jio Mart,Haridwar,33,774,37,9.5,8,Groceries,Wallet,4,0,4
1005746,Amazon Now,Amritsar,47,620,21,9.5,5,Household,Wallet,3,0,4
1005747,Amazon Now,Haridwar,28,335,31,9.1,4,Snacks,UPI,3,0,4
1005748,Zepto,Amritsar,38,895,9,7.5,19,Snacks,Cash on Delivery,4,0,5
1005749,Big Basket,Mumbai,18,758,16,2.3,8,Household,Wallet,3,1,3
1005750,Dunzo,Pune,31,660,15,9.2,13,Fruits & Vegetables,Cash on Delivery,4,1,3
1005751,Zepto,Haridwar,33,382,24,14.9,6,Household,Wallet,5,0,4
1005752,Blinkit,Kolkata,31,293,12,7.1,14,Household,Credit Card,5,0,3
1005753,Jio Mart,Delhi,28,289,14,8.2,2,Snacks,Cash on Delivery,5,0,4
1005754,Zepto,Delhi,23,591,5,6.0,19,Personal Care,Debit Card,3,0,3
1005755,Big Basket,Jaipur,18,102,25,10.4,12,Dairy,Wallet,3,0,4
1005756,Blinkit,Pune,42,744,15,7.0,14,Fruits & Vegetables,Wallet,5,1,4
1005757,Blinkit,Hyderabad,23,924,15,6.1,12,Fruits & Vegetables,Wallet,5,0,4
1005759,Blinkit,Delhi,59,346,5,0.9,14,Beverages,Credit Card,4,1,4
1005760,Amazon Now,Kolkata,41,481,15,2.6,15,Personal Care,Cash on Delivery,4,0,3
1005761,Flipkart Minutes,Gurgaon,41,1110,21,13.8,2,Personal Care,Cash on Delivery,2,1,2
1005762,Blinkit,Delhi,48,1412,8,12.6,8,Household,Wallet,5,1,5
1005763,Big Basket,Delhi,20,525,8,7.3,12,Snacks,UPI,2,0,4
1005764,Blinkit,Gurgaon,48,600,11,1.8,8,Beverages,Debit Card,2,0,4
1005765,Swiggy Instamart,Amritsar,25,50,15,9.2,3,Snacks,Cash on Delivery,1,1,4
1005766,Swiggy Instamart,Jaipur,59,94,20,9.4,14,Groceries,Credit Card,4,0,4
1005767,Flipkart Minutes,Noida,54,1671,22,15.0,6,Household,Credit Card,1,1,5
1005768,Zepto,Noida,31,521,9,6.0,11,Beverages,Debit Card,2,0,2
1005769,Dunzo,Noida,48,358,13,7.4,13,Snacks,Debit Card,2,0,4
1005770,Zepto,Delhi,28,50,5,5.2,7,Beverages,Credit Card,5,1,4
1005771,Zepto,Delhi,35,1487,5,7.8,8,Groceries,Wallet,2,1,4
1005772,Big Basket,Amritsar,18,779,14,0.6,16,Dairy,UPI,5,1,3
1005773,Swiggy Instamart,Amritsar,44,150,16,10.6,6,Snacks,Debit Card,2,0,3
1005774,Zepto,Amritsar,23,1120,12,14.1,16,Snacks,Cash on Delivery,2,1,5
1005775,Zepto,Mumbai,48,620,12,14.0,15,Dairy,Wallet,3,0,4
1005776,Amazon Now,Pune,30,212,15,4.9,14,Household,Wallet,3,1,3
1005777,Flipkart Minutes,Jaipur,26,953,22,12.1,11,Dairy,Credit Card,4,0,4
1005778,Dunzo,Hyderabad,40,596,15,12.0,19,Beverages,Credit Card,1,1,5
1005779,Zepto,Hyderabad,35,776,13,12.9,17,Fruits & Vegetables,Credit Card,3,1,3
1005780,Amazon Now,Chennai,56,952,15,5.5,8,Dairy,Wallet,2,1,3
1005781,Swiggy Instamart,Delhi,53,360,6,10.9,9,Dairy,Credit Card,5,0,3
1005782,Flipkart Minutes,Chennai,47,383,17,7.1,11,Groceries,UPI,4,1,4
1005783,Big Basket,Amritsar,23,758,16,9.0,11,Household,Debit Card,2,0,3
1005784,Swiggy Instamart,Pune,43,60,21,14.7,18,Beverages,UPI,2,0,4
1005785,Zepto,Amritsar,50,294,6,6.6,16,Fruits & Vegetables,Credit Card,3,1,4
1005787,Dunzo,Delhi,31,496,5,4.1,3,Household,Cash on Delivery,1,1,4
1005788,Zepto,Chennai,51,923,13,13.5,6,Personal Care,Cash on Delivery,2,1,3
1005789,Big Basket,Gurgaon,38,857,21,14.6,15,Household,Credit Card,2,1,3
1005790,Jio Mart,Hyderabad,18,866,24,8.5,19,Beverages,Credit Card,2,1,4
1005791,Jio Mart,Kolkata,41,526,20,4.2,3,Dairy,Cash on Delivery,4,0,5
1005792,Flipkart Minutes,Pune,19,50,17,11.8,13,Household,Cash on Delivery,3,0,4
1005793,Blinkit,Hyderabad,46,513,19,14.0,3,Personal Care,Credit Card,2,0,4
1005794,Flipkart Minutes,Pune,59,424,19,10.0,17,Dairy,Debit Card,5,0,4
1005795,Zepto,Haridwar,40,50,22,13.0,1,Snacks,Debit Card,3,1,3
1005796,Flipkart Minutes,Noida,50,1389,20,13.1,1,Fruits & Vegetables,UPI,1,1,4
1005797,Jio Mart,Noida,20,748,22,4.9,12,Snacks,Debit Card,3,1,5
1005798,Swiggy Instamart,Kolkata,24,496,15,10.5,12,Groceries,UPI,2,0,3
1005799,Big Basket,Jaipur,31,837,24,7.7,2,Household,Debit Card,3,1,4
1005800,Swiggy Instamart,Delhi,48,75,9,14.1,7,Snacks,UPI,3,1,3
1005801,Flipkart Minutes,Noida,29,776,13,5.2,17,Groceries,Credit Card,4,0,3
1005802,Swiggy Instamart,Haridwar,19,477,22,1.2,2,Fruits & Vegetables,Cash on Delivery,5,1,3
1005803,Jio Mart,Gurgaon,20,388,22,4.8,1,Dairy,Wallet,2,0,4
1005804,Amazon Now,Hyderabad,32,650,18,6.5,1,Beverages,Debit Card,4,0,4
1005805,Flipkart Minutes,Mumbai,58,625,19,7.0,5,Personal Care,Wallet,4,0,4
1005806,Swiggy Instamart,Delhi,34,353,5,2.3,18,Dairy,UPI,5,0,4
1005807,Blinkit,Delhi,26,208,5,8.4,8,Household,Debit Card,5,0,3
1005808,Swiggy Instamart,Bengluru,50,496,16,5.4,18,Personal Care,Credit Card,5,0,4
1005810,Zepto,Hyderabad,33,613,9,7.1,6,Snacks,Cash on Delivery,3,1,4
1005811,Big Basket,Bengluru,29,760,20,13.3,1,Personal Care,Cash on Delivery,2,0,5
1005812,Swiggy Instamart,Noida,29,243,11,2.4,2,Groceries,Credit Card,4,0,3
1005813,Swiggy Instamart,Mumbai,58,329,15,3.3,13,Household,Credit Card,3,0,4
1005814,Zepto,Delhi,43,667,5,13.9,7,Dairy,UPI,5,0,4
1005815,Dunzo,Chennai,31,891,13,10.5,12,Snacks,Wallet,1,1,5
1005816,Amazon Now,Kolkata,44,564,22,13.6,2,Household,UPI,3,0,3
1005817,Swiggy Instamart,Bengluru,54,709,16,4.9,18,Dairy,Credit Card,4,0,3
1005818,Amazon Now,Gurgaon,20,1387,17,6.7,15,Household,UPI,2,1,4
1005819,Zepto,Hyderabad,36,465,12,11.1,3,Snacks,Credit Card,2,0,4
1005820,Blinkit,Noida,46,949,12,5.6,18,Fruits & Vegetables,Wallet,4,1,4
1005821,Amazon Now,Gurgaon,32,874,21,11.8,15,Dairy,Cash on Delivery,3,1,3
1005822,Dunzo,Chennai,19,1044,18,13.3,11,Household,Debit Card,1,0,5
1005823,Zepto,Mumbai,20,353,13,9.9,10,Snacks,Debit Card,3,1,5
1005824,Blinkit,Gurgaon,30,412,12,5.8,7,Household,Wallet,4,0,4
1005825,Swiggy Instamart,Jaipur,48,563,19,4.2,18,Dairy,Wallet,3,1,4
1005826,Jio Mart,Kolkata,36,158,25,11.5,3,Groceries,Credit Card,1,1,5
1005827,Zepto,Kolkata,27,300,13,14.1,8,Beverages,Wallet,4,0,3
1005828,Big Basket,Hyderabad,30,637,12,2.5,14,Household,UPI,4,0,5
1005829,Blinkit,Haridwar,43,1166,22,2.0,13,Snacks,Credit Card,4,1,4
1005831,Swiggy Instamart,Hyderabad,44,1841,18,14.4,1,Snacks,Debit Card,2,1,2
1005832,Dunzo,Kolkata,40,50,15,8.5,3,Beverages,UPI,2,1,4
1005833,Dunzo,Noida,40,164,12,6.0,12,Personal Care,Cash on Delivery,4,0,5
1005834,Jio Mart,Jaipur,48,278,26,7.5,15,Household,Cash on Delivery,2,1,4
1005835,Swiggy Instamart,Pune,19,934,19,12.2,1,Personal Care,UPI,4,0,4
1005837,Blinkit,Pune,57,1009,13,2.9,19,Dairy,Wallet,3,1,5
1005838,Flipkart Minutes,Bengluru,50,881,13,2.4,10,Beverages,Credit Card,4,0,3
1005839,Dunzo,Delhi,24,317,7,13.5,16,Fruits & Vegetables,Debit Card,3,1,5
1005841,Flipkart Minutes,Delhi,26,1035,5,1.2,15,Fruits & Vegetables,UPI,4,0,4
1005842,Swiggy Instamart,Delhi,24,1323,7,12.4,3,Dairy,Credit Card,4,0,4
1005843,Amazon Now,Delhi,48,528,10,13.3,12,Personal Care,Cash on Delivery,3,0,5
1005844,Swiggy Instamart,Amritsar,28,830,16,10.6,11,Beverages,UPI,5,0,4
1005845,Big Basket,Hyderabad,46,495,17,5.4,9,Fruits & Vegetables,Cash on Delivery,4,0,4
1005846,Amazon Now,Chennai,24,1169,16,3.0,10,Snacks,Debit Card,4,1,3
1005847,Zepto,Hyderabad,23,374,9,9.9,4,Beverages,Debit Card,4,1,5
1005848,Blinkit,Chennai,51,50,12,2.0,3,Snacks,UPI,5,1,3
1005849,Swiggy Instamart,Chennai,51,50,14,4.3,13,Household,Debit Card,2,1,3
1005850,Dunzo,Amritsar,19,116,12,4.9,1,Personal Care,Cash on Delivery,4,0,4
1005851,Dunzo,Jaipur,40,50,20,11.6,19,Personal Care,Credit Card,4,0,5
1005852,Blinkit,Mumbai,34,1366,11,1.6,10,Groceries,Debit Card,5,0,5
1005853,Jio Mart,Kolkata,34,1099,22,7.5,12,Snacks,Wallet,5,0,3
1005854,Dunzo,Bengluru,46,645,12,5.5,14,Personal Care,Cash on Delivery,2,0,3
1005855,Amazon Now,Bengluru,25,50,18,5.9,12,Fruits & Vegetables,Cash on Delivery,3,1,5
1005856,Big Basket,Mumbai,35,684,23,11.1,15,Household,Debit Card,4,0,3
1005857,Amazon Now,Pune,46,87,19,5.9,3,Fruits & Vegetables,UPI,4,0,4
1005858,Dunzo,Pune,21,389,8,0.9,13,Beverages,UPI,1,1,4
1005860,Amazon Now,Jaipur,34,649,24,12.2,1,Personal Care,Wallet,4,0,3
1005861,Dunzo,Bengluru,38,573,13,4.2,5,Snacks,Wallet,4,1,4
1005862,Dunzo,Mumbai,34,721,15,10.2,19,Personal Care,Credit Card,2,0,3
1005863,Amazon Now,Gurgaon,50,404,15,3.1,11,Personal Care,Wallet,1,0,3
1005864,Flipkart Minutes,Bengluru,54,298,17,7.0,18,Beverages,Debit Card,3,1,4
1005865,Swiggy Instamart,Noida,28,991,19,11.7,15,Personal Care,Credit Card,3,0,4
1005866,Jio Mart,Noida,32,437,20,3.6,11,Dairy,UPI,3,0,4
1005867,Blinkit,Delhi,26,661,5,3.5,11,Snacks,UPI,4,0,3
1005868,Amazon Now,Amritsar,30,1174,23,12.9,1,Personal Care,UPI,4,1,4
1005869,Amazon Now,Kolkata,26,811,21,12.5,18,Groceries,Credit Card,1,0,5
1005870,Jio Mart,Noida,21,525,21,9.1,15,Beverages,Credit Card,3,0,3
1005871,Jio Mart,Jaipur,49,151,29,11.6,19,Groceries,Cash on Delivery,1,0,5
1005872,Big Basket,Noida,37,528,17,6.3,6,Beverages,UPI,4,0,3
1005874,Jio Mart,Hyderabad,26,321,23,9.3,8,Dairy,Credit Card,1,1,3
1005875,Amazon Now,Jaipur,19,786,24,6.3,4,Dairy,Credit Card,3,0,3
1005876,Blinkit,Delhi,22,50,5,3.9,4,Personal Care,Cash on Delivery,3,0,5
1005877,Amazon Now,Jaipur,50,648,24,11.6,14,Fruits & Vegetables,Debit Card,3,0,3
1005878,Flipkart Minutes,Noida,28,656,14,4.0,5,Dairy,Wallet,1,0,4
1005879,Swiggy Instamart,Hyderabad,54,369,13,4.4,9,Household,UPI,5,1,3
1005880,Jio Mart,Gurgaon,34,593,25,12.2,10,Dairy,Debit Card,2,0,5
1005881,Big Basket,Bengluru,27,310,20,9.6,9,Personal Care,Credit Card,2,0,5
1005882,Dunzo,Pune,58,1362,13,6.4,19,Snacks,Wallet,4,1,3
1005883,Zepto,Delhi,36,626,5,8.5,2,Beverages,Credit Card,5,0,4
1005884,Amazon Now,Noida,27,458,18,8.4,7,Beverages,Cash on Delivery,2,0,3
1005885,Swiggy Instamart,Pune,44,386,16,8.9,10,Beverages,Cash on Delivery,5,0,3
1005886,Jio Mart,Gurgaon,27,710,23,10.2,14,Fruits & Vegetables,UPI,2,1,4
1005887,Swiggy Instamart,Noida,18,50,20,13.8,11,Groceries,UPI,3,0,4
1005888,Swiggy Instamart,Delhi,45,269,7,7.9,6,Fruits & Vegetables,Credit Card,3,0,4
1005889,Flipkart Minutes,Chennai,58,547,14,4.2,15,Household,Cash on Delivery,3,1,4
1005890,Zepto,Mumbai,46,533,13,12.7,1,Household,Cash on Delivery,2,0,4
1005891,Swiggy Instamart,Mumbai,28,459,14,1.6,7,Dairy,Cash on Delivery,3,0,4
1005892,Blinkit,Hyderabad,59,179,13,3.8,18,Fruits & Vegetables,Credit Card,2,0,3
1005894,Big Basket,Kolkata,26,194,21,11.7,12,Personal Care,Debit Card,3,1,4
1005895,Swiggy Instamart,Jaipur,34,50,21,9.5,10,Household,UPI,3,1,4
1005896,Swiggy Instamart,Noida,59,777,20,15.0,18,Beverages,Debit Card,4,0,3
1005897,Amazon Now,Bengluru,28,530,20,6.7,1,Personal Care,Credit Card,4,0,3
1005898,Swiggy Instamart,Bengluru,38,1286,16,8.0,15,Dairy,Credit Card,3,1,4
1005899,Flipkart Minutes,Amritsar,53,203,12,3.6,3,Dairy,UPI,2,0,4
1005900,Amazon Now,Mumbai,18,328,24,11.6,6,Dairy,UPI,2,0,5
1005901,Big Basket,Amritsar,44,335,19,9.4,11,Personal Care,Debit Card,5,1,3
1005902,Big Basket,Jaipur,48,70,21,3.7,14,Beverages,Credit Card,3,0,4
1005903,Flipkart Minutes,Hyderabad,42,527,17,10.6,9,Snacks,Debit Card,1,0,3
1005904,Big Basket,Haridwar,18,521,30,8.7,7,Groceries,Debit Card,2,1,4
1005905,Dunzo,Delhi,19,1069,5,6.9,7,Groceries,Debit Card,4,0,4
1005906,Big Basket,Mumbai,47,1062,17,5.2,11,Snacks,UPI,3,1,3
1005907,Big Basket,Hyderabad,54,441,20,12.9,8,Personal Care,Wallet,3,0,5
1005908,Swiggy Instamart,Haridwar,29,602,25,6.2,6,Personal Care,Cash on Delivery,3,1,5
1005909,Flipkart Minutes,Mumbai,22,402,22,13.3,7,Dairy,Cash on Delivery,3,0,4
1005910,Dunzo,Noida,37,485,11,4.3,4,Fruits & Vegetables,Credit Card,2,0,4
1005911,Swiggy Instamart,Gurgaon,41,1767,19,12.1,5,Household,Wallet,2,1,4
1005912,Blinkit,Hyderabad,25,50,9,1.9,6,Beverages,Debit Card,4,0,4
1005913,Flipkart Minutes,Hyderabad,49,224,17,9.6,5,Groceries,Credit Card,4,0,4
1005914,Jio Mart,Mumbai,22,458,23,9.1,17,Fruits & Vegetables,Credit Card,2,0,4
1005915,Big Basket,Chennai,59,217,19,9.6,19,Groceries,Wallet,4,0,3
1005916,Dunzo,Bengluru,48,648,18,11.8,3,Fruits & Vegetables,Wallet,2,0,4
1005917,Zepto,Kolkata,59,463,8,9.6,1,Fruits & Vegetables,Cash on Delivery,2,0,4
1005919,Swiggy Instamart,Noida,32,181,19,12.2,16,Personal Care,UPI,5,0,3
1005920,Jio Mart,Kolkata,25,196,25,11.9,6,Snacks,Debit Card,3,1,4
1005921,Jio Mart,Chennai,37,1056,21,8.8,17,Household,Credit Card,1,1,4
1005922,Swiggy Instamart,Haridwar,50,794,29,12.7,17,Dairy,Cash on Delivery,2,0,4
1005923,Amazon Now,Amritsar,18,1172,21,14.0,10,Beverages,Debit Card,5,1,3
1005924,Zepto,Jaipur,38,134,15,8.2,19,Fruits & Vegetables,Credit Card,2,0,4
1005925,Zepto,Jaipur,21,50,16,12.0,13,Fruits & Vegetables,Cash on Delivery,3,1,3
1005926,Blinkit,Delhi,45,439,8,14.0,19,Personal Care,UPI,5,1,3
1005927,Swiggy Instamart,Chennai,45,190,16,12.2,18,Household,UPI,2,0,3
1005928,Big Basket,Chennai,24,50,16,7.2,19,Groceries,Cash on Delivery,3,1,4
1005929,Jio Mart,Haridwar,52,243,35,9.9,2,Dairy,Cash on Delivery,2,0,3
1005930,Flipkart Minutes,Gurgaon,19,1262,21,12.9,18,Groceries,UPI,2,1,3
1005931,Blinkit,Gurgaon,18,1208,11,4.4,11,Beverages,Debit Card,2,1,4
1005932,Amazon Now,Noida,39,439,15,2.2,14,Snacks,Cash on Delivery,2,0,3
1005933,Blinkit,Amritsar,44,1042,16,7.6,6,Beverages,Credit Card,5,1,3
1005934,Amazon Now,Bengluru,34,1139,14,1.2,19,Snacks,UPI,3,1,4
1005935,Amazon Now,Amritsar,48,795,18,10.5,10,Dairy,UPI,3,0,4
1005936,Jio Mart,Haridwar,21,303,36,13.1,11,Snacks,Credit Card,4,0,4
1005937,Jio Mart,Mumbai,55,420,22,5.0,10,Personal Care,UPI,3,1,4
1005938,Jio Mart,Pune,48,753,19,4.2,8,Household,UPI,3,1,4
1005939,Dunzo,Amritsar,31,467,10,4.5,2,Snacks,UPI,3,1,3
1005940,Big Basket,Bengluru,44,722,20,8.3,2,Dairy,Credit Card,2,0,5
1005941,Flipkart Minutes,Haridwar,58,937,30,12.2,5,Groceries,Wallet,3,1,3
1005942,Big Basket,Chennai,27,692,16,6.4,9,Household,Cash on Delivery,3,0,5
1005943,Swiggy Instamart,Jaipur,40,755,18,7.2,5,Personal Care,Debit Card,2,0,5
1005944,Jio Mart,Pune,29,700,19,1.3,13,Personal Care,Cash on Delivery,4,1,3
1005945,Swiggy Instamart,Kolkata,39,420,13,5.4,16,Household,UPI,2,0,4
1005946,Swiggy Instamart,Hyderabad,44,50,13,2.2,9,Snacks,Debit Card,2,0,3
1005947,Blinkit,Bengluru,46,827,17,13.9,17,Fruits & Vegetables,Wallet,4,0,5
1005948,Dunzo,Noida,28,561,9,3.3,1,Dairy,Cash on Delivery,1,0,3
1005949,Swiggy Instamart,Noida,47,972,12,3.4,13,Household,Cash on Delivery,4,1,3
1005950,Dunzo,Mumbai,26,473,17,13.4,6,Dairy,Wallet,3,0,4
1005951,Blinkit,Chennai,41,554,10,2.7,5,Beverages,Cash on Delivery,2,0,2
1005952,Amazon Now,Hyderabad,35,474,20,12.5,3,Household,Wallet,3,0,4
1005954,Swiggy Instamart,Haridwar,19,827,26,8.1,18,Dairy,UPI,1,1,4
1005955,Swiggy Instamart,Haridwar,39,1112,31,13.8,7,Dairy,Wallet,4,1,5
1005956,Flipkart Minutes,Pune,21,50,15,5.4,5,Household,Cash on Delivery,4,0,3
1005957,Amazon Now,Delhi,26,1010,6,1.3,17,Beverages,Cash on Delivery,2,1,4
1005958,Jio Mart,Noida,30,826,27,13.9,7,Beverages,Cash on Delivery,3,0,4
1005959,Flipkart Minutes,Kolkata,34,406,20,11.8,3,Fruits & Vegetables,Cash on Delivery,5,0,4
1005960,Swiggy Instamart,Amritsar,38,848,17,13.7,1,Fruits & Vegetables,Wallet,5,0,3
1005961,Big Basket,Delhi,44,1549,7,7.8,15,Snacks,Credit Card,2,1,3
1005962,Jio Mart,Hyderabad,19,50,27,14.4,2,Dairy,UPI,4,0,3
1005963,Blinkit,Hyderabad,57,453,18,11.2,9,Beverages,UPI,4,0,4
1005964,Zepto,Chennai,35,266,11,14.1,12,Snacks,Credit Card,5,0,3
1005965,Amazon Now,Mumbai,40,406,17,2.2,7,Fruits & Vegetables,Debit Card,3,1,3
1005966,Big Basket,Pune,20,357,20,14.7,14,Household,Wallet,2,0,3
1005967,Zepto,Haridwar,31,274,22,7.8,6,Fruits & Vegetables,Cash on Delivery,2,1,3
1005968,Amazon Now,Gurgaon,23,482,17,9.0,16,Groceries,Wallet,4,0,4
1005969,Big Basket,Pune,25,50,18,8.5,13,Fruits & Vegetables,Debit Card,4,0,4
1005970,Dunzo,Amritsar,30,541,13,5.7,11,Fruits & Vegetables,Wallet,4,0,3
1005971,Amazon Now,Chennai,18,198,16,6.0,7,Personal Care,UPI,4,0,4
1005975,Flipkart Minutes,Delhi,54,50,7,8.3,16,Dairy,Wallet,4,1,3
1005976,Dunzo,Noida,38,1342,13,9.2,19,Dairy,Credit Card,1,1,4
1005977,Flipkart Minutes,Noida,43,770,21,14.3,19,Household,Debit Card,2,0,3
1005978,Amazon Now,Gurgaon,51,151,15,5.8,12,Household,Credit Card,5,1,5
1005979,Big Basket,Chennai,25,50,12,1.5,9,Fruits & Vegetables,Debit Card,4,0,4
1005980,Swiggy Instamart,Mumbai,21,1290,16,7.3,16,Personal Care,Debit Card,2,1,3
1005981,Big Basket,Kolkata,37,1158,18,7.6,7,Household,Debit Card,4,1,5
1005982,Jio Mart,Delhi,49,512,14,12.5,8,Beverages,Credit Card,1,1,4
1005983,Zepto,Amritsar,18,494,14,14.8,7,Groceries,Debit Card,4,0,4
1005984,Flipkart Minutes,Bengluru,25,430,15,4.7,5,Beverages,Wallet,3,0,3
1005985,Dunzo,Bengluru,48,76,15,7.6,18,Dairy,Credit Card,2,0,5
1005986,Swiggy Instamart,Noida,40,480,18,12.3,5,Dairy,UPI,4,0,4
1005987,Zepto,Delhi,56,967,5,14.5,7,Groceries,UPI,2,1,4
1005988,Blinkit,Bengluru,27,1389,16,11.8,8,Dairy,UPI,5,1,4
1005989,Flipkart Minutes,Chennai,55,160,14,7.3,17,Groceries,Debit Card,2,0,4
1005990,Amazon Now,Pune,50,337,17,4.1,11,Dairy,Debit Card,4,0,3
1005991,Swiggy Instamart,Noida,47,1044,14,6.3,17,Snacks,UPI,4,0,4
1005992,Jio Mart,Haridwar,30,526,34,7.5,6,Household,Wallet,4,0,4
1005993,Zepto,Hyderabad,50,1208,14,14.3,13,Dairy,Cash on Delivery,3,1,4
1005994,Dunzo,Noida,24,245,11,6.8,16,Beverages,Debit Card,3,0,3
1005995,Dunzo,Hyderabad,38,218,12,6.0,18,Personal Care,UPI,3,0,3
1005996,Jio Mart,Bengluru,25,526,27,14.2,10,Groceries,Credit Card,2,1,4
1005997,Flipkart Minutes,Jaipur,39,217,26,14.4,10,Fruits & Vegetables,Wallet,2,1,5
1005998,Jio Mart,Noida,57,184,28,14.8,13,Fruits & Vegetables,Credit Card,2,1,3
1005999,Swiggy Instamart,Chennai,44,600,15,6.0,6,Groceries,Credit Card,3,0,4
1006000,Dunzo,Jaipur,33,90,22,12.4,18,Dairy,Debit Card,1,0,5
1006001,Jio Mart,Kolkata,48,770,28,14.9,10,Snacks,Debit Card,3,1,3
1006002,Swiggy Instamart,Haridwar,55,617,26,3.1,5,Fruits & Vegetables,UPI,3,0,4
1006003,Swiggy Instamart,Kolkata,38,63,15,5.6,17,Groceries,Debit Card,4,1,3
1006005,Swiggy Instamart,Kolkata,35,1214,16,6.0,19,Snacks,Debit Card,5,1,3
1006006,Flipkart Minutes,Noida,34,589,11,1.7,1,Groceries,Cash on Delivery,2,1,2
1006007,Zepto,Pune,58,577,8,10.1,5,Fruits & Vegetables,Wallet,2,0,5
1006008,Jio Mart,Delhi,25,370,11,6.9,19,Fruits & Vegetables,Credit Card,2,0,4
1006009,Zepto,Haridwar,40,486,19,5.9,19,Dairy,Cash on Delivery,3,0,4
1006010,Dunzo,Amritsar,25,74,16,13.2,18,Beverages,Cash on Delivery,1,1,5
1006011,Jio Mart,Noida,35,528,21,7.9,5,Snacks,Debit Card,4,0,4
1006012,Jio Mart,Hyderabad,26,1067,19,2.1,13,Beverages,UPI,3,0,4
1006013,Zepto,Jaipur,35,213,11,5.7,5,Beverages,Debit Card,4,0,5
1006014,Flipkart Minutes,Bengluru,43,404,20,9.3,19,Snacks,Wallet,4,1,3
1006015,Big Basket,Pune,52,142,21,12.3,18,Personal Care,Cash on Delivery,4,1,4
1006016,Jio Mart,Kolkata,43,149,23,6.2,19,Snacks,UPI,2,0,4
1006017,Dunzo,Bengluru,45,1530,18,11.3,4,Beverages,Debit Card,3,1,4
1006018,Dunzo,Delhi,41,911,5,1.9,6,Snacks,Cash on Delivery,3,0,3
1006019,Dunzo,Amritsar,49,800,8,0.7,16,Beverages,Debit Card,1,0,3
1006020,Big Basket,Jaipur,24,591,23,9.3,9,Household,UPI,3,1,4
1006021,Zepto,Delhi,46,1975,5,7.7,17,Household,Cash on Delivery,4,1,4
1006022,Flipkart Minutes,Mumbai,20,771,18,9.9,5,Groceries,Wallet,5,1,4
1006023,Amazon Now,Kolkata,23,258,17,5.2,14,Household,Credit Card,4,0,5
1006024,Jio Mart,Delhi,53,781,10,3.5,18,Groceries,Credit Card,4,0,4
1006025,Dunzo,Jaipur,28,556,19,7.8,5,Fruits & Vegetables,Debit Card,3,1,4
1006026,Big Basket,Hyderabad,28,483,13,4.1,8,Household,UPI,4,0,3
1006027,Flipkart Minutes,Jaipur,39,235,19,4.9,7,Fruits & Vegetables,UPI,4,0,4
1006028,Blinkit,Chennai,55,523,11,5.7,6,Groceries,Credit Card,3,0,5
1006029,Flipkart Minutes,Jaipur,25,50,21,9.7,18,Dairy,Wallet,3,0,3
1006030,Jio Mart,Jaipur,55,303,27,5.2,18,Snacks,UPI,5,0,4
1006031,Zepto,Hyderabad,29,171,10,12.5,10,Snacks,Credit Card,3,0,5
1006032,Blinkit,Haridwar,32,164,22,0.6,16,Household,Cash on Delivery,4,0,4
1006033,Swiggy Instamart,Pune,19,1827,12,3.0,6,Beverages,UPI,3,1,4
1006034,Jio Mart,Hyderabad,38,459,27,14.1,4,Personal Care,Credit Card,1,1,4
1006035,Jio Mart,Hyderabad,52,305,20,2.1,7,Dairy,Debit Card,2,1,5
1006036,Big Basket,Pune,48,324,14,1.6,6,Snacks,Credit Card,4,0,3
1006037,Swiggy Instamart,Kolkata,58,277,16,8.0,2,Groceries,Wallet,4,1,4
1006038,Big Basket,Mumbai,51,1331,16,3.9,18,Snacks,Wallet,4,1,4
1006039,Big Basket,Mumbai,38,756,20,9.5,7,Fruits & Vegetables,Wallet,5,1,4
1006040,Swiggy Instamart,Gurgaon,54,1168,20,12.5,1,Household,UPI,2,1,3
1006041,Amazon Now,Pune,56,50,13,1.6,18,Dairy,Credit Card,1,0,4
1006042,Zepto,Delhi,28,1243,5,4.7,10,Snacks,Credit Card,4,1,4
1006043,Zepto,Hyderabad,49,814,11,13.4,19,Beverages,Wallet,3,1,4
1006044,Big Basket,Delhi,54,793,13,14.3,11,Groceries,Credit Card,5,1,4
1006045,Flipkart Minutes,Delhi,47,682,5,4.6,13,Groceries,Wallet,3,1,3
1006046,Swiggy Instamart,Chennai,23,460,17,10.8,10,Fruits & Vegetables,Credit Card,4,0,3
1006047,Flipkart Minutes,Noida,20,838,19,14.2,16,Fruits & Vegetables,Cash on Delivery,2,0,4
1006048,Jio Mart,Chennai,46,636,25,14.8,8,Fruits & Vegetables,Cash on Delivery,3,0,4
1006049,Dunzo,Hyderabad,41,1014,17,11.0,8,Fruits & Vegetables,UPI,3,0,4
1006050,Flipkart Minutes,Pune,45,428,19,11.0,9,Groceries,UPI,3,0,4
1006051,Jio Mart,Mumbai,54,750,25,7.9,15,Dairy,Wallet,2,0,4
1006052,Big Basket,Noida,36,930,20,13.1,14,Personal Care,Cash on Delivery,2,1,5
1006053,Zepto,Bengluru,37,490,7,5.3,3,Dairy,UPI,5,0,5
1006054,Big Basket,Bengluru,37,555,22,14.8,12,Household,Wallet,5,0,4
1006055,Swiggy Instamart,Mumbai,51,1334,20,9.2,14,Personal Care,Wallet,2,1,4
1006056,Amazon Now,Kolkata,27,267,18,10.3,15,Personal Care,Credit Card,4,1,4
1006057,Blinkit,Jaipur,20,981,21,7.8,14,Household,Wallet,2,0,4
1006058,Blinkit,Jaipur,22,756,16,5.7,9,Groceries,Debit Card,2,0,3
1006059,Jio Mart,Amritsar,30,97,22,4.7,13,Household,Cash on Delivery,1,0,4
1006060,Dunzo,Mumbai,18,604,15,4.9,7,Beverages,Debit Card,1,0,4
1006061,Jio Mart,Noida,20,684,19,5.4,18,Personal Care,Credit Card,5,0,4
1006062,Amazon Now,Delhi,49,765,8,8.1,12,Beverages,Wallet,2,1,3
1006063,Swiggy Instamart,Delhi,51,161,5,10.6,3,Fruits & Vegetables,UPI,3,0,4
1006064,Amazon Now,Hyderabad,31,549,13,2.4,8,Snacks,Debit Card,1,0,4
1006065,Jio Mart,Bengluru,24,575,26,11.3,10,Dairy,Debit Card,3,0,4
1006066,Dunzo,Pune,57,194,11,5.0,15,Snacks,Credit Card,2,0,4
1006067,Dunzo,Haridwar,36,615,21,1.7,7,Household,Cash on Delivery,3,1,5
1006069,Swiggy Instamart,Jaipur,59,733,21,8.2,8,Beverages,Cash on Delivery,1,1,3
1006070,Flipkart Minutes,Amritsar,53,1255,13,1.3,19,Household,UPI,3,1,3
1006071,Dunzo,Pune,39,368,17,15.0,1,Fruits & Vegetables,UPI,1,1,3
1006072,Zepto,Delhi,56,519,5,4.8,9,Dairy,Debit Card,5,0,5
1006073,Blinkit,Kolkata,23,603,11,2.9,14,Personal Care,Credit Card,5,1,4
1006074,Amazon Now,Hyderabad,52,1146,20,7.8,17,Personal Care,Debit Card,3,1,3
1006075,Blinkit,Amritsar,47,260,18,14.1,19,Fruits & Vegetables,Cash on Delivery,4,0,3
1006076,Swiggy Instamart,Hyderabad,54,489,14,8.1,19,Fruits & Vegetables,Wallet,3,0,3
1006077,Dunzo,Bengluru,36,81,15,8.7,10,Personal Care,Wallet,3,0,3
1006078,Swiggy Instamart,Kolkata,28,1126,11,2.4,11,Groceries,Credit Card,2,1,4
1006079,Blinkit,Gurgaon,42,813,18,14.5,6,Fruits & Vegetables,Wallet,5,0,3
1006080,Dunzo,Amritsar,59,50,14,7.2,11,Fruits & Vegetables,UPI,2,1,3
1006081,Jio Mart,Noida,37,632,19,3.8,3,Household,Wallet,3,1,3
1006082,Flipkart Minutes,Mumbai,54,458,21,11.2,3,Beverages,Debit Card,5,0,3
1006083,Zepto,Haridwar,50,557,17,2.0,15,Personal Care,Credit Card,3,1,4
1006084,Jio Mart,Delhi,53,893,9,3.7,12,Dairy,UPI,4,0,4
1006085,Blinkit,Hyderabad,33,260,16,8.6,2,Beverages,Credit Card,2,1,4
1006086,Dunzo,Gurgaon,41,1282,15,8.1,16,Personal Care,Credit Card,3,1,5
1006088,Swiggy Instamart,Jaipur,44,201,24,11.7,16,Snacks,Credit Card,3,0,4
1006090,Blinkit,Pune,56,574,13,6.8,6,Fruits & Vegetables,Debit Card,4,0,4
1006091,Blinkit,Noida,50,705,16,11.8,15,Fruits & Vegetables,UPI,3,0,4
1006092,Big Basket,Hyderabad,48,981,20,12.6,19,Beverages,Cash on Delivery,1,1,3
1006093,Big Basket,Delhi,22,655,8,8.8,19,Snacks,Credit Card,2,0,4
1006094,Flipkart Minutes,Gurgaon,47,218,14,1.3,9,Groceries,Wallet,3,1,2
1006095,Swiggy Instamart,Amritsar,18,1496,18,10.5,13,Dairy,Credit Card,3,1,4
1006097,Flipkart Minutes,Kolkata,56,322,14,2.6,6,Groceries,Cash on Delivery,2,0,4
1006098,Blinkit,Hyderabad,25,860,12,4.3,1,Groceries,Cash on Delivery,4,0,4
1006099,Amazon Now,Noida,56,406,16,1.3,10,Fruits & Vegetables,Wallet,1,0,4
1006100,Swiggy Instamart,Chennai,53,161,13,5.1,18,Dairy,Debit Card,5,0,2
1006101,Jio Mart,Amritsar,43,1294,27,14.3,14,Fruits & Vegetables,Wallet,4,1,4
1006103,Blinkit,Kolkata,29,232,12,1.5,12,Fruits & Vegetables,Cash on Delivery,5,1,4
1006104,Swiggy Instamart,Haridwar,48,775,28,9.3,18,Fruits & Vegetables,Debit Card,4,1,5
1006105,Zepto,Delhi,38,757,5,5.6,14,Fruits & Vegetables,Credit Card,4,0,3
1006106,Big Basket,Chennai,56,1032,15,2.7,11,Beverages,Debit Card,2,1,4
1006107,Jio Mart,Kolkata,50,602,26,14.2,7,Personal Care,Credit Card,3,0,5
1006108,Jio Mart,Hyderabad,48,493,23,6.0,6,Household,Debit Card,1,0,4
1006109,Flipkart Minutes,Gurgaon,55,50,13,2.0,11,Personal Care,Credit Card,5,0,4
1006110,Blinkit,Jaipur,26,50,18,5.9,19,Snacks,Wallet,2,1,3
1006111,Blinkit,Amritsar,41,983,18,11.2,11,Dairy,Wallet,4,1,4
1006112,Swiggy Instamart,Kolkata,47,135,15,10.7,19,Household,Cash on Delivery,3,0,3
1006113,Jio Mart,Bengluru,38,50,25,11.7,9,Groceries,Wallet,2,1,3
1006114,Amazon Now,Amritsar,46,51,16,3.7,12,Snacks,Credit Card,1,0,5
1006115,Big Basket,Jaipur,56,110,19,4.3,16,Personal Care,UPI,3,0,4
1006116,Amazon Now,Pune,44,383,16,3.5,18,Snacks,UPI,5,0,5
1006117,Jio Mart,Pune,52,58,21,4.0,3,Beverages,Debit Card,2,1,3
1006118,Flipkart Minutes,Kolkata,40,468,14,1.3,3,Beverages,Cash on Delivery,3,0,5
1006119,Jio Mart,Jaipur,18,50,26,7.9,1,Household,Credit Card,4,0,4
1006120,Jio Mart,Haridwar,50,404,35,10.7,12,Household,Cash on Delivery,3,1,4
1006121,Zepto,Gurgaon,21,1655,5,2.0,12,Personal Care,UPI,3,0,3
1006122,Zepto,Delhi,45,836,5,8.0,19,Dairy,UPI,5,0,3
1006123,Zepto,Bengluru,22,428,5,2.0,1,Dairy,Cash on Delivery,4,0,3
1006124,Blinkit,Haridwar,52,725,24,6.8,5,Fruits & Vegetables,Credit Card,2,0,4
1006125,Zepto,Noida,42,581,5,5.0,9,Snacks,Cash on Delivery,5,0,3
1006126,Zepto,Mumbai,46,676,9,4.7,3,Snacks,Wallet,2,0,3
1006127,Zepto,Noida,21,734,8,9.8,4,Personal Care,Cash on Delivery,2,1,4
1006128,Amazon Now,Delhi,23,279,11,10.7,6,Household,Wallet,3,0,4
1006129,Flipkart Minutes,Gurgaon,36,432,18,9.8,14,Beverages,UPI,2,0,3
1006130,Dunzo,Bengluru,19,190,16,13.6,13,Fruits & Vegetables,Credit Card,4,0,3
1006131,Jio Mart,Pune,46,730,22,5.8,4,Fruits & Vegetables,Wallet,5,0,4
1006132,Jio Mart,Noida,53,265,24,11.6,1,Dairy,Wallet,4,0,3
1006133,Big Basket,Delhi,25,541,7,5.9,9,Beverages,Debit Card,3,1,4
1006134,Amazon Now,Haridwar,46,986,28,7.0,4,Groceries,Debit Card,3,1,4
1006135,Blinkit,Hyderabad,37,90,11,2.1,7,Household,UPI,2,0,4
1006136,Zepto,Gurgaon,45,266,9,6.1,2,Groceries,Debit Card,4,0,4
1006137,Blinkit,Kolkata,44,593,14,9.0,6,Snacks,Debit Card,4,0,4
1006138,Zepto,Kolkata,50,453,6,5.9,4,Personal Care,Debit Card,4,1,4
1006139,Amazon Now,Bengluru,42,50,21,13.8,17,Snacks,Wallet,2,1,5
1006140,Amazon Now,Mumbai,18,739,23,9.3,5,Dairy,Wallet,3,1,4
1006141,Flipkart Minutes,Noida,29,859,11,1.4,17,Snacks,Wallet,2,0,4
1006142,Swiggy Instamart,Gurgaon,47,836,12,2.1,16,Dairy,Credit Card,5,1,5
1006143,Blinkit,Mumbai,27,282,17,12.5,6,Fruits & Vegetables,Credit Card,2,1,3
1006144,Blinkit,Hyderabad,55,262,12,6.2,12,Household,UPI,4,0,5
1006145,Flipkart Minutes,Pune,59,1739,12,1.1,10,Groceries,Wallet,5,1,4
1006146,Swiggy Instamart,Mumbai,37,575,13,3.8,6,Beverages,UPI,4,1,5
1006147,Flipkart Minutes,Bengluru,32,433,16,3.2,8,Fruits & Vegetables,Cash on Delivery,3,0,4
1006148,Dunzo,Amritsar,56,410,13,4.7,8,Fruits & Vegetables,Cash on Delivery,1,0,3
1006149,Dunzo,Noida,39,693,7,0.8,18,Personal Care,Wallet,3,1,4
1006150,Big Basket,Pune,32,825,17,8.0,14,Household,Wallet,4,0,3
1006151,Amazon Now,Bengluru,29,552,15,1.5,14,Fruits & Vegetables,Credit Card,2,0,4
1006152,Zepto,Kolkata,19,397,13,12.6,5,Snacks,Wallet,3,1,3
1006153,Blinkit,Amritsar,31,1452,16,12.7,12,Groceries,Wallet,4,1,4
1006154,Jio Mart,Haridwar,54,345,33,7.0,7,Snacks,Debit Card,3,0,4
1006155,Big Basket,Mumbai,37,662,17,2.4,12,Groceries,Credit Card,5,0,3
1006156,Swiggy Instamart,Hyderabad,39,862,12,1.3,4,Snacks,Cash on Delivery,4,1,3
1006157,Swiggy Instamart,Jaipur,40,790,24,12.3,12,Personal Care,Debit Card,3,1,4
1006158,Dunzo,Mumbai,45,914,10,2.4,2,Groceries,Cash on Delivery,4,1,4
1006159,Blinkit,Noida,25,973,17,14.4,9,Fruits & Vegetables,Cash on Delivery,5,1,5
1006160,Big Basket,Delhi,36,281,5,3.6,3,Snacks,Cash on Delivery,4,0,4
1006161,Dunzo,Kolkata,52,873,13,5.2,13,Personal Care,Debit Card,3,1,4
1006162,Dunzo,Mumbai,44,617,17,11.6,6,Household,Debit Card,3,0,5
1006163,Jio Mart,Delhi,47,403,10,1.9,19,Fruits & Vegetables,Cash on Delivery,3,0,4
1006164,Swiggy Instamart,Haridwar,31,660,22,0.5,12,Personal Care,Debit Card,2,0,3
1006165,Jio Mart,Gurgaon,45,1027,18,2.6,5,Dairy,Debit Card,2,1,4
1006166,Blinkit,Pune,25,990,15,10.8,11,Household,Debit Card,5,1,3
1006167,Big Basket,Kolkata,35,335,18,7.5,8,Household,Credit Card,1,0,4
1006168,Swiggy Instamart,Jaipur,31,50,19,3.5,4,Fruits & Vegetables,Wallet,3,1,3
1006169,Jio Mart,Pune,43,480,21,4.7,18,Fruits & Vegetables,Credit Card,3,1,4
1006170,Dunzo,Hyderabad,41,227,15,12.5,19,Household,Wallet,4,0,4
1006171,Dunzo,Amritsar,56,216,8,0.8,3,Fruits & Vegetables,Debit Card,2,0,4
1006172,Jio Mart,Delhi,33,410,9,2.4,2,Household,Credit Card,3,0,5
1006173,Amazon Now,Chennai,39,376,22,11.7,6,Dairy,Wallet,2,0,3
1006174,Jio Mart,Delhi,41,781,8,3.4,15,Groceries,UPI,1,0,4
1006175,Blinkit,Chennai,24,321,18,14.5,2,Groceries,UPI,2,0,5
1006176,Big Basket,Gurgaon,41,646,14,3.9,9,Snacks,Cash on Delivery,4,1,4
1006177,Swiggy Instamart,Bengluru,26,1160,20,13.4,5,Household,Wallet,4,1,3
1006178,Big Basket,Jaipur,18,464,19,5.2,13,Fruits & Vegetables,Credit Card,3,0,5
1006179,Amazon Now,Haridwar,27,282,27,1.6,10,Groceries,Cash on Delivery,3,1,5
1006180,Zepto,Jaipur,50,774,18,13.2,7,Household,Wallet,3,0,4
1006181,Dunzo,Hyderabad,22,1494,9,2.6,17,Snacks,Debit Card,1,1,3
1006182,Big Basket,Kolkata,46,631,14,3.7,10,Dairy,Credit Card,3,0,5
1006183,Dunzo,Bengluru,49,512,17,13.0,10,Household,Cash on Delivery,2,0,4
1006185,Blinkit,Bengluru,51,1508,13,2.4,12,Snacks,Debit Card,4,1,4
1006186,Blinkit,Jaipur,50,1036,16,3.7,18,Beverages,Credit Card,3,1,4
1006187,Amazon Now,Kolkata,41,1196,20,10.9,9,Snacks,Credit Card,3,1,4
1006188,Amazon Now,Delhi,36,1235,8,4.8,18,Dairy,Cash on Delivery,4,1,3
1006189,Flipkart Minutes,Amritsar,25,601,19,12.0,18,Fruits & Vegetables,Cash on Delivery,3,1,3
1006190,Amazon Now,Delhi,27,201,6,2.7,8,Household,UPI,5,0,4
1006191,Blinkit,Haridwar,28,491,30,13.8,16,Household,Credit Card,5,1,4
1006192,Jio Mart,Mumbai,44,173,28,12.0,1,Snacks,Debit Card,5,1,4
1006194,Swiggy Instamart,Bengluru,30,723,20,11.1,10,Household,Credit Card,5,0,3
1006195,Jio Mart,Haridwar,44,111,33,6.0,8,Beverages,Wallet,2,0,4
1006196,Dunzo,Chennai,56,224,18,13.6,11,Snacks,Debit Card,2,0,4
1006197,Dunzo,Noida,38,769,15,14.1,17,Snacks,Debit Card,2,1,4
1006198,Jio Mart,Gurgaon,20,535,25,11.4,16,Groceries,UPI,2,0,3
1006199,Flipkart Minutes,Kolkata,24,537,15,6.5,14,Household,Credit Card,5,0,4
1006200,Swiggy Instamart,Haridwar,53,743,23,0.6,13,Beverages,Cash on Delivery,4,0,4
1006201,Zepto,Jaipur,25,921,17,14.4,19,Groceries,Wallet,5,1,5
1006202,Amazon Now,Bengluru,44,110,15,2.4,4,Beverages,Credit Card,4,1,4
1006203,Dunzo,Jaipur,29,491,20,9.7,7,Household,Credit Card,2,1,4
1006204,Dunzo,Gurgaon,45,891,11,3.9,2,Personal Care,Credit Card,3,0,4
1006205,Dunzo,Bengluru,44,114,10,2.9,11,Groceries,Wallet,2,1,4
1006206,Jio Mart,Pune,26,496,19,4.9,18,Dairy,UPI,5,1,4
1006207,Flipkart Minutes,Pune,27,478,18,10.8,10,Beverages,Debit Card,2,0,4
1006208,Amazon Now,Noida,54,720,20,14.0,19,Personal Care,Cash on Delivery,3,0,4
1006209,Blinkit,Amritsar,46,417,17,9.4,17,Beverages,Wallet,3,1,3
1006210,Amazon Now,Pune,32,156,16,4.8,2,Groceries,Debit Card,5,1,3
1006211,Flipkart Minutes,Jaipur,37,595,22,6.6,6,Snacks,UPI,3,0,5
1006212,Amazon Now,Pune,41,356,15,1.4,12,Household,Debit Card,2,0,5
1006213,Jio Mart,Amritsar,21,411,24,11.0,3,Household,Debit Card,3,0,4
1006214,Dunzo,Pune,22,154,9,3.6,5,Dairy,Cash on Delivery,2,0,3
1006215,Blinkit,Kolkata,33,1614,13,6.1,19,Personal Care,Debit Card,4,1,4
1006216,Big Basket,Noida,34,1300,18,9.5,8,Groceries,UPI,4,1,3
1006217,Zepto,Noida,30,1087,5,2.6,2,Household,Cash on Delivery,2,0,4
1006218,Jio Mart,Delhi,29,586,16,13.8,16,Fruits & Vegetables,Debit Card,3,1,4
1006219,Amazon Now,Chennai,35,700,14,1.2,2,Groceries,UPI,3,0,4
1006220,Flipkart Minutes,Gurgaon,33,349,22,14.5,9,Beverages,Cash on Delivery,3,0,4
1006221,Zepto,Amritsar,28,788,11,10.6,9,Beverages,Debit Card,4,1,3
1006222,Jio Mart,Hyderabad,57,830,23,12.2,7,Dairy,Cash on Delivery,3,0,3
1006223,Amazon Now,Hyderabad,32,994,16,3.4,6,Snacks,Wallet,3,1,4
1006225,Flipkart Minutes,Mumbai,31,780,24,14.7,10,Groceries,Wallet,2,0,4
1006226,Swiggy Instamart,Chennai,24,181,13,6.6,8,Personal Care,Debit Card,5,1,4
1006227,Big Basket,Haridwar,52,186,30,7.3,10,Personal Care,UPI,3,1,3
1006229,Big Basket,Delhi,32,701,9,9.8,6,Personal Care,Cash on Delivery,2,0,4
1006230,Amazon Now,Gurgaon,27,714,16,4.8,17,Fruits & Vegetables,Debit Card,3,0,3
1006231,Zepto,Noida,46,648,12,13.6,3,Household,Cash on Delivery,2,0,5
1006232,Zepto,Amritsar,49,547,5,1.5,1,Dairy,Cash on Delivery,5,0,3
1006233,Big Basket,Mumbai,51,319,23,13.0,3,Beverages,Wallet,3,0,4
1006234,Flipkart Minutes,Pune,25,674,17,11.3,16,Household,Credit Card,5,0,3
1006235,Dunzo,Mumbai,28,953,16,12.4,4,Dairy,UPI,4,0,4
1006236,Blinkit,Gurgaon,58,577,17,11.9,3,Beverages,Debit Card,2,0,3
1006237,Zepto,Jaipur,34,557,17,13.6,10,Personal Care,Cash on Delivery,3,0,4
1006238,Swiggy Instamart,Gurgaon,49,692,13,5.7,12,Household,Wallet,3,0,3
1006239,Dunzo,Chennai,50,645,10,3.0,16,Household,Debit Card,1,1,4
1006240,Jio Mart,Mumbai,49,574,24,7.0,15,Household,Debit Card,4,0,4
1006241,Swiggy Instamart,Hyderabad,47,215,17,9.7,19,Personal Care,Debit Card,4,1,5
1006243,Swiggy Instamart,Chennai,59,713,14,6.4,3,Household,Debit Card,4,1,5
1006244,Swiggy Instamart,Chennai,28,793,14,7.4,3,Dairy,Cash on Delivery,2,1,5
1006245,Blinkit,Bengluru,32,621,15,8.7,7,Fruits & Vegetables,UPI,5,0,3
1006246,Blinkit,Chennai,53,50,13,5.4,11,Dairy,Debit Card,3,1,3
1006247,Big Basket,Gurgaon,27,157,22,14.7,17,Household,Debit Card,2,1,4
1006248,Jio Mart,Delhi,57,405,13,8.3,10,Household,Debit Card,4,0,5
1006249,Swiggy Instamart,Amritsar,58,690,21,14.9,6,Fruits & Vegetables,Wallet,4,0,4
1006250,Zepto,Mumbai,29,664,8,1.4,10,Beverages,Credit Card,4,0,4
1006251,Big Basket,Kolkata,22,315,16,5.3,15,Groceries,Debit Card,3,0,3
1006253,Flipkart Minutes,Delhi,25,483,11,14.9,18,Dairy,UPI,3,0,5
1006254,Jio Mart,Jaipur,56,287,30,11.6,12,Personal Care,UPI,2,1,4
1006255,Swiggy Instamart,Amritsar,30,265,13,6.3,11,Beverages,Credit Card,3,1,3
1006256,Dunzo,Gurgaon,55,578,9,2.5,19,Groceries,Cash on Delivery,2,0,2
1006257,Jio Mart,Pune,54,119,25,9.6,10,Dairy,Credit Card,3,0,4
1006258,Jio Mart,Mumbai,59,151,27,9.4,12,Personal Care,Cash on Delivery,4,0,4
1006259,Amazon Now,Hyderabad,26,813,16,3.2,12,Groceries,Cash on Delivery,4,0,4
1006260,Amazon Now,Delhi,53,165,9,9.5,1,Dairy,Cash on Delivery,4,0,4
1006262,Amazon Now,Mumbai,18,587,23,11.8,10,Dairy,Wallet,1,0,5
1006263,Blinkit,Jaipur,54,286,21,8.7,6,Groceries,Debit Card,4,0,4
1006265,Zepto,Gurgaon,51,720,6,6.9,13,Snacks,Credit Card,3,0,4
1006266,Swiggy Instamart,Mumbai,36,50,13,3.2,17,Snacks,Debit Card,4,0,3
1006267,Amazon Now,Haridwar,25,461,34,12.8,13,Fruits & Vegetables,UPI,3,0,3
1006268,Zepto,Hyderabad,39,318,12,11.6,5,Beverages,UPI,1,1,5
1006270,Dunzo,Delhi,49,368,5,11.5,13,Fruits & Vegetables,UPI,1,0,3
1006271,Dunzo,Noida,36,915,11,6.5,5,Beverages,Wallet,1,0,4
1006272,Dunzo,Pune,24,1766,11,2.7,17,Household,Debit Card,1,1,4
1006273,Big Basket,Pune,21,653,14,5.0,6,Groceries,Debit Card,2,1,4
1006274,Swiggy Instamart,Amritsar,45,458,13,4.4,9,Groceries,Credit Card,5,0,4
1006275,Dunzo,Delhi,23,146,5,8.2,19,Groceries,Debit Card,4,0,4
1006276,Blinkit,Hyderabad,47,1220,14,5.1,17,Household,Cash on Delivery,1,1,5
1006277,Zepto,Amritsar,20,50,5,3.8,8,Groceries,Wallet,5,0,3
1006278,Big Basket,Mumbai,32,859,22,10.9,18,Household,Wallet,5,1,3
1006279,Blinkit,Amritsar,20,633,16,8.4,13,Personal Care,Wallet,4,1,4
1006280,Jio Mart,Noida,28,315,20,2.0,10,Snacks,Debit Card,2,0,5
1006281,Jio Mart,Gurgaon,27,1140,25,12.4,8,Snacks,UPI,2,1,3
1006282,Amazon Now,Noida,52,510,18,8.7,11,Fruits & Vegetables,UPI,4,0,4
1006283,Big Basket,Pune,25,427,15,4.3,2,Beverages,Debit Card,4,1,4
1006284,Big Basket,Chennai,49,946,18,7.8,15,Groceries,Credit Card,2,1,5
1006285,Dunzo,Hyderabad,53,687,13,5.3,8,Fruits & Vegetables,Cash on Delivery,1,0,5
1006286,Zepto,Noida,58,676,6,3.8,10,Groceries,UPI,2,1,5
1006287,Amazon Now,Amritsar,49,332,20,12.9,19,Fruits & Vegetables,Cash on Delivery,5,0,3
1006288,Blinkit,Chennai,51,1063,10,1.0,18,Groceries,Wallet,4,1,4
1006289,Blinkit,Amritsar,32,50,16,13.2,14,Snacks,Cash on Delivery,5,1,4
1006290,Big Basket,Noida,55,376,20,11.3,5,Snacks,Cash on Delivery,3,0,5
1006291,Dunzo,Bengluru,18,711,9,1.6,19,Fruits & Vegetables,Credit Card,1,1,3
1006292,Blinkit,Jaipur,28,282,16,1.7,6,Groceries,UPI,3,0,3
1006293,Amazon Now,Haridwar,46,52,29,6.6,19,Snacks,Wallet,4,0,3
1006294,Amazon Now,Bengluru,42,399,19,5.8,16,Household,Cash on Delivery,4,1,5
1006295,Blinkit,Noida,56,507,10,3.4,7,Groceries,Credit Card,5,0,4
1006296,Zepto,Jaipur,24,1804,15,12.5,9,Groceries,UPI,5,1,4
1006297,Blinkit,Haridwar,50,1111,30,14.2,1,Dairy,Cash on Delivery,4,1,4
1006298,Jio Mart,Mumbai,34,331,20,2.1,8,Household,UPI,2,0,3
1006299,Big Basket,Haridwar,44,751,26,1.9,16,Beverages,Wallet,5,0,3
1006301,Big Basket,Noida,31,330,16,3.2,13,Personal Care,Debit Card,4,0,4
1006302,Big Basket,Mumbai,18,1008,15,3.7,1,Snacks,Cash on Delivery,2,1,4
1006303,Swiggy Instamart,Jaipur,44,594,22,10.7,16,Household,Cash on Delivery,2,1,4
1006304,Flipkart Minutes,Hyderabad,48,370,15,7.7,15,Fruits & Vegetables,Credit Card,3,0,3
1006305,Blinkit,Mumbai,55,921,15,2.8,5,Fruits & Vegetables,Cash on Delivery,3,0,5
1006307,Zepto,Mumbai,55,1228,5,1.2,1,Household,Debit Card,2,1,4
1006308,Flipkart Minutes,Chennai,33,699,21,14.7,7,Beverages,Debit Card,1,0,4
1006309,Dunzo,Bengluru,59,837,18,13.1,19,Personal Care,Debit Card,1,1,5
1006310,Flipkart Minutes,Bengluru,18,1005,14,0.5,18,Dairy,Wallet,3,1,3
1006311,Big Basket,Haridwar,30,726,29,4.9,8,Groceries,Wallet,3,1,4
1006312,Big Basket,Chennai,27,1049,16,2.8,17,Dairy,UPI,2,1,5
1006313,Swiggy Instamart,Mumbai,20,411,15,0.9,4,Dairy,Cash on Delivery,3,0,4
1006314,Jio Mart,Delhi,45,666,14,9.3,18,Fruits & Vegetables,Credit Card,5,0,3
1006315,Blinkit,Noida,20,949,13,7.8,13,Fruits & Vegetables,Debit Card,5,0,5
1006317,Swiggy Instamart,Jaipur,18,482,19,7.7,7,Household,Credit Card,5,0,3
1006318,Dunzo,Bengluru,28,221,18,15.0,7,Household,Debit Card,5,1,4
1006319,Blinkit,Jaipur,33,678,21,8.9,9,Personal Care,Credit Card,3,0,4
1006320,Flipkart Minutes,Amritsar,40,91,22,14.3,1,Beverages,Debit Card,3,1,3
1006321,Big Basket,Kolkata,39,779,17,6.4,6,Fruits & Vegetables,UPI,4,0,4
1006322,Big Basket,Pune,26,776,18,9.8,18,Beverages,UPI,1,0,3
1006323,Amazon Now,Haridwar,56,377,28,4.4,15,Snacks,Wallet,2,0,3
1006324,Flipkart Minutes,Chennai,52,137,15,4.9,19,Snacks,Credit Card,3,1,5
1006326,Zepto,Haridwar,22,774,17,2.9,7,Personal Care,Debit Card,4,0,4
1006327,Zepto,Noida,32,659,10,10.3,1,Fruits & Vegetables,Cash on Delivery,2,1,4
1006328,Blinkit,Kolkata,36,1342,12,2.8,11,Fruits & Vegetables,Debit Card,2,1,3
1006329,Dunzo,Chennai,45,581,16,11.9,7,Household,Wallet,1,1,4
1006330,Zepto,Gurgaon,32,844,6,5.6,15,Groceries,Wallet,3,0,5
1006331,Blinkit,Gurgaon,40,484,11,5.4,18,Dairy,Debit Card,4,0,2
1006333,Dunzo,Delhi,28,1335,5,10.4,18,Household,Credit Card,3,1,4
1006334,Swiggy Instamart,Chennai,19,1325,13,4.4,16,Dairy,Wallet,4,1,4
1006335,Blinkit,Kolkata,36,50,11,3.3,5,Dairy,UPI,2,1,5
1006336,Flipkart Minutes,Mumbai,48,492,22,12.2,14,Household,Credit Card,5,0,3
1006337,Swiggy Instamart,Bengluru,48,460,13,4.7,12,Snacks,UPI,3,0,4
1006338,Jio Mart,Delhi,56,592,11,2.9,15,Fruits & Vegetables,UPI,1,0,4
1006339,Flipkart Minutes,Gurgaon,33,53,13,5.1,7,Snacks,Debit Card,3,1,4
1006340,Blinkit,Noida,18,360,16,7.7,2,Household,Wallet,4,0,3
1006341,Amazon Now,Pune,37,323,15,2.6,19,Dairy,Wallet,2,1,3
1006343,Big Basket,Pune,54,659,15,6.7,2,Dairy,Credit Card,2,0,3
1006344,Flipkart Minutes,Kolkata,56,419,14,6.1,4,Fruits & Vegetables,Credit Card,4,0,4
1006345,Flipkart Minutes,Bengluru,55,497,15,2.3,19,Snacks,Cash on Delivery,5,0,4
1006346,Flipkart Minutes,Jaipur,28,318,19,1.0,9,Household,UPI,2,0,4
1006347,Big Basket,Bengluru,50,643,15,2.7,11,Personal Care,Debit Card,5,0,5
1006348,Blinkit,Haridwar,28,527,26,9.2,5,Snacks,UPI,5,0,4
1006349,Amazon Now,Jaipur,27,50,20,3.0,4,Snacks,Credit Card,2,1,4
1006350,Flipkart Minutes,Mumbai,23,67,21,11.9,16,Fruits & Vegetables,UPI,3,0,4
1006351,Zepto,Bengluru,38,961,9,7.9,9,Groceries,Wallet,3,0,3
1006352,Flipkart Minutes,Hyderabad,56,579,16,5.8,10,Snacks,UPI,4,1,3
1006353,Zepto,Pune,26,541,7,4.4,16,Beverages,Debit Card,4,0,2
1006354,Zepto,Hyderabad,24,888,5,2.8,2,Personal Care,Credit Card,2,1,4
1006355,Swiggy Instamart,Pune,38,684,21,14.3,5,Fruits & Vegetables,Wallet,4,0,4
1006356,Zepto,Bengluru,21,295,9,9.6,19,Dairy,UPI,5,0,3
1006357,Amazon Now,Noida,55,306,18,6.9,5,Groceries,UPI,4,0,3
1006359,Big Basket,Hyderabad,19,1370,15,5.0,4,Personal Care,Cash on Delivery,2,1,3
1006360,Swiggy Instamart,Mumbai,53,644,19,13.7,2,Personal Care,Credit Card,2,1,4
1006362,Swiggy Instamart,Haridwar,48,880,28,8.4,12,Fruits & Vegetables,Debit Card,3,0,4
1006363,Flipkart Minutes,Mumbai,55,345,19,7.5,17,Personal Care,Debit Card,2,0,3
1006364,Amazon Now,Gurgaon,23,664,18,10.1,9,Household,Debit Card,5,0,4
1006365,Dunzo,Jaipur,55,291,17,6.0,13,Beverages,Wallet,1,0,3
1006366,Swiggy Instamart,Amritsar,55,774,20,13.6,3,Dairy,Cash on Delivery,4,0,4
1006368,Big Basket,Jaipur,31,877,22,9.0,5,Beverages,Cash on Delivery,2,1,3
1006369,Swiggy Instamart,Delhi,41,444,7,8.6,3,Beverages,Credit Card,4,0,3
1006370,Big Basket,Noida,26,346,21,14.1,3,Groceries,Cash on Delivery,5,0,5
1006371,Jio Mart,Noida,57,440,26,11.9,2,Dairy,Debit Card,1,0,3
1006372,Amazon Now,Haridwar,20,705,27,1.3,8,Beverages,Credit Card,2,1,5
1006373,Jio Mart,Pune,54,110,24,8.7,9,Fruits & Vegetables,Debit Card,3,0,4
1006374,Amazon Now,Noida,28,1015,17,9.1,19,Fruits & Vegetables,Credit Card,3,1,3
1006375,Big Basket,Pune,19,623,16,2.7,15,Snacks,Debit Card,2,1,3
1006376,Amazon Now,Gurgaon,57,802,18,9.3,15,Fruits & Vegetables,Wallet,4,0,5
1006377,Dunzo,Mumbai,18,482,13,6.7,6,Groceries,Credit Card,4,0,3
1006379,Amazon Now,Hyderabad,39,131,20,10.3,10,Snacks,UPI,1,1,3
1006380,Swiggy Instamart,Delhi,28,1324,5,4.4,2,Dairy,UPI,4,1,4
1006381,Flipkart Minutes,Chennai,53,556,13,2.1,14,Personal Care,Credit Card,4,0,4
1006382,Big Basket,Gurgaon,24,573,21,13.2,19,Snacks,Wallet,2,0,5
1006384,Big Basket,Hyderabad,26,769,12,0.8,15,Beverages,Wallet,3,0,3
1006385,Amazon Now,Bengluru,24,1038,14,1.7,6,Fruits & Vegetables,UPI,2,0,3
1006386,Jio Mart,Pune,24,50,22,4.7,12,Dairy,Cash on Delivery,2,1,4
1006387,Big Basket,Pune,34,867,14,4.0,14,Household,Cash on Delivery,2,0,5
1006388,Blinkit,Gurgaon,26,510,18,12.1,12,Personal Care,Cash on Delivery,4,0,3
1006389,Zepto,Delhi,35,659,5,11.3,5,Snacks,Debit Card,5,0,4
1006390,Amazon Now,Jaipur,27,1228,20,3.5,3,Dairy,Wallet,3,1,4
1006391,Zepto,Delhi,20,272,5,2.2,2,Household,Cash on Delivery,3,0,3
1006392,Swiggy Instamart,Amritsar,53,974,16,8.0,14,Beverages,Wallet,4,1,3
1006393,Amazon Now,Hyderabad,58,50,22,11.6,5,Personal Care,Credit Card,1,1,4
1006394,Zepto,Haridwar,30,1495,20,7.9,19,Dairy,Wallet,2,1,4
1006395,Flipkart Minutes,Gurgaon,51,664,16,8.9,13,Household,UPI,3,0,4
1006396,Zepto,Gurgaon,23,331,5,1.8,7,Beverages,UPI,3,0,2
1006397,Swiggy Instamart,Bengluru,31,727,18,14.0,6,Dairy,Credit Card,5,0,4
1006398,Flipkart Minutes,Kolkata,34,324,18,11.0,9,Beverages,Cash on Delivery,2,0,4
1006399,Swiggy Instamart,Gurgaon,34,1667,16,11.6,3,Groceries,Wallet,4,1,3
1006401,Blinkit,Bengluru,25,710,12,4.1,5,Dairy,Wallet,4,0,4
1006402,Big Basket,Noida,19,708,18,6.0,19,Fruits & Vegetables,Wallet,4,1,4
1006403,Swiggy Instamart,Amritsar,34,820,17,13.7,17,Personal Care,Credit Card,5,0,4
1006404,Big Basket,Haridwar,36,745,25,3.8,5,Personal Care,Debit Card,2,0,4
1006405,Dunzo,Bengluru,24,342,19,14.5,1,Personal Care,Credit Card,2,0,4
1006406,Blinkit,Delhi,38,1594,5,8.8,13,Household,Cash on Delivery,3,1,4
1006407,Big Basket,Gurgaon,46,62,16,5.9,7,Groceries,UPI,4,0,3
1006408,Jio Mart,Mumbai,57,757,23,3.5,18,Beverages,UPI,4,0,4
1006409,Big Basket,Pune,57,736,15,0.9,19,Household,UPI,4,1,3
1006411,Zepto,Pune,29,753,10,7.9,18,Personal Care,UPI,2,0,5
1006412,Amazon Now,Amritsar,28,50,22,13.5,19,Dairy,UPI,3,0,5
1006413,Blinkit,Jaipur,40,50,22,15.0,11,Personal Care,UPI,4,0,3
1006414,Blinkit,Bengluru,41,79,19,13.1,13,Personal Care,UPI,4,1,3
1006415,Flipkart Minutes,Amritsar,41,813,18,9.4,13,Snacks,Wallet,5,1,4
1006416,Amazon Now,Chennai,30,207,18,8.1,1,Dairy,Cash on Delivery,3,0,3
1006417,Big Basket,Delhi,35,1361,5,6.8,17,Groceries,Wallet,4,1,3
1006418,Dunzo,Jaipur,24,580,17,5.4,8,Beverages,Credit Card,2,1,3
1006419,Dunzo,Pune,46,183,11,3.1,13,Household,UPI,1,0,3
1006420,Blinkit,Hyderabad,41,1130,13,6.0,19,Beverages,Cash on Delivery,3,1,4
1006422,Swiggy Instamart,Hyderabad,46,499,17,13.0,8,Fruits & Vegetables,Credit Card,4,0,4
1006424,Big Basket,Mumbai,43,466,16,1.5,2,Dairy,Credit Card,5,0,4
1006425,Zepto,Kolkata,59,706,6,3.3,19,Snacks,Wallet,3,0,5
1006426,Dunzo,Kolkata,32,662,11,6.0,3,Groceries,Cash on Delivery,2,1,5
1006427,Flipkart Minutes,Kolkata,51,518,17,9.5,5,Snacks,Credit Card,1,1,4
1006428,Amazon Now,Haridwar,37,460,30,4.6,13,Snacks,Debit Card,3,0,3
1006429,Dunzo,Mumbai,38,568,16,6.5,7,Fruits & Vegetables,Cash on Delivery,4,0,5
1006430,Flipkart Minutes,Pune,31,342,19,13.6,19,Beverages,Cash on Delivery,2,0,5
1006431,Dunzo,Kolkata,34,296,19,14.4,12,Personal Care,Debit Card,3,0,4
1006432,Dunzo,Amritsar,43,264,12,8.1,6,Dairy,Credit Card,3,0,5
1006433,Flipkart Minutes,Bengluru,56,550,23,14.4,15,Fruits & Vegetables,Cash on Delivery,2,0,4
1006434,Jio Mart,Jaipur,50,489,22,1.2,1,Personal Care,Wallet,1,1,4
1006435,Amazon Now,Haridwar,54,718,25,1.7,10,Fruits & Vegetables,UPI,2,1,4
1006436,Dunzo,Gurgaon,53,1805,11,1.6,16,Groceries,Cash on Delivery,3,1,5
1006439,Flipkart Minutes,Mumbai,35,50,18,7.1,17,Dairy,Debit Card,2,0,5
1006440,Flipkart Minutes,Kolkata,39,899,17,8.2,3,Personal Care,Credit Card,3,0,3
1006441,Swiggy Instamart,Chennai,53,286,14,6.2,16,Snacks,Debit Card,5,0,2
1006442,Blinkit,Bengluru,34,1345,21,14.9,14,Snacks,Wallet,2,1,4
1006443,Zepto,Delhi,45,1050,5,6.1,10,Personal Care,UPI,5,1,4
1006444,Big Basket,Chennai,26,280,22,13.5,8,Household,Cash on Delivery,3,0,5
1006445,Dunzo,Delhi,52,395,5,11.2,17,Household,Wallet,2,1,3
1006446,Swiggy Instamart,Kolkata,43,50,19,11.8,18,Groceries,Cash on Delivery,4,0,4
1006447,Dunzo,Jaipur,47,1074,20,9.4,16,Personal Care,Debit Card,2,0,4
1006448,Big Basket,Haridwar,49,726,32,12.8,12,Groceries,Cash on Delivery,2,1,4
1006449,Zepto,Bengluru,51,287,12,14.1,1,Dairy,Wallet,5,1,3
1006451,Amazon Now,Mumbai,34,50,22,12.8,8,Groceries,Credit Card,5,1,4
1006452,Big Basket,Amritsar,47,398,16,8.3,8,Groceries,Cash on Delivery,1,0,4
1006454,Swiggy Instamart,Delhi,27,597,5,3.4,2,Fruits & Vegetables,Wallet,5,0,4
1006455,Jio Mart,Bengluru,37,50,26,11.7,12,Fruits & Vegetables,UPI,2,0,5
1006456,Big Basket,Pune,46,369,15,3.9,3,Dairy,Credit Card,3,1,3
1006457,Dunzo,Hyderabad,50,50,12,4.0,4,Dairy,UPI,2,0,4
1006458,Swiggy Instamart,Chennai,41,603,14,4.8,14,Beverages,Credit Card,2,0,4
1006459,Blinkit,Noida,53,1047,10,2.5,17,Dairy,Wallet,3,1,4
1006460,Swiggy Instamart,Haridwar,31,793,27,8.4,5,Groceries,Credit Card,3,1,3
1006461,Jio Mart,Delhi,30,325,11,3.8,3,Personal Care,Credit Card,2,0,3
1006462,Zepto,Chennai,23,96,13,13.8,18,Household,Wallet,2,1,3
1006463,Blinkit,Pune,42,314,11,3.5,7,Groceries,Debit Card,4,0,3
1006465,Zepto,Amritsar,51,50,7,2.9,17,Fruits & Vegetables,Credit Card,5,1,5
1006466,Swiggy Instamart,Noida,51,849,16,12.3,2,Dairy,Credit Card,3,0,4
1006467,Dunzo,Pune,41,499,13,8.5,8,Fruits & Vegetables,Debit Card,2,1,4
1006468,Jio Mart,Kolkata,35,440,24,10.8,8,Beverages,Wallet,4,0,4
1006469,Flipkart Minutes,Mumbai,25,413,20,11.7,12,Dairy,Debit Card,3,1,4
1006470,Blinkit,Haridwar,46,889,22,0.9,9,Personal Care,Credit Card,2,1,5
1006471,Flipkart Minutes,Gurgaon,52,610,21,14.4,11,Snacks,UPI,4,0,4
1006472,Blinkit,Gurgaon,43,88,15,11.2,14,Household,Wallet,4,0,4
1006473,Blinkit,Bengluru,37,722,12,3.7,19,Snacks,Cash on Delivery,5,0,3
1006474,Zepto,Bengluru,44,613,12,10.2,18,Personal Care,Wallet,3,1,4
1006475,Flipkart Minutes,Chennai,20,568,14,2.4,16,Groceries,UPI,5,0,3
1006476,Flipkart Minutes,Noida,52,321,14,2.5,18,Beverages,Debit Card,4,1,4
1006477,Swiggy Instamart,Mumbai,42,642,21,13.6,9,Personal Care,Cash on Delivery,3,1,4
1006478,Zepto,Haridwar,28,369,23,15.0,17,Household,Debit Card,2,1,3
1006479,Zepto,Mumbai,43,306,6,2.2,6,Fruits & Vegetables,Wallet,5,1,4
1006480,Big Basket,Pune,24,1325,20,14.8,4,Groceries,Credit Card,3,1,3
1006481,Big Basket,Kolkata,49,638,20,14.8,15,Beverages,Debit Card,3,1,3
1006482,Big Basket,Chennai,42,323,20,13.8,10,Beverages,Credit Card,5,1,3
1006483,Dunzo,Jaipur,50,172,17,4.4,19,Household,Wallet,3,0,4
1006484,Blinkit,Noida,50,385,16,13.7,7,Snacks,Wallet,2,0,5
1006485,Flipkart Minutes,Mumbai,39,187,16,2.0,4,Groceries,Wallet,4,1,5
1006486,Swiggy Instamart,Jaipur,18,849,21,7.0,2,Dairy,Debit Card,5,1,5
1006487,Blinkit,Noida,29,1613,15,6.8,12,Snacks,Debit Card,4,1,3
1006488,Swiggy Instamart,Chennai,31,323,15,8.1,11,Groceries,Debit Card,2,0,5
1006489,Amazon Now,Noida,57,900,19,12.2,15,Personal Care,Debit Card,2,1,4
1006490,Amazon Now,Delhi,33,687,11,14.9,9,Dairy,Wallet,4,0,4
1006491,Dunzo,Mumbai,52,546,14,6.2,6,Beverages,UPI,3,0,5
1006493,Amazon Now,Haridwar,43,427,31,7.3,6,Snacks,Cash on Delivery,4,1,5
1006494,Amazon Now,Delhi,39,345,8,9.9,3,Fruits & Vegetables,UPI,2,0,4
1006495,Zepto,Kolkata,58,1205,5,5.4,19,Personal Care,Debit Card,2,1,4
1006496,Jio Mart,Haridwar,45,255,31,5.4,12,Groceries,Wallet,4,1,3
1006497,Swiggy Instamart,Haridwar,45,814,26,5.8,16,Fruits & Vegetables,Wallet,4,0,4
1006498,Dunzo,Jaipur,45,50,17,7.9,11,Groceries,UPI,2,0,3
1006499,Zepto,Mumbai,53,726,6,2.7,3,Beverages,Wallet,2,1,4
1006500,Big Basket,Delhi,35,705,8,6.4,13,Personal Care,Debit Card,4,1,4
1006501,Flipkart Minutes,Kolkata,24,187,15,5.1,8,Personal Care,Debit Card,4,1,4
1006502,Flipkart Minutes,Jaipur,26,50,21,7.9,9,Household,Credit Card,4,1,4
1006503,Amazon Now,Hyderabad,21,61,14,1.2,3,Household,Credit Card,1,0,4
1006505,Zepto,Mumbai,21,465,10,9.7,15,Beverages,Debit Card,4,1,5
1006506,Jio Mart,Haridwar,21,296,30,3.2,6,Household,Debit Card,4,0,4
1006507,Flipkart Minutes,Pune,39,1337,19,10.0,9,Household,UPI,5,1,5
1006508,Blinkit,Noida,48,1060,13,5.8,8,Fruits & Vegetables,Debit Card,2,0,4
1006509,Big Basket,Amritsar,58,224,13,1.7,18,Beverages,Credit Card,5,0,3
1006511,Swiggy Instamart,Hyderabad,55,625,15,5.0,13,Beverages,UPI,3,0,3
1006512,Big Basket,Hyderabad,49,765,20,11.9,3,Beverages,Wallet,1,1,3
1006513,Amazon Now,Pune,49,1193,17,5.0,14,Beverages,Credit Card,4,1,4
1006514,Zepto,Chennai,30,50,11,13.4,16,Groceries,Wallet,3,0,5
1006515,Zepto,Gurgaon,33,961,12,13.4,15,Personal Care,Credit Card,4,1,4
1006516,Big Basket,Jaipur,41,163,23,7.3,1,Groceries,Wallet,4,0,4
1006518,Amazon Now,Haridwar,30,1013,28,3.0,15,Snacks,Cash on Delivery,3,1,3
1006519,Zepto,Haridwar,35,224,19,9.1,1,Snacks,Credit Card,2,1,3
1006520,Amazon Now,Mumbai,49,772,24,13.8,12,Beverages,Wallet,3,1,5
1006521,Big Basket,Mumbai,30,414,22,9.5,16,Snacks,Wallet,3,1,5
1006522,Blinkit,Amritsar,53,880,15,8.8,12,Groceries,Debit Card,3,0,3
1006523,Swiggy Instamart,Delhi,27,495,5,2.3,15,Personal Care,Debit Card,4,0,5
1006524,Swiggy Instamart,Delhi,56,1052,5,5.8,10,Household,Cash on Delivery,2,0,4
1006525,Jio Mart,Jaipur,52,50,26,4.4,12,Groceries,UPI,1,0,4
1006526,Jio Mart,Haridwar,28,344,38,11.2,1,Fruits & Vegetables,Credit Card,3,1,4
1006527,Swiggy Instamart,Haridwar,50,337,23,2.2,11,Snacks,Cash on Delivery,5,0,4
1006528,Big Basket,Hyderabad,48,720,21,10.9,17,Snacks,Debit Card,1,0,4
1006529,Zepto,Noida,23,277,10,9.5,2,Groceries,Credit Card,3,0,5
1006530,Flipkart Minutes,Haridwar,39,490,31,10.6,17,Personal Care,Cash on Delivery,3,0,3
1006531,Blinkit,Delhi,52,944,7,13.8,9,Personal Care,Wallet,3,1,4
1006532,Big Basket,Delhi,21,50,6,7.5,4,Groceries,Cash on Delivery,4,0,4
1006533,Blinkit,Gurgaon,58,778,14,10.8,4,Personal Care,Cash on Delivery,4,0,3
1006534,Flipkart Minutes,Haridwar,47,580,30,9.0,17,Groceries,Credit Card,1,0,4
1006536,Dunzo,Noida,18,373,12,2.9,16,Beverages,Credit Card,1,0,4
1006537,Amazon Now,Hyderabad,23,628,16,5.6,4,Household,UPI,4,0,5
1006538,Amazon Now,Haridwar,26,203,30,8.1,18,Snacks,Credit Card,3,0,3
1006539,Flipkart Minutes,Noida,35,421,14,4.3,13,Fruits & Vegetables,Wallet,3,0,4
1006540,Flipkart Minutes,Pune,37,331,17,6.0,3,Dairy,Debit Card,3,1,4
1006541,Jio Mart,Mumbai,20,299,26,9.2,4,Fruits & Vegetables,Debit Card,2,0,4
1006542,Amazon Now,Noida,54,884,16,4.8,17,Groceries,Wallet,2,1,3
1006543,Flipkart Minutes,Jaipur,52,306,18,2.1,12,Groceries,Cash on Delivery,3,0,4
1006544,Swiggy Instamart,Hyderabad,30,406,18,10.5,15,Dairy,Credit Card,3,1,5
1006545,Swiggy Instamart,Haridwar,36,556,31,14.1,18,Fruits & Vegetables,Wallet,3,0,4
1006546,Zepto,Noida,32,1001,7,3.8,5,Personal Care,Credit Card,5,1,3
1006547,Big Basket,Hyderabad,21,1569,22,13.2,9,Personal Care,UPI,2,1,4
1006548,Dunzo,Gurgaon,18,725,11,0.9,14,Snacks,Wallet,1,0,4
1006549,Big Basket,Kolkata,50,609,18,7.1,2,Household,Wallet,5,0,4
1006550,Jio Mart,Kolkata,57,876,17,1.6,12,Snacks,UPI,2,1,4
1006551,Dunzo,Kolkata,56,94,13,8.4,16,Fruits & Vegetables,UPI,4,0,3
1006552,Amazon Now,Haridwar,56,50,26,2.5,18,Beverages,UPI,3,0,4
1006553,Jio Mart,Pune,54,785,23,9.8,17,Personal Care,Wallet,2,1,3
1006554,Amazon Now,Gurgaon,38,775,20,7.9,10,Fruits & Vegetables,Credit Card,1,0,5
1006555,Swiggy Instamart,Pune,42,258,13,3.2,1,Personal Care,Credit Card,3,0,3
1006556,Jio Mart,Haridwar,37,135,34,6.6,1,Household,UPI,5,0,5
1006557,Zepto,Jaipur,19,50,12,3.6,4,Dairy,Debit Card,4,0,3
1006558,Zepto,Noida,58,497,5,2.6,18,Beverages,Wallet,4,0,4
1006559,Flipkart Minutes,Bengluru,58,50,18,8.4,16,Dairy,Wallet,3,0,4
1006561,Blinkit,Pune,33,389,13,4.5,13,Fruits & Vegetables,Wallet,4,1,4
1006562,Zepto,Bengluru,55,700,7,5.2,2,Groceries,Cash on Delivery,4,1,3
1006563,Blinkit,Noida,36,193,14,8.0,17,Personal Care,Credit Card,3,1,4
1006564,Swiggy Instamart,Pune,22,581,15,5.6,18,Dairy,UPI,3,0,3
1006565,Swiggy Instamart,Delhi,26,1681,7,12.2,13,Household,Debit Card,2,0,4
1006566,Flipkart Minutes,Noida,58,764,15,2.8,11,Snacks,Debit Card,3,0,4
1006568,Swiggy Instamart,Hyderabad,36,510,12,1.7,19,Beverages,Credit Card,4,1,3
1006569,Zepto,Jaipur,54,373,17,13.0,11,Household,Cash on Delivery,3,1,3
1006571,Dunzo,Hyderabad,38,468,10,4.3,9,Dairy,UPI,2,0,4
1006572,Dunzo,Amritsar,37,56,11,1.1,12,Dairy,Debit Card,1,0,4
1006573,Amazon Now,Chennai,42,518,22,11.0,12,Fruits & Vegetables,Cash on Delivery,4,0,3
1006574,Flipkart Minutes,Chennai,38,846,17,11.0,19,Household,Cash on Delivery,2,0,4
1006575,Blinkit,Chennai,23,1195,11,3.1,17,Snacks,Credit Card,5,1,4
1006576,Flipkart Minutes,Jaipur,26,305,19,5.8,8,Groceries,Credit Card,3,0,4
1006577,Big Basket,Hyderabad,55,388,21,11.1,16,Personal Care,UPI,1,0,4
1006578,Jio Mart,Bengluru,30,494,22,5.6,18,Beverages,UPI,2,0,4
1006579,Jio Mart,Haridwar,51,465,32,7.3,1,Snacks,Cash on Delivery,2,1,3
1006580,Flipkart Minutes,Delhi,52,423,6,5.1,8,Beverages,Debit Card,3,1,3
1006581,Swiggy Instamart,Amritsar,43,913,17,9.8,9,Beverages,Wallet,5,0,4
1006582,Zepto,Noida,50,718,7,8.3,2,Beverages,Cash on Delivery,2,0,3
1006583,Zepto,Pune,34,519,9,10.0,4,Snacks,UPI,3,0,3
1006584,Blinkit,Chennai,29,1194,18,13.0,15,Dairy,Wallet,4,1,3
1006585,Blinkit,Bengluru,22,622,18,9.3,15,Fruits & Vegetables,Credit Card,4,1,5
1006586,Blinkit,Haridwar,27,50,27,8.6,17,Snacks,UPI,3,0,5
1006587,Swiggy Instamart,Bengluru,21,400,13,2.2,10,Snacks,Wallet,4,0,5
1006588,Big Basket,Noida,39,701,15,6.4,9,Personal Care,UPI,5,0,3
1006589,Flipkart Minutes,Hyderabad,24,810,21,13.0,6,Groceries,Credit Card,2,0,4
1006590,Amazon Now,Gurgaon,31,1183,18,6.4,14,Personal Care,Wallet,3,1,4
1006591,Big Basket,Mumbai,18,372,17,3.5,13,Snacks,Credit Card,5,1,3
1006592,Swiggy Instamart,Bengluru,49,859,15,3.1,7,Household,Cash on Delivery,3,1,3
1006593,Dunzo,Pune,27,331,15,7.7,3,Snacks,Debit Card,1,1,5
1006595,Zepto,Hyderabad,34,918,13,14.7,2,Snacks,Cash on Delivery,2,0,4
1006596,Dunzo,Chennai,53,374,14,8.8,12,Beverages,Cash on Delivery,2,1,4
1006597,Flipkart Minutes,Hyderabad,32,369,20,11.8,9,Dairy,UPI,4,0,5
1006598,Big Basket,Hyderabad,48,75,18,10.0,12,Dairy,Credit Card,2,0,5
1006599,Amazon Now,Kolkata,47,209,19,11.6,15,Groceries,Debit Card,3,0,4
1006600,Dunzo,Delhi,52,50,5,10.3,3,Fruits & Vegetables,Credit Card,3,1,4
1006601,Blinkit,Bengluru,18,667,16,5.9,13,Snacks,Cash on Delivery,5,0,5
1006602,Jio Mart,Chennai,23,475,19,1.9,3,Snacks,Credit Card,3,0,5
1006603,Swiggy Instamart,Chennai,59,818,14,6.8,16,Beverages,Credit Card,3,0,4
1006604,Dunzo,Amritsar,42,251,14,8.3,5,Personal Care,Wallet,1,0,3
1006605,Jio Mart,Amritsar,39,297,25,11.4,17,Snacks,Wallet,4,0,3
1006606,Flipkart Minutes,Pune,32,116,19,11.6,15,Snacks,Wallet,4,0,4
1006607,Blinkit,Gurgaon,21,497,16,11.1,10,Dairy,UPI,5,1,3
1006608,Blinkit,Noida,44,842,10,1.9,15,Beverages,Cash on Delivery,5,0,4
1006609,Flipkart Minutes,Kolkata,19,429,16,6.2,15,Groceries,UPI,4,0,5
1006610,Amazon Now,Gurgaon,50,997,18,5.9,13,Snacks,UPI,3,0,5
1006611,Swiggy Instamart,Kolkata,30,577,11,0.8,19,Personal Care,Credit Card,2,0,4
1006612,Jio Mart,Gurgaon,26,423,25,14.2,18,Groceries,Cash on Delivery,4,0,4
1006613,Big Basket,Amritsar,30,831,21,14.2,17,Snacks,Cash on Delivery,4,0,3
1006614,Dunzo,Kolkata,31,385,17,12.5,12,Beverages,Cash on Delivery,4,0,4
1006615,Blinkit,Chennai,26,853,11,5.7,7,Beverages,UPI,2,1,3
1006618,Swiggy Instamart,Gurgaon,50,1324,16,11.8,8,Fruits & Vegetables,Wallet,2,1,4
1006619,Swiggy Instamart,Mumbai,38,358,19,9.3,12,Groceries,Credit Card,2,1,5
1006620,Big Basket,Jaipur,48,399,21,4.1,8,Groceries,Wallet,3,0,4
1006621,Amazon Now,Kolkata,51,1329,22,11.9,14,Personal Care,Cash on Delivery,5,1,4
1006622,Amazon Now,Gurgaon,22,447,19,6.0,9,Snacks,Credit Card,3,0,5
1006623,Big Basket,Pune,56,612,19,13.5,5,Beverages,UPI,5,0,4
1006624,Zepto,Hyderabad,53,940,8,4.2,6,Snacks,Wallet,4,0,5
1006625,Dunzo,Gurgaon,28,561,8,2.4,19,Groceries,Wallet,1,0,5
1006626,Zepto,Jaipur,50,63,14,9.0,13,Personal Care,UPI,2,0,5
1006627,Zepto,Chennai,42,1014,5,0.5,8,Personal Care,UPI,3,1,4
1006628,Jio Mart,Haridwar,25,355,33,8.2,10,Household,Cash on Delivery,2,0,3
1006629,Blinkit,Haridwar,45,1532,24,1.7,9,Snacks,UPI,4,1,5
1006630,Swiggy Instamart,Amritsar,27,686,9,0.7,9,Dairy,UPI,2,0,4
1006631,Flipkart Minutes,Bengluru,18,91,19,12.1,1,Household,Cash on Delivery,5,1,4
1006632,Jio Mart,Kolkata,34,955,24,9.8,19,Household,UPI,2,1,5
1006633,Big Basket,Amritsar,48,1329,20,14.4,3,Snacks,Cash on Delivery,3,1,3
1006635,Blinkit,Pune,27,499,17,14.8,4,Household,Wallet,5,0,4
1006636,Dunzo,Amritsar,31,317,17,12.8,19,Household,UPI,3,0,4
1006637,Jio Mart,Noida,45,184,17,0.9,16,Beverages,UPI,3,0,4
1006638,Swiggy Instamart,Bengluru,59,50,17,9.0,8,Snacks,Debit Card,2,1,3
1006640,Dunzo,Hyderabad,54,661,17,12.6,8,Beverages,Credit Card,1,0,4
1006641,Big Basket,Jaipur,43,50,23,7.6,17,Fruits & Vegetables,Debit Card,1,1,4
1006642,Dunzo,Hyderabad,26,589,7,0.8,16,Dairy,Cash on Delivery,1,0,4
1006643,Flipkart Minutes,Amritsar,54,502,18,9.5,16,Beverages,UPI,5,0,5
1006644,Flipkart Minutes,Mumbai,18,50,14,4.1,5,Groceries,Credit Card,3,1,4
1006645,Zepto,Noida,52,896,13,12.5,17,Snacks,Debit Card,5,0,3
1006646,Blinkit,Gurgaon,39,1016,14,10.2,17,Snacks,Debit Card,4,0,3
1006647,Blinkit,Jaipur,24,128,20,8.4,13,Personal Care,Debit Card,5,0,4
1006648,Swiggy Instamart,Bengluru,59,1829,12,3.4,4,Beverages,UPI,5,1,5
1006649,Dunzo,Noida,30,649,10,0.7,9,Dairy,Debit Card,4,1,3
1006650,Jio Mart,Delhi,21,239,14,7.8,9,Beverages,Credit Card,3,0,4
1006651,Swiggy Instamart,Delhi,29,959,7,10.0,7,Personal Care,Wallet,2,1,5
1006652,Big Basket,Chennai,58,502,18,10.0,2,Fruits & Vegetables,Cash on Delivery,3,1,4
1006653,Flipkart Minutes,Kolkata,57,669,13,2.3,19,Fruits & Vegetables,Debit Card,1,0,3
1006654,Dunzo,Haridwar,48,361,25,4.6,13,Beverages,Credit Card,4,0,5
1006655,Jio Mart,Jaipur,52,284,29,11.5,1,Fruits & Vegetables,Cash on Delivery,1,1,5
1006656,Zepto,Pune,27,804,11,14.6,16,Dairy,Credit Card,3,1,4
1006657,Zepto,Noida,32,1245,7,5.4,12,Groceries,Wallet,2,1,3
1006658,Dunzo,Jaipur,51,775,19,7.9,12,Household,UPI,3,1,4
1006659,Blinkit,Mumbai,40,603,13,1.7,19,Groceries,Credit Card,3,0,3
1006660,Blinkit,Delhi,59,555,10,14.2,7,Groceries,Credit Card,2,0,3
1006661,Blinkit,Gurgaon,26,50,17,9.9,18,Dairy,Credit Card,4,0,4
1006662,Jio Mart,Chennai,30,584,21,4.3,17,Dairy,Credit Card,3,1,4
1006663,Big Basket,Jaipur,31,108,23,8.8,19,Dairy,Debit Card,3,0,4
1006664,Blinkit,Gurgaon,32,485,14,7.4,15,Personal Care,Wallet,3,0,4
1006665,Big Basket,Pune,33,262,14,1.2,3,Groceries,Debit Card,3,0,3
1006667,Jio Mart,Mumbai,26,50,24,8.0,3,Household,Wallet,2,1,4
1006668,Dunzo,Kolkata,55,50,9,1.5,12,Snacks,Debit Card,3,0,3
1006669,Zepto,Pune,52,640,7,3.2,6,Beverages,Credit Card,4,1,3
1006670,Zepto,Amritsar,35,50,13,14.5,1,Beverages,Credit Card,5,0,4
1006671,Flipkart Minutes,Jaipur,25,393,24,13.3,3,Beverages,Cash on Delivery,3,0,3
1006672,Blinkit,Haridwar,27,430,26,8.0,13,Personal Care,Cash on Delivery,4,1,3
1006673,Dunzo,Gurgaon,18,708,14,7.7,3,Dairy,Debit Card,3,0,4
1006674,Swiggy Instamart,Gurgaon,38,507,12,3.8,7,Groceries,UPI,5,1,3
1006675,Dunzo,Haridwar,57,957,28,13.6,7,Household,Credit Card,3,1,3
1006676,Big Basket,Amritsar,26,460,19,13.2,9,Personal Care,Cash on Delivery,2,0,3
1006677,Zepto,Gurgaon,37,1230,6,3.0,7,Personal Care,Debit Card,3,1,4
1006679,Amazon Now,Chennai,58,50,20,11.7,1,Household,UPI,4,0,4
1006680,Flipkart Minutes,Jaipur,39,741,17,2.8,9,Snacks,Debit Card,4,1,3
1006681,Big Basket,Kolkata,24,596,21,13.8,2,Fruits & Vegetables,Wallet,3,0,3
1006682,Zepto,Noida,24,611,13,14.6,9,Beverages,Credit Card,1,1,5
1006683,Swiggy Instamart,Jaipur,35,618,23,11.9,11,Dairy,Credit Card,3,0,4
1006684,Dunzo,Bengluru,56,50,16,7.6,2,Groceries,UPI,3,1,4
1006685,Swiggy Instamart,Delhi,34,596,5,6.9,11,Personal Care,Credit Card,3,0,3
1006686,Swiggy Instamart,Pune,47,541,16,7.5,11,Personal Care,UPI,2,0,4
1006687,Zepto,Kolkata,21,193,5,0.8,18,Dairy,Debit Card,2,0,4
1006688,Zepto,Noida,52,612,5,2.5,8,Beverages,Wallet,4,0,4
1006689,Amazon Now,Haridwar,24,631,35,13.2,7,Household,Credit Card,3,1,4
1006691,Jio Mart,Noida,56,410,16,0.5,5,Snacks,Debit Card,1,0,3
1006692,Jio Mart,Amritsar,51,677,25,12.7,11,Fruits & Vegetables,Debit Card,2,1,4
1006693,Flipkart Minutes,Delhi,57,1189,8,9.9,19,Personal Care,Debit Card,3,1,4
1006694,Blinkit,Haridwar,46,50,29,12.3,11,Dairy,Debit Card,5,1,4
1006695,Jio Mart,Hyderabad,49,465,26,11.4,8,Snacks,Credit Card,3,0,4
1006697,Amazon Now,Gurgaon,20,159,16,1.2,12,Groceries,Credit Card,2,0,3
1006698,Blinkit,Jaipur,48,528,20,8.1,12,Beverages,Cash on Delivery,5,1,4
1006699,Amazon Now,Mumbai,43,50,23,10.1,5,Groceries,Cash on Delivery,3,1,5
1006701,Blinkit,Jaipur,54,1007,22,10.6,11,Groceries,UPI,4,0,5
1006702,Amazon Now,Jaipur,22,343,24,9.1,12,Snacks,UPI,2,0,3
1006703,Swiggy Instamart,Haridwar,44,1025,32,14.6,2,Beverages,Cash on Delivery,4,0,4
1006704,Jio Mart,Chennai,23,262,27,12.7,17,Personal Care,Cash on Delivery,4,0,4
1006705,Flipkart Minutes,Pune,35,658,18,13.4,19,Personal Care,Wallet,2,1,3
1006706,Swiggy Instamart,Haridwar,26,57,26,4.4,1,Groceries,Credit Card,3,1,3
1006707,Zepto,Haridwar,56,821,22,9.8,7,Household,Credit Card,4,1,4
1006708,Dunzo,Chennai,53,594,11,5.3,7,Personal Care,Credit Card,1,1,5
1006709,Dunzo,Kolkata,34,50,14,10.6,2,Dairy,UPI,2,0,4
1006710,Swiggy Instamart,Gurgaon,40,563,11,2.2,4,Dairy,UPI,5,0,5
1006711,Blinkit,Hyderabad,37,719,13,7.4,6,Dairy,Debit Card,5,0,3
1006712,Dunzo,Noida,29,431,14,7.9,8,Beverages,UPI,2,0,3
1006713,Blinkit,Chennai,49,50,12,4.1,7,Beverages,Wallet,5,0,5
1006714,Swiggy Instamart,Pune,41,770,14,5.8,1,Dairy,Wallet,5,1,4
1006715,Dunzo,Kolkata,53,50,12,8.5,5,Beverages,Wallet,2,1,4
1006716,Dunzo,Gurgaon,40,651,13,7.4,6,Personal Care,Wallet,2,1,4
1006717,Jio Mart,Chennai,20,601,27,14.0,16,Personal Care,UPI,3,0,3
1006718,Blinkit,Gurgaon,24,1440,16,11.6,7,Fruits & Vegetables,Cash on Delivery,4,1,4
1006719,Flipkart Minutes,Bengluru,42,311,16,3.3,13,Personal Care,UPI,4,0,5
1006720,Jio Mart,Mumbai,47,349,27,9.5,6,Snacks,Cash on Delivery,3,0,4
1006721,Big Basket,Bengluru,37,889,17,3.2,18,Household,UPI,2,1,3
1006722,Flipkart Minutes,Amritsar,42,1426,14,4.3,1,Dairy,Cash on Delivery,3,1,4
1006723,Jio Mart,Delhi,24,565,15,12.0,2,Groceries,Wallet,4,1,3
1006724,Big Basket,Bengluru,43,172,16,1.9,19,Fruits & Vegetables,Wallet,3,0,4
1006725,Swiggy Instamart,Mumbai,36,526,17,8.5,2,Groceries,Cash on Delivery,5,0,4
1006726,Jio Mart,Jaipur,48,383,27,6.4,15,Groceries,Debit Card,3,0,4
1006727,Swiggy Instamart,Haridwar,30,428,26,7.9,12,Household,Credit Card,4,0,5
1006731,Flipkart Minutes,Pune,28,1032,16,7.3,13,Snacks,Wallet,3,1,3
1006732,Blinkit,Bengluru,48,1466,12,4.8,17,Fruits & Vegetables,Wallet,3,1,3
1006733,Blinkit,Jaipur,30,526,22,11.6,7,Beverages,Wallet,4,0,4
1006734,Big Basket,Mumbai,33,858,20,10.9,8,Snacks,Debit Card,3,1,4
1006736,Swiggy Instamart,Amritsar,19,696,13,5.0,14,Beverages,UPI,3,0,5
1006737,Zepto,Noida,24,302,6,2.2,15,Beverages,Debit Card,1,0,4
1006738,Blinkit,Jaipur,36,177,19,8.7,2,Personal Care,Credit Card,3,0,4
1006739,Amazon Now,Amritsar,18,1165,14,3.8,4,Dairy,Debit Card,4,1,3
1006740,Zepto,Chennai,42,337,9,11.4,9,Fruits & Vegetables,Cash on Delivery,3,0,4
1006741,Blinkit,Pune,26,50,9,1.9,2,Snacks,Credit Card,5,1,4
1006742,Big Basket,Chennai,41,1508,20,14.1,9,Snacks,Cash on Delivery,2,1,4
1006743,Swiggy Instamart,Haridwar,33,485,26,8.9,2,Household,Credit Card,3,0,4
1006744,Amazon Now,Delhi,30,1152,5,4.7,13,Beverages,Cash on Delivery,4,1,4
1006745,Flipkart Minutes,Delhi,26,861,7,7.6,6,Fruits & Vegetables,Credit Card,2,0,4
1006746,Jio Mart,Chennai,33,1079,20,1.3,5,Fruits & Vegetables,Debit Card,4,1,4
1006747,Amazon Now,Pune,21,954,22,12.5,2,Personal Care,Cash on Delivery,2,1,5
1006748,Swiggy Instamart,Kolkata,53,1841,11,3.2,4,Household,Debit Card,2,1,3
1006749,Dunzo,Hyderabad,47,789,15,8.3,10,Beverages,Debit Card,4,1,4
1006750,Amazon Now,Chennai,36,302,15,3.4,14,Snacks,Wallet,4,1,4
1006751,Big Basket,Noida,19,759,15,2.2,3,Fruits & Vegetables,UPI,4,0,4
1006752,Big Basket,Mumbai,59,332,16,0.7,14,Household,Debit Card,1,0,4
1006753,Dunzo,Haridwar,28,608,26,10.1,17,Fruits & Vegetables,UPI,4,0,4
1006755,Swiggy Instamart,Pune,22,50,18,14.6,8,Groceries,Debit Card,5,0,5
1006756,Zepto,Amritsar,26,353,5,1.9,13,Groceries,Credit Card,3,0,3
1006757,Zepto,Bengluru,49,296,10,12.2,10,Personal Care,Cash on Delivery,2,1,3
1006758,Big Basket,Gurgaon,53,1143,18,7.2,9,Household,Credit Card,4,1,4
1006759,Zepto,Gurgaon,19,264,5,1.2,3,Beverages,Wallet,2,0,4
1006760,Dunzo,Bengluru,43,674,16,12.1,8,Dairy,UPI,5,0,3
1006761,Amazon Now,Haridwar,55,179,32,10.4,9,Household,UPI,1,1,4
1006762,Dunzo,Kolkata,24,310,10,2.8,1,Dairy,UPI,3,1,3
1006763,Big Basket,Amritsar,46,381,16,4.3,14,Snacks,Credit Card,1,0,4
1006764,Zepto,Kolkata,57,509,10,10.4,12,Personal Care,Debit Card,2,1,5
1006765,Zepto,Hyderabad,30,50,5,2.4,8,Beverages,Cash on Delivery,3,1,5
1006766,Blinkit,Noida,32,232,19,14.2,12,Personal Care,Cash on Delivery,4,0,3
1006767,Amazon Now,Hyderabad,21,154,16,6.7,17,Household,UPI,1,0,3
1006768,Amazon Now,Gurgaon,45,164,22,11.6,16,Dairy,UPI,2,0,4
1006769,Flipkart Minutes,Mumbai,18,736,19,6.2,19,Fruits & Vegetables,Cash on Delivery,3,0,3
1006770,Big Basket,Gurgaon,32,1191,14,4.6,18,Groceries,Debit Card,2,1,2
1006771,Blinkit,Delhi,29,916,5,4.7,10,Personal Care,Debit Card,4,0,3
1006772,Swiggy Instamart,Haridwar,30,340,24,4.7,14,Snacks,Wallet,2,0,4
1006773,Zepto,Hyderabad,55,654,11,14.5,13,Dairy,Credit Card,4,0,3
1006774,Zepto,Chennai,23,268,5,1.6,16,Fruits & Vegetables,Debit Card,4,0,4
1006775,Dunzo,Bengluru,59,708,12,3.8,4,Household,Credit Card,3,0,4
1006776,Big Basket,Jaipur,59,537,24,10.8,16,Fruits & Vegetables,UPI,5,0,4
1006777,Jio Mart,Jaipur,23,208,30,10.6,3,Dairy,Credit Card,2,0,3
1006778,Zepto,Chennai,22,180,5,4.4,3,Beverages,Cash on Delivery,5,1,4
1006779,Zepto,Mumbai,42,416,16,14.7,3,Snacks,Debit Card,3,0,3
1006780,Blinkit,Haridwar,29,50,28,10.6,15,Fruits & Vegetables,Cash on Delivery,5,0,3
1006781,Big Basket,Amritsar,42,141,21,12.8,1,Groceries,UPI,4,0,4
1006782,Blinkit,Bengluru,23,503,13,3.6,10,Household,Debit Card,3,1,3
1006783,Dunzo,Haridwar,28,386,26,7.0,2,Beverages,Credit Card,1,0,4
1006784,Flipkart Minutes,Noida,30,351,19,10.2,15,Personal Care,Wallet,4,0,4
1006786,Dunzo,Bengluru,23,1024,16,13.8,7,Snacks,UPI,4,1,4
1006787,Amazon Now,Noida,20,671,19,10.2,16,Snacks,Credit Card,4,0,4
1006788,Dunzo,Hyderabad,28,424,14,9.3,7,Fruits & Vegetables,Wallet,1,0,2
1006789,Amazon Now,Gurgaon,34,955,14,3.8,9,Personal Care,Debit Card,3,0,4
1006790,Flipkart Minutes,Jaipur,26,50,16,1.4,2,Snacks,Credit Card,3,0,5
1006791,Amazon Now,Gurgaon,52,680,22,11.5,4,Dairy,Cash on Delivery,3,0,4
1006792,Jio Mart,Delhi,38,393,15,13.1,2,Beverages,Cash on Delivery,3,0,5
1006793,Amazon Now,Gurgaon,58,648,14,1.6,10,Dairy,Credit Card,4,0,4
1006794,Zepto,Haridwar,45,104,21,10.1,8,Snacks,Wallet,4,1,5
1006795,Amazon Now,Delhi,40,613,5,2.1,13,Dairy,Cash on Delivery,3,1,5
1006796,Jio Mart,Amritsar,53,372,25,10.3,3,Personal Care,Debit Card,4,0,4
1006797,Jio Mart,Kolkata,50,996,19,1.9,5,Snacks,Wallet,3,1,4
1006798,Big Basket,Chennai,48,50,17,10.6,8,Snacks,Wallet,3,0,4
1006799,Jio Mart,Haridwar,22,50,39,13.1,10,Snacks,UPI,5,1,3
1006800,Jio Mart,Kolkata,46,50,20,1.1,18,Beverages,Wallet,2,0,4
1006801,Flipkart Minutes,Chennai,33,123,11,0.8,14,Dairy,Credit Card,4,0,4
1006802,Flipkart Minutes,Mumbai,57,800,17,2.7,6,Fruits & Vegetables,UPI,4,0,4
1006803,Dunzo,Gurgaon,59,338,16,14.9,8,Beverages,Credit Card,3,0,4
1006804,Blinkit,Jaipur,26,659,21,13.8,5,Beverages,Debit Card,5,1,5
1006805,Dunzo,Pune,18,50,15,14.1,12,Personal Care,UPI,2,0,5
1006806,Dunzo,Chennai,29,575,10,4.3,13,Fruits & Vegetables,Cash on Delivery,4,0,4
1006808,Big Basket,Jaipur,29,144,21,6.4,11,Beverages,Debit Card,3,0,3
1006809,Zepto,Bengluru,48,756,12,10.0,2,Fruits & Vegetables,Credit Card,3,0,3
1006810,Blinkit,Delhi,19,866,5,7.0,15,Snacks,UPI,4,1,5
1006811,Flipkart Minutes,Jaipur,25,51,17,3.8,12,Household,Cash on Delivery,2,1,3
1006812,Big Basket,Delhi,56,319,7,7.7,3,Beverages,Debit Card,4,0,5
1006814,Blinkit,Chennai,46,258,17,9.3,11,Beverages,Credit Card,5,1,4
1006815,Amazon Now,Delhi,36,585,9,11.1,2,Personal Care,Cash on Delivery,1,0,4
1006816,Swiggy Instamart,Mumbai,25,271,23,14.9,19,Beverages,Debit Card,3,0,4
1006817,Big Basket,Haridwar,20,593,30,8.0,19,Beverages,Credit Card,2,0,4
1006818,Swiggy Instamart,Noida,51,982,14,8.4,3,Household,UPI,2,1,4
1006820,Zepto,Mumbai,36,618,11,6.9,8,Household,Cash on Delivery,5,0,4
1006821,Swiggy Instamart,Pune,25,280,18,11.5,12,Groceries,Wallet,5,0,5
1006822,Big Basket,Kolkata,49,357,19,13.1,10,Dairy,UPI,2,0,3
1006823,Jio Mart,Pune,30,942,25,14.2,10,Personal Care,Wallet,3,1,4
1006824,Big Basket,Mumbai,37,390,20,10.3,13,Personal Care,Cash on Delivery,2,0,3
1006825,Jio Mart,Hyderabad,58,383,20,7.4,5,Personal Care,UPI,4,0,3
1006826,Big Basket,Noida,42,594,14,3.8,12,Dairy,UPI,5,1,3
1006827,Dunzo,Mumbai,36,256,11,3.1,12,Household,Wallet,3,1,5
1006828,Amazon Now,Gurgaon,54,174,17,4.8,16,Beverages,Wallet,2,1,3
1006829,Zepto,Noida,21,978,5,4.7,19,Dairy,Wallet,2,1,4
1006830,Zepto,Noida,55,1044,12,13.7,5,Beverages,Credit Card,4,0,4
1006831,Flipkart Minutes,Hyderabad,30,1200,16,8.7,17,Groceries,Wallet,2,1,3
1006832,Amazon Now,Kolkata,21,437,18,7.3,19,Beverages,Cash on Delivery,2,0,4
1006833,Dunzo,Mumbai,52,50,16,6.2,15,Fruits & Vegetables,Cash on Delivery,1,0,4
1006834,Big Basket,Amritsar,52,1111,15,2.6,14,Household,Cash on Delivery,5,1,4
1006835,Jio Mart,Hyderabad,34,1332,18,0.5,2,Dairy,Credit Card,1,1,4
1006837,Zepto,Gurgaon,40,623,5,1.9,1,Dairy,UPI,4,0,3
1006838,Dunzo,Noida,27,973,15,9.8,19,Household,Wallet,1,1,4
1006839,Zepto,Jaipur,26,515,9,1.7,2,Personal Care,Debit Card,5,0,3
1006840,Flipkart Minutes,Jaipur,57,159,18,1.7,2,Beverages,Cash on Delivery,3,0,3
1006842,Swiggy Instamart,Chennai,39,429,13,5.1,4,Fruits & Vegetables,Credit Card,4,0,4
1006844,Swiggy Instamart,Kolkata,46,1459,14,4.5,19,Dairy,Cash on Delivery,5,1,3
1006845,Big Basket,Kolkata,25,972,20,14.6,3,Beverages,UPI,2,0,5
1006846,Amazon Now,Amritsar,45,1191,18,6.6,3,Beverages,Credit Card,4,1,4
1006847,Flipkart Minutes,Kolkata,53,439,13,1.4,5,Household,Debit Card,2,0,4
1006848,Flipkart Minutes,Noida,50,1124,17,10.6,19,Groceries,Credit Card,4,0,3
1006849,Dunzo,Jaipur,37,647,19,8.9,4,Beverages,Cash on Delivery,4,0,4
1006850,Dunzo,Hyderabad,42,505,12,8.7,2,Dairy,Wallet,2,0,4
1006851,Flipkart Minutes,Chennai,40,244,19,11.6,5,Dairy,Credit Card,4,0,4
1006852,Jio Mart,Mumbai,30,352,27,12.4,2,Groceries,UPI,3,0,3
1006854,Swiggy Instamart,Delhi,21,1012,9,14.1,14,Personal Care,Debit Card,5,1,5
1006855,Big Basket,Delhi,25,659,5,1.8,2,Groceries,Cash on Delivery,3,1,4
1006856,Flipkart Minutes,Hyderabad,27,351,21,14.0,16,Dairy,Debit Card,2,1,3
1006857,Jio Mart,Mumbai,44,517,19,1.8,6,Household,Debit Card,4,0,4
1006858,Flipkart Minutes,Delhi,28,554,6,5.5,11,Dairy,Debit Card,2,0,2
1006859,Jio Mart,Mumbai,58,569,20,3.0,2,Dairy,Cash on Delivery,3,1,3
1006860,Swiggy Instamart,Gurgaon,30,619,15,7.8,11,Household,Cash on Delivery,3,0,3
1006863,Amazon Now,Jaipur,48,105,19,0.7,13,Household,Debit Card,4,0,5
1006864,Dunzo,Pune,50,239,11,1.6,16,Beverages,UPI,4,1,4
1006865,Swiggy Instamart,Chennai,25,941,16,11.7,19,Personal Care,Debit Card,5,0,4
1006866,Jio Mart,Pune,59,717,24,11.4,4,Snacks,Debit Card,3,1,3
1006867,Flipkart Minutes,Mumbai,38,384,23,14.8,3,Fruits & Vegetables,Debit Card,2,0,4
1006868,Jio Mart,Mumbai,48,264,27,9.6,19,Dairy,Cash on Delivery,4,0,4
1006870,Zepto,Delhi,57,467,5,3.1,19,Beverages,Debit Card,3,0,4
1006871,Zepto,Amritsar,54,533,9,9.1,14,Beverages,Cash on Delivery,3,0,4
1006872,Zepto,Bengluru,52,460,5,2.2,2,Beverages,Credit Card,5,0,5
1006873,Zepto,Noida,58,497,13,13.4,8,Beverages,Credit Card,3,0,3
1006874,Big Basket,Pune,55,836,17,7.2,3,Groceries,UPI,2,1,5
1006875,Big Basket,Gurgaon,51,159,16,7.1,5,Personal Care,Credit Card,4,0,3
1006876,Zepto,Bengluru,21,297,12,10.7,10,Fruits & Vegetables,Wallet,5,0,4
1006877,Jio Mart,Gurgaon,54,393,22,4.9,15,Personal Care,Credit Card,1,0,4
1006878,Flipkart Minutes,Mumbai,36,1136,19,8.1,17,Dairy,Wallet,2,1,4
1006879,Big Basket,Haridwar,29,1104,24,0.8,7,Dairy,Cash on Delivery,5,1,5
1006880,Zepto,Gurgaon,51,548,6,2.3,9,Household,Wallet,5,0,3
1006881,Dunzo,Mumbai,34,295,13,7.4,6,Personal Care,Cash on Delivery,2,0,3
1006882,Big Basket,Noida,42,79,13,1.3,8,Beverages,UPI,3,0,4
1006883,Big Basket,Pune,43,50,13,2.7,8,Household,Debit Card,3,1,4
1006884,Flipkart Minutes,Chennai,22,1909,18,13.4,1,Household,Cash on Delivery,2,1,3
1006885,Flipkart Minutes,Pune,29,50,18,8.6,8,Groceries,Wallet,4,0,4
1006886,Swiggy Instamart,Bengluru,44,100,18,9.5,15,Fruits & Vegetables,UPI,2,0,3
1006887,Zepto,Noida,30,832,8,7.1,7,Groceries,Credit Card,3,0,3
1006888,Amazon Now,Pune,24,239,17,8.2,4,Personal Care,Wallet,3,0,3
1006889,Zepto,Kolkata,50,673,11,10.0,16,Fruits & Vegetables,Wallet,2,1,5
1006890,Blinkit,Kolkata,18,805,18,13.0,3,Personal Care,Cash on Delivery,5,0,4
1006891,Zepto,Mumbai,48,1050,11,7.6,4,Household,UPI,2,1,4
1006892,Dunzo,Pune,40,1237,10,1.6,15,Personal Care,Debit Card,3,1,3
1006893,Jio Mart,Kolkata,52,786,28,14.4,15,Fruits & Vegetables,Wallet,1,1,5
1006894,Dunzo,Hyderabad,22,378,14,8.8,17,Beverages,Credit Card,1,0,4
1006895,Dunzo,Mumbai,39,151,9,0.5,1,Household,Debit Card,2,0,4
1006896,Blinkit,Delhi,36,1354,5,6.7,15,Fruits & Vegetables,Credit Card,5,1,3
1006897,Big Basket,Jaipur,42,50,25,11.2,19,Personal Care,Cash on Delivery,4,0,4
1006898,Dunzo,Kolkata,47,834,16,12.6,14,Snacks,Debit Card,2,0,4
1006899,Flipkart Minutes,Noida,19,112,14,2.7,11,Groceries,Wallet,3,0,4
1006900,Dunzo,Hyderabad,50,360,13,5.6,19,Groceries,Credit Card,3,1,3
1006901,Zepto,Chennai,33,1817,13,13.7,17,Fruits & Vegetables,Credit Card,5,1,4
1006902,Flipkart Minutes,Gurgaon,27,50,13,3.3,12,Fruits & Vegetables,Credit Card,4,1,3
1006903,Big Basket,Gurgaon,42,519,20,13.5,11,Fruits & Vegetables,Wallet,3,1,4
1006904,Flipkart Minutes,Pune,41,841,15,7.8,19,Personal Care,UPI,4,0,4
1006905,Swiggy Instamart,Chennai,28,437,20,13.6,16,Household,Debit Card,4,0,4
1006906,Zepto,Noida,34,255,7,8.6,1,Household,Wallet,5,0,4
1006907,Dunzo,Kolkata,52,514,13,9.8,14,Fruits & Vegetables,Credit Card,4,1,3
1006908,Flipkart Minutes,Hyderabad,39,1148,15,6.8,10,Groceries,Cash on Delivery,3,1,4
1006909,Jio Mart,Jaipur,31,506,28,12.2,15,Beverages,Credit Card,1,0,4
1006910,Amazon Now,Hyderabad,46,1065,14,0.6,10,Dairy,Cash on Delivery,2,1,3
1006911,Blinkit,Kolkata,48,653,14,5.3,14,Snacks,Debit Card,4,0,3
1006912,Big Basket,Pune,28,636,13,4.1,12,Household,Cash on Delivery,2,0,2
1006913,Big Basket,Pune,43,193,19,8.9,19,Groceries,Credit Card,2,1,4
1006914,Blinkit,Amritsar,45,50,16,7.6,4,Beverages,Wallet,2,0,4
1006915,Swiggy Instamart,Bengluru,46,151,11,1.0,5,Snacks,UPI,2,1,4
1006916,Flipkart Minutes,Mumbai,32,50,17,4.6,10,Beverages,Wallet,4,0,3
1006917,Zepto,Kolkata,25,391,10,8.6,18,Fruits & Vegetables,Credit Card,3,1,3
1006918,Big Basket,Haridwar,42,914,33,12.2,6,Personal Care,UPI,5,1,4
1006919,Dunzo,Mumbai,21,50,14,5.3,8,Groceries,Cash on Delivery,3,0,3
1006920,Flipkart Minutes,Chennai,48,50,16,7.8,8,Dairy,Credit Card,1,0,3
1006921,Jio Mart,Amritsar,44,850,19,1.6,12,Groceries,Debit Card,5,0,3
1006922,Dunzo,Jaipur,47,716,15,4.1,5,Household,Credit Card,1,0,4
1006923,Dunzo,Amritsar,39,896,17,14.7,14,Fruits & Vegetables,Credit Card,3,0,3
1006924,Flipkart Minutes,Kolkata,31,485,14,4.9,2,Beverages,UPI,1,1,4
1006925,Zepto,Pune,50,295,8,8.1,9,Beverages,Debit Card,3,1,4
1006926,Jio Mart,Amritsar,54,745,16,0.6,6,Groceries,Wallet,4,0,4
1006927,Zepto,Haridwar,56,249,19,2.9,8,Fruits & Vegetables,Credit Card,2,1,3
1006928,Jio Mart,Hyderabad,21,631,24,13.5,4,Personal Care,Credit Card,4,1,3
1006929,Zepto,Kolkata,19,337,8,9.9,7,Dairy,Cash on Delivery,3,0,4
1006930,Dunzo,Delhi,42,652,5,7.5,13,Fruits & Vegetables,Debit Card,4,0,3
1006931,Swiggy Instamart,Delhi,44,629,5,2.4,19,Snacks,Credit Card,2,1,3
1006932,Flipkart Minutes,Gurgaon,36,822,18,14.1,18,Dairy,UPI,1,0,3
1006933,Blinkit,Pune,56,572,11,3.4,14,Household,Cash on Delivery,2,0,4
1006934,Dunzo,Haridwar,44,50,25,10.5,2,Household,Cash on Delivery,2,0,4
1006935,Dunzo,Gurgaon,38,1766,15,13.5,2,Household,Wallet,2,1,4
1006936,Swiggy Instamart,Hyderabad,30,186,14,4.8,15,Groceries,Wallet,3,0,5
1006937,Dunzo,Bengluru,59,720,15,10.6,3,Personal Care,Cash on Delivery,2,1,3
1006938,Flipkart Minutes,Noida,43,299,22,14.3,10,Personal Care,Credit Card,3,0,5
1006939,Flipkart Minutes,Jaipur,23,294,25,11.9,5,Groceries,UPI,3,0,4
1006940,Jio Mart,Hyderabad,47,201,19,2.5,14,Beverages,Debit Card,2,1,3
1006941,Jio Mart,Gurgaon,22,77,24,8.5,4,Groceries,Credit Card,4,0,4
1006942,Flipkart Minutes,Noida,51,925,16,7.7,14,Personal Care,Credit Card,4,0,3
1006943,Jio Mart,Noida,41,781,25,13.0,19,Personal Care,Credit Card,4,0,4
1006945,Dunzo,Delhi,25,312,5,2.6,13,Beverages,Cash on Delivery,2,0,3
1006946,Jio Mart,Amritsar,36,257,19,1.2,19,Fruits & Vegetables,Wallet,4,0,4
1006948,Swiggy Instamart,Hyderabad,56,649,11,0.8,11,Beverages,Credit Card,1,0,5
1006949,Zepto,Jaipur,58,492,15,11.8,4,Dairy,UPI,2,1,4
1006950,Amazon Now,Pune,46,371,23,13.5,4,Household,Credit Card,4,0,3
1006951,Blinkit,Amritsar,27,300,12,4.5,12,Fruits & Vegetables,Cash on Delivery,2,0,5
1006952,Swiggy Instamart,Haridwar,31,189,25,6.6,3,Dairy,Cash on Delivery,5,0,4
1006953,Dunzo,Chennai,39,855,13,9.7,2,Groceries,Wallet,1,1,4
1006954,Flipkart Minutes,Pune,31,161,19,14.4,14,Snacks,Debit Card,3,1,3
1006956,Blinkit,Pune,41,246,11,0.9,19,Dairy,Credit Card,2,0,3
1006957,Flipkart Minutes,Bengluru,41,465,17,6.2,3,Beverages,UPI,3,0,3
1006959,Flipkart Minutes,Delhi,40,605,5,1.2,4,Fruits & Vegetables,UPI,4,0,4
1006960,Zepto,Mumbai,42,1102,8,6.4,12,Household,Cash on Delivery,3,0,3
1006961,Big Basket,Mumbai,26,588,17,3.3,15,Beverages,Debit Card,3,0,4
1006962,Amazon Now,Jaipur,38,50,28,13.1,8,Dairy,Credit Card,2,1,4
1006963,Flipkart Minutes,Haridwar,56,377,30,8.6,5,Household,Wallet,1,0,5
1006964,Amazon Now,Kolkata,58,817,22,14.2,13,Household,Wallet,4,0,3
1006965,Jio Mart,Amritsar,30,251,27,13.4,7,Groceries,Debit Card,3,1,4
1006966,Jio Mart,Amritsar,57,256,25,9.4,3,Personal Care,UPI,4,1,4
1006967,Zepto,Kolkata,54,450,11,11.4,11,Beverages,Cash on Delivery,3,1,4
1006968,Blinkit,Jaipur,23,371,21,10.1,19,Snacks,Debit Card,3,0,5
1006970,Jio Mart,Delhi,33,1037,8,0.9,12,Household,Wallet,5,1,5
1006971,Big Basket,Hyderabad,50,309,14,4.4,13,Groceries,UPI,3,1,3
1006972,Amazon Now,Mumbai,22,775,17,4.5,13,Dairy,Credit Card,3,0,5
1006973,Amazon Now,Mumbai,26,1570,18,1.0,3,Groceries,Wallet,5,1,5
1006974,Amazon Now,Hyderabad,47,635,22,12.2,5,Personal Care,UPI,4,0,4
1006975,Flipkart Minutes,Chennai,21,50,17,8.8,2,Fruits & Vegetables,Cash on Delivery,2,0,4
1006976,Amazon Now,Haridwar,47,1012,32,8.6,4,Household,Credit Card,3,1,3
1006977,Swiggy Instamart,Hyderabad,25,598,13,4.5,5,Dairy,Credit Card,3,0,4
1006978,Big Basket,Mumbai,33,1741,19,8.8,12,Dairy,Cash on Delivery,3,1,4
1006979,Big Basket,Gurgaon,48,50,18,7.1,19,Snacks,Credit Card,4,1,4
1006980,Big Basket,Chennai,23,64,15,2.8,2,Personal Care,UPI,2,0,5
1006981,Dunzo,Hyderabad,32,1047,10,3.4,19,Dairy,Debit Card,2,1,3
1006982,Big Basket,Gurgaon,42,153,15,7.2,12,Fruits & Vegetables,Credit Card,2,0,5
1006983,Blinkit,Pune,35,50,15,6.1,4,Household,Debit Card,4,0,3
1006984,Swiggy Instamart,Delhi,41,737,9,11.8,9,Dairy,UPI,4,0,4
1006985,Jio Mart,Hyderabad,52,771,22,9.8,1,Personal Care,UPI,1,1,3
1006986,Big Basket,Mumbai,52,580,17,3.4,2,Fruits & Vegetables,Cash on Delivery,2,0,3
1006987,Jio Mart,Delhi,52,692,16,11.6,8,Fruits & Vegetables,UPI,3,1,5
1006988,Big Basket,Pune,41,459,20,13.5,15,Personal Care,Cash on Delivery,4,0,3
1006989,Swiggy Instamart,Bengluru,33,1102,16,7.3,13,Household,Cash on Delivery,3,1,4
1006990,Flipkart Minutes,Kolkata,42,958,14,2.6,1,Snacks,UPI,4,1,5
1006991,Zepto,Haridwar,58,1309,16,0.9,4,Snacks,Credit Card,2,1,4
1006992,Blinkit,Noida,41,487,12,4.4,4,Household,Credit Card,5,0,4
1006993,Dunzo,Haridwar,55,220,28,9.2,2,Beverages,UPI,3,1,4
1006994,Jio Mart,Haridwar,58,379,38,13.0,9,Personal Care,Wallet,5,0,4
1006995,Dunzo,Haridwar,29,50,27,13.5,19,Personal Care,Cash on Delivery,4,0,5
1006996,Jio Mart,Hyderabad,46,103,25,11.3,17,Snacks,Wallet,2,0,4
1006997,Blinkit,Pune,41,516,15,9.8,4,Dairy,Debit Card,3,0,4
1006998,Swiggy Instamart,Gurgaon,33,1034,14,7.4,9,Beverages,UPI,2,1,5
1006999,Flipkart Minutes,Haridwar,45,393,26,4.4,3,Household,Credit Card,5,0,3
1007000,Flipkart Minutes,Mumbai,55,1181,20,13.2,14,Personal Care,Credit Card,3,1,2
1007001,Dunzo,Jaipur,58,50,16,5.4,19,Dairy,Debit Card,4,1,4
1007002,Swiggy Instamart,Mumbai,19,1493,19,13.8,8,Beverages,Cash on Delivery,5,1,3
1007004,Blinkit,Gurgaon,47,723,18,12.6,6,Snacks,UPI,2,1,5
1007005,Flipkart Minutes,Jaipur,53,748,21,5.8,1,Household,Cash on Delivery,2,0,5
1007006,Amazon Now,Amritsar,33,126,16,1.3,17,Beverages,UPI,2,0,4
1007007,Swiggy Instamart,Chennai,53,493,18,12.9,4,Household,Cash on Delivery,2,1,4
1007008,Swiggy Instamart,Haridwar,46,50,26,7.6,12,Personal Care,Debit Card,5,1,5
1007009,Blinkit,Jaipur,55,621,20,10.5,11,Dairy,Credit Card,4,0,4
1007010,Jio Mart,Noida,38,850,24,10.4,4,Snacks,UPI,4,1,3
1007011,Blinkit,Jaipur,38,153,21,7.7,10,Personal Care,Cash on Delivery,5,0,4
1007012,Big Basket,Gurgaon,49,326,16,2.5,14,Dairy,Debit Card,1,0,4
1007013,Swiggy Instamart,Kolkata,36,109,19,14.0,15,Household,UPI,3,0,5
1007014,Swiggy Instamart,Chennai,26,1172,18,11.4,17,Snacks,Credit Card,2,1,4
1007015,Swiggy Instamart,Chennai,29,485,12,1.0,7,Dairy,UPI,5,0,4
1007016,Blinkit,Mumbai,40,1022,20,11.9,14,Groceries,Cash on Delivery,2,1,3
1007017,Flipkart Minutes,Delhi,48,1467,6,5.0,19,Groceries,Debit Card,4,1,4
1007018,Zepto,Hyderabad,26,421,8,8.8,14,Snacks,Wallet,4,0,5
1007019,Blinkit,Haridwar,55,50,24,3.0,18,Groceries,UPI,3,0,3
1007020,Flipkart Minutes,Mumbai,25,734,19,7.6,1,Household,Cash on Delivery,3,1,3
1007021,Swiggy Instamart,Noida,18,1460,20,12.7,5,Beverages,UPI,2,1,5
1007022,Jio Mart,Pune,49,471,19,2.4,13,Dairy,UPI,3,1,5
1007023,Zepto,Pune,31,536,10,12.0,18,Household,Wallet,3,0,3
1007024,Blinkit,Noida,55,755,10,1.2,3,Dairy,Cash on Delivery,3,0,5
1007025,Jio Mart,Haridwar,26,206,33,2.9,8,Snacks,Debit Card,1,0,4
1007026,Dunzo,Hyderabad,59,320,11,1.3,13,Dairy,Debit Card,2,0,4
1007027,Amazon Now,Amritsar,40,792,15,4.5,4,Beverages,Cash on Delivery,4,0,4
1007028,Amazon Now,Bengluru,59,224,21,12.5,16,Groceries,Cash on Delivery,3,0,5
1007029,Amazon Now,Chennai,20,133,20,10.0,6,Dairy,Credit Card,4,0,4
1007030,Big Basket,Gurgaon,27,630,16,8.6,2,Beverages,Wallet,3,0,3
1007032,Flipkart Minutes,Hyderabad,48,560,17,11.8,8,Snacks,Credit Card,3,0,3
1007033,Flipkart Minutes,Delhi,34,416,8,9.5,19,Household,Debit Card,5,0,4
1007034,Zepto,Jaipur,53,277,9,3.6,11,Groceries,Credit Card,2,0,4
1007035,Zepto,Hyderabad,59,954,8,7.7,3,Fruits & Vegetables,UPI,3,0,4
1007036,Flipkart Minutes,Pune,45,126,15,6.7,5,Household,Cash on Delivery,1,0,4
1007037,Flipkart Minutes,Gurgaon,59,506,15,3.5,7,Beverages,Credit Card,2,0,3
1007038,Zepto,Jaipur,23,649,11,5.9,14,Beverages,Cash on Delivery,4,0,4
1007039,Big Basket,Amritsar,34,338,17,8.6,2,Snacks,Debit Card,4,1,4
1007040,Swiggy Instamart,Haridwar,44,98,27,9.9,19,Personal Care,UPI,3,1,3
1007041,Big Basket,Pune,24,1048,12,1.8,5,Personal Care,UPI,5,1,4
1007042,Swiggy Instamart,Jaipur,44,962,23,14.7,14,Dairy,Credit Card,2,0,3
1007043,Amazon Now,Noida,38,555,19,11.0,3,Beverages,Wallet,3,1,4
1007044,Blinkit,Bengluru,58,239,18,10.6,17,Fruits & Vegetables,Wallet,4,1,3
1007045,Blinkit,Gurgaon,40,916,12,6.6,19,Groceries,Credit Card,3,1,3
1007046,Dunzo,Pune,45,682,16,14.2,15,Fruits & Vegetables,Wallet,4,0,3
1007047,Jio Mart,Bengluru,46,806,22,6.4,12,Dairy,Credit Card,5,1,3
1007048,Big Basket,Gurgaon,52,535,23,15.0,3,Fruits & Vegetables,Cash on Delivery,5,0,4
1007049,Swiggy Instamart,Amritsar,46,426,16,6.2,19,Groceries,Cash on Delivery,2,1,3
1007051,Dunzo,Gurgaon,45,586,10,1.0,16,Household,Debit Card,1,0,3
1007052,Swiggy Instamart,Hyderabad,29,50,15,10.5,13,Fruits & Vegetables,Credit Card,4,0,5
1007053,Dunzo,Haridwar,26,50,28,10.8,13,Dairy,Debit Card,2,0,4
1007054,Zepto,Kolkata,56,188,9,9.3,18,Beverages,Debit Card,4,1,4
1007055,Dunzo,Bengluru,29,1159,14,8.8,12,Household,UPI,4,1,4
1007056,Zepto,Kolkata,37,513,6,1.0,13,Beverages,Credit Card,5,0,3
1007057,Swiggy Instamart,Mumbai,22,1078,19,9.9,7,Fruits & Vegetables,Wallet,2,1,3
1007058,Amazon Now,Mumbai,38,756,18,6.5,18,Dairy,Debit Card,5,1,5
1007059,Dunzo,Delhi,48,1201,8,14.3,7,Dairy,Credit Card,2,1,3
1007060,Amazon Now,Bengluru,18,83,20,10.0,1,Dairy,UPI,1,0,4
1007061,Dunzo,Pune,36,409,8,1.3,1,Snacks,Cash on Delivery,3,0,4
1007062,Jio Mart,Delhi,59,388,11,2.5,19,Dairy,UPI,3,0,4
1007063,Flipkart Minutes,Delhi,53,836,5,7.7,12,Fruits & Vegetables,Cash on Delivery,1,1,3
1007064,Big Basket,Haridwar,49,377,35,14.3,2,Household,Debit Card,1,0,3
1007065,Swiggy Instamart,Bengluru,48,942,16,10.3,14,Beverages,Wallet,4,0,4
1007066,Swiggy Instamart,Hyderabad,42,116,17,11.4,6,Fruits & Vegetables,Debit Card,1,0,4
1007067,Jio Mart,Kolkata,29,211,27,12.5,4,Dairy,Wallet,2,0,4
1007068,Blinkit,Hyderabad,48,540,16,13.9,5,Household,Wallet,4,0,4
1007069,Flipkart Minutes,Gurgaon,26,279,18,8.8,12,Snacks,Debit Card,2,0,4
1007070,Blinkit,Delhi,26,1059,5,5.8,8,Groceries,Cash on Delivery,4,0,5
1007071,Big Basket,Delhi,56,643,5,5.3,2,Dairy,Wallet,2,0,4
1007072,Amazon Now,Haridwar,34,870,31,9.6,7,Fruits & Vegetables,UPI,4,1,3
1007073,Blinkit,Bengluru,59,490,12,5.1,10,Personal Care,UPI,4,0,4
1007074,Dunzo,Amritsar,29,972,15,12.5,6,Dairy,UPI,1,1,4
1007075,Flipkart Minutes,Hyderabad,51,305,15,4.4,19,Dairy,UPI,3,0,3
1007076,Dunzo,Pune,23,238,17,14.3,12,Snacks,Wallet,2,0,3
1007077,Flipkart Minutes,Noida,31,901,15,2.5,19,Dairy,Wallet,3,0,5
1007078,Amazon Now,Mumbai,37,221,21,7.1,6,Beverages,Wallet,5,1,3
1007079,Blinkit,Kolkata,29,1291,15,9.0,17,Household,Credit Card,3,1,3
1007081,Amazon Now,Hyderabad,38,570,22,14.4,13,Personal Care,UPI,3,0,4
1007082,Jio Mart,Mumbai,50,670,26,13.5,2,Beverages,Cash on Delivery,2,0,4
1007083,Blinkit,Pune,58,322,13,5.4,18,Groceries,Debit Card,2,1,3
1007084,Big Basket,Kolkata,53,850,18,9.1,3,Beverages,UPI,3,1,4
1007085,Swiggy Instamart,Pune,20,685,12,2.1,3,Snacks,Credit Card,3,1,3
1007086,Amazon Now,Bengluru,32,821,21,8.7,14,Dairy,UPI,4,0,4
1007087,Jio Mart,Amritsar,42,771,18,0.8,16,Beverages,Credit Card,3,1,3
1007088,Flipkart Minutes,Pune,33,629,13,4.2,2,Beverages,Cash on Delivery,5,0,4
1007089,Swiggy Instamart,Delhi,34,722,7,13.5,18,Groceries,UPI,2,0,3
1007090,Jio Mart,Pune,27,458,22,9.1,17,Personal Care,UPI,4,0,4
1007091,Zepto,Noida,52,1335,8,5.8,16,Groceries,Debit Card,2,1,4
1007092,Amazon Now,Jaipur,43,237,20,5.1,5,Snacks,Cash on Delivery,2,0,4
1007093,Jio Mart,Delhi,19,456,15,10.4,7,Household,Wallet,4,1,4
1007094,Swiggy Instamart,Mumbai,56,382,20,12.7,19,Snacks,UPI,3,1,4
1007095,Flipkart Minutes,Delhi,42,356,6,10.2,16,Household,UPI,4,0,4
1007096,Zepto,Gurgaon,59,1387,10,8.5,9,Snacks,Wallet,4,1,4
1007097,Zepto,Mumbai,42,685,8,4.0,18,Beverages,UPI,4,1,3
1007098,Big Basket,Bengluru,28,298,17,5.7,8,Groceries,UPI,2,0,5
1007099,Dunzo,Noida,44,757,11,4.0,4,Snacks,Wallet,2,0,3
1007100,Big Basket,Noida,52,995,13,2.6,4,Beverages,Cash on Delivery,4,0,3
1007101,Dunzo,Gurgaon,27,997,16,11.5,16,Fruits & Vegetables,UPI,1,0,3
1007102,Zepto,Noida,37,502,10,8.2,6,Groceries,Debit Card,5,1,3
1007103,Flipkart Minutes,Noida,45,619,20,14.7,11,Beverages,UPI,4,0,3
1007104,Flipkart Minutes,Bengluru,20,524,20,10.6,16,Household,Wallet,5,0,4
1007105,Amazon Now,Chennai,38,1396,20,13.3,11,Personal Care,Credit Card,2,1,3
1007106,Jio Mart,Hyderabad,51,426,26,13.0,11,Snacks,Credit Card,4,0,3
1007107,Amazon Now,Chennai,48,497,18,4.5,2,Snacks,Cash on Delivery,3,0,3
1007108,Blinkit,Kolkata,46,314,16,11.2,17,Fruits & Vegetables,Wallet,4,0,4
1007109,Blinkit,Delhi,33,761,5,11.6,5,Personal Care,Debit Card,5,0,3
1007110,Blinkit,Bengluru,50,653,12,5.5,9,Beverages,Cash on Delivery,5,1,4
1007112,Blinkit,Jaipur,19,50,17,7.3,4,Snacks,Credit Card,2,1,5
1007113,Big Basket,Mumbai,57,915,16,4.9,17,Household,Wallet,5,1,3
1007115,Big Basket,Kolkata,27,492,21,11.2,4,Personal Care,Debit Card,4,0,5
1007116,Swiggy Instamart,Chennai,44,1308,13,5.0,10,Groceries,UPI,3,1,4
1007117,Dunzo,Bengluru,48,265,11,3.1,6,Fruits & Vegetables,Cash on Delivery,2,0,4
1007118,Blinkit,Mumbai,54,953,19,14.2,19,Beverages,Debit Card,3,1,4
1007119,Zepto,Noida,31,686,7,7.7,18,Dairy,Wallet,4,0,3
1007120,Jio Mart,Chennai,54,50,23,8.7,9,Snacks,Cash on Delivery,2,1,3
1007121,Blinkit,Jaipur,44,303,17,5.0,4,Groceries,Credit Card,4,0,4
1007122,Flipkart Minutes,Haridwar,28,397,26,6.3,8,Household,Debit Card,2,0,4
1007124,Blinkit,Chennai,50,122,13,5.8,14,Dairy,Debit Card,3,0,4
1007125,Blinkit,Noida,51,230,14,6.3,18,Fruits & Vegetables,Debit Card,3,0,4
1007126,Swiggy Instamart,Amritsar,52,50,12,1.3,8,Snacks,UPI,4,0,4
1007127,Jio Mart,Jaipur,52,58,26,5.1,9,Beverages,Debit Card,4,0,4
1007129,Zepto,Hyderabad,19,1303,7,8.1,11,Household,Debit Card,4,1,3
1007130,Big Basket,Haridwar,38,333,32,14.4,5,Fruits & Vegetables,Credit Card,3,0,3
1007131,Dunzo,Mumbai,19,280,14,6.9,1,Household,Credit Card,2,1,3
1007132,Zepto,Gurgaon,55,1261,5,2.0,4,Fruits & Vegetables,Debit Card,4,0,4
1007133,Blinkit,Gurgaon,51,50,16,12.8,8,Snacks,Debit Card,4,0,3
1007134,Zepto,Noida,29,50,6,4.2,1,Personal Care,Debit Card,3,1,3
1007135,Amazon Now,Jaipur,23,282,21,4.4,4,Beverages,Credit Card,3,0,4
1007136,Jio Mart,Jaipur,21,321,31,11.5,2,Snacks,UPI,4,1,4
1007137,Swiggy Instamart,Hyderabad,24,605,13,6.8,6,Fruits & Vegetables,Credit Card,3,0,4
1007138,Big Basket,Noida,18,1389,20,14.7,16,Groceries,UPI,3,1,3
1007139,Dunzo,Kolkata,30,758,12,5.4,2,Dairy,Debit Card,1,1,4
1007140,Zepto,Kolkata,56,474,8,8.4,6,Beverages,Cash on Delivery,3,1,3
1007141,Swiggy Instamart,Gurgaon,19,614,11,2.2,6,Groceries,UPI,5,0,4
1007142,Blinkit,Jaipur,57,419,18,6.2,2,Groceries,UPI,4,0,4
1007143,Jio Mart,Haridwar,51,146,33,3.6,16,Snacks,Cash on Delivery,3,0,4
1007144,Dunzo,Haridwar,42,124,28,10.8,19,Dairy,UPI,4,0,4
1007145,Swiggy Instamart,Gurgaon,34,494,15,6.8,2,Personal Care,Wallet,5,0,3
1007146,Dunzo,Chennai,26,216,12,8.0,12,Household,UPI,1,1,4
1007148,Big Basket,Jaipur,47,50,25,14.2,7,Personal Care,UPI,4,0,4
1007149,Jio Mart,Hyderabad,48,318,27,13.1,7,Household,Credit Card,2,0,5
1007150,Zepto,Noida,40,1296,10,13.0,8,Fruits & Vegetables,Wallet,3,1,3
1007151,Swiggy Instamart,Hyderabad,51,309,19,12.1,7,Beverages,Debit Card,5,1,4
1007152,Jio Mart,Gurgaon,23,312,20,1.0,13,Personal Care,UPI,2,0,4
1007153,Flipkart Minutes,Noida,24,1353,20,12.5,13,Snacks,Credit Card,4,0,5
1007154,Swiggy Instamart,Mumbai,36,50,19,13.3,3,Beverages,Cash on Delivery,3,0,5
1007155,Zepto,Haridwar,39,679,20,5.9,19,Personal Care,UPI,2,1,5
1007156,Dunzo,Jaipur,23,644,17,7.3,8,Dairy,Debit Card,1,1,5
1007157,Dunzo,Jaipur,46,557,19,6.5,2,Snacks,Debit Card,4,1,3
1007158,Flipkart Minutes,Gurgaon,21,637,20,13.0,5,Dairy,Wallet,2,0,4
1007159,Swiggy Instamart,Gurgaon,27,494,18,13.8,10,Dairy,Cash on Delivery,2,0,4
1007160,Jio Mart,Noida,22,132,27,13.3,2,Beverages,Cash on Delivery,2,0,4
1007161,Swiggy Instamart,Jaipur,34,796,23,10.0,3,Snacks,Debit Card,3,0,5
1007162,Flipkart Minutes,Gurgaon,26,976,16,4.8,2,Household,UPI,5,0,3
1007163,Blinkit,Hyderabad,31,484,15,11.4,17,Dairy,Wallet,1,0,3
1007164,Swiggy Instamart,Mumbai,44,803,15,3.3,17,Personal Care,Wallet,2,0,4
1007165,Zepto,Noida,34,601,11,11.5,18,Dairy,Debit Card,4,0,4
1007166,Jio Mart,Pune,49,647,18,1.2,6,Beverages,UPI,4,1,4
1007167,Blinkit,Haridwar,29,50,24,1.3,11,Dairy,Credit Card,4,1,4
1007168,Amazon Now,Amritsar,19,334,21,12.6,18,Dairy,Credit Card,3,0,3
1007169,Big Basket,Hyderabad,49,1026,20,14.6,6,Snacks,Cash on Delivery,4,1,5
1007170,Dunzo,Amritsar,42,590,11,1.1,10,Groceries,Debit Card,3,0,3
1007171,Big Basket,Kolkata,59,966,15,6.6,19,Personal Care,Wallet,4,0,4
1007172,Flipkart Minutes,Delhi,52,649,7,12.3,2,Snacks,Credit Card,1,0,4
1007173,Flipkart Minutes,Amritsar,27,631,14,1.6,7,Groceries,Cash on Delivery,5,1,4
1007174,Dunzo,Noida,30,1322,10,1.6,9,Groceries,Cash on Delivery,4,1,5
1007175,Big Basket,Gurgaon,38,649,19,13.2,5,Fruits & Vegetables,Wallet,1,0,5
1007176,Dunzo,Gurgaon,36,820,16,12.7,5,Fruits & Vegetables,Wallet,2,1,4
1007177,Amazon Now,Haridwar,51,628,32,12.9,6,Snacks,Credit Card,2,1,4
1007178,Dunzo,Noida,36,1065,13,9.5,19,Groceries,Debit Card,1,0,4
1007179,Dunzo,Jaipur,33,748,13,1.5,6,Household,Credit Card,1,1,4
1007180,Blinkit,Chennai,46,515,9,2.2,3,Snacks,Cash on Delivery,2,1,4
1007181,Blinkit,Bengluru,59,485,13,6.7,6,Fruits & Vegetables,Credit Card,5,0,4
1007182,Amazon Now,Noida,47,879,23,14.1,16,Household,Cash on Delivery,5,1,4
1007183,Jio Mart,Jaipur,43,50,28,10.9,9,Dairy,Debit Card,3,0,3
1007184,Zepto,Gurgaon,38,722,9,7.5,15,Groceries,Credit Card,4,0,3
1007185,Amazon Now,Jaipur,40,324,23,8.2,10,Beverages,Wallet,4,0,4
1007187,Big Basket,Jaipur,38,832,18,1.0,10,Groceries,Debit Card,3,1,4
1007188,Swiggy Instamart,Kolkata,33,1028,20,13.5,15,Snacks,Debit Card,5,0,4
1007189,Jio Mart,Chennai,26,755,27,14.4,7,Beverages,Cash on Delivery,2,1,3
1007190,Jio Mart,Gurgaon,58,406,24,7.9,17,Snacks,Debit Card,1,0,4
1007191,Dunzo,Amritsar,30,122,14,12.4,1,Household,UPI,3,1,3
1007192,Flipkart Minutes,Noida,18,835,12,1.1,5,Personal Care,Cash on Delivery,4,0,3
1007193,Jio Mart,Noida,22,546,20,3.3,1,Snacks,Credit Card,1,1,3
1007194,Dunzo,Noida,28,276,14,7.3,13,Beverages,Credit Card,4,1,3
1007195,Flipkart Minutes,Delhi,37,425,8,9.4,5,Snacks,UPI,2,0,4
1007196,Amazon Now,Mumbai,28,183,20,6.0,3,Dairy,Debit Card,2,0,3
1007197,Blinkit,Haridwar,49,290,25,7.4,9,Fruits & Vegetables,Credit Card,5,0,4
1007198,Amazon Now,Hyderabad,39,289,15,1.6,9,Dairy,Credit Card,1,1,4
1007199,Big Basket,Delhi,18,341,10,9.8,15,Beverages,Cash on Delivery,4,1,4
1007200,Flipkart Minutes,Gurgaon,22,1852,14,1.2,5,Household,UPI,2,1,3
1007201,Amazon Now,Chennai,33,499,20,9.2,14,Beverages,Debit Card,3,1,4
1007202,Amazon Now,Jaipur,41,654,20,4.5,3,Dairy,Cash on Delivery,5,0,4
1007203,Big Basket,Gurgaon,29,602,19,13.7,14,Snacks,Debit Card,3,0,3
1007204,Jio Mart,Noida,38,110,18,1.7,2,Personal Care,Wallet,1,0,3
1007205,Big Basket,Pune,47,303,20,13.5,18,Snacks,Credit Card,5,0,4
1007206,Jio Mart,Jaipur,44,50,24,3.7,19,Fruits & Vegetables,Wallet,3,0,4
1007207,Swiggy Instamart,Jaipur,20,412,23,12.1,4,Fruits & Vegetables,Wallet,4,0,4
1007208,Dunzo,Amritsar,38,344,18,13.5,11,Fruits & Vegetables,UPI,4,1,3
1007209,Big Basket,Pune,22,392,22,14.9,15,Household,Wallet,4,0,4
1007210,Zepto,Noida,57,1247,9,11.4,6,Beverages,Cash on Delivery,4,1,4
1007211,Big Basket,Haridwar,54,568,24,0.8,15,Dairy,Cash on Delivery,3,0,4
1007212,Big Basket,Bengluru,37,667,17,4.2,6,Fruits & Vegetables,Wallet,3,1,4
1007213,Amazon Now,Haridwar,50,436,29,9.1,11,Dairy,Credit Card,3,1,4
1007214,Amazon Now,Amritsar,18,911,18,6.6,5,Personal Care,UPI,1,0,3
1007215,Dunzo,Chennai,41,638,13,10.2,7,Household,UPI,4,0,4
1007216,Amazon Now,Noida,46,432,21,9.3,3,Household,UPI,4,0,4
1007217,Blinkit,Pune,22,820,16,10.1,9,Snacks,Credit Card,5,1,4
1007218,Dunzo,Amritsar,32,661,13,8.1,15,Fruits & Vegetables,UPI,4,0,4
1007219,Flipkart Minutes,Bengluru,18,614,13,2.2,19,Snacks,Credit Card,2,1,4
1007220,Flipkart Minutes,Gurgaon,25,385,14,5.6,1,Personal Care,Cash on Delivery,1,1,3
1007221,Jio Mart,Delhi,30,142,11,5.6,13,Snacks,Cash on Delivery,3,0,3
1007222,Swiggy Instamart,Chennai,45,400,10,1.9,15,Beverages,Debit Card,2,0,4
1007223,Amazon Now,Hyderabad,49,657,20,11.9,13,Snacks,UPI,3,0,4
1007224,Big Basket,Jaipur,30,525,23,8.7,19,Dairy,Cash on Delivery,3,0,4
1007225,Big Basket,Jaipur,26,351,17,1.9,14,Snacks,Cash on Delivery,3,0,4
1007226,Big Basket,Mumbai,40,121,22,13.6,2,Beverages,Debit Card,4,0,4
1007227,Amazon Now,Hyderabad,36,585,20,13.2,14,Fruits & Vegetables,Debit Card,1,0,4
1007228,Zepto,Chennai,22,1185,6,2.4,12,Fruits & Vegetables,Credit Card,4,1,4
1007229,Zepto,Chennai,26,930,12,12.2,19,Household,Cash on Delivery,3,0,4
1007230,Jio Mart,Haridwar,38,471,32,0.9,14,Groceries,Credit Card,3,0,4
1007231,Blinkit,Pune,24,357,12,2.4,14,Snacks,Cash on Delivery,5,1,4
1007232,Blinkit,Bengluru,29,792,17,13.9,12,Household,Debit Card,5,1,4
1007233,Amazon Now,Bengluru,29,528,22,14.8,2,Snacks,Wallet,4,0,3
1007234,Dunzo,Haridwar,36,1163,23,5.8,13,Fruits & Vegetables,Credit Card,1,1,4
1007235,Flipkart Minutes,Mumbai,20,406,22,13.3,8,Snacks,Credit Card,4,0,4
1007236,Zepto,Jaipur,55,530,10,4.7,12,Groceries,Credit Card,2,0,3
1007237,Dunzo,Gurgaon,54,637,16,14.9,11,Groceries,Cash on Delivery,1,0,4
1007238,Big Basket,Chennai,19,72,14,1.8,13,Dairy,Debit Card,1,0,5
1007239,Zepto,Gurgaon,51,872,8,9.8,16,Fruits & Vegetables,Cash on Delivery,3,1,3
1007240,Flipkart Minutes,Delhi,19,477,7,10.7,15,Snacks,UPI,1,1,4
1007241,Amazon Now,Chennai,45,364,20,13.4,4,Snacks,UPI,1,1,4
1007242,Blinkit,Jaipur,57,170,22,14.7,11,Dairy,Credit Card,3,0,3
1007243,Big Basket,Amritsar,44,927,14,1.5,7,Snacks,Cash on Delivery,3,1,4
1007244,Zepto,Pune,52,501,7,8.0,10,Personal Care,Cash on Delivery,3,0,3
1007245,Amazon Now,Kolkata,57,119,21,14.4,6,Beverages,Cash on Delivery,4,0,4
1007246,Dunzo,Delhi,57,604,5,10.0,15,Groceries,Cash on Delivery,1,1,4
1007247,Swiggy Instamart,Noida,24,487,14,6.3,14,Beverages,Cash on Delivery,4,0,4
1007248,Blinkit,Chennai,25,50,14,8.7,6,Groceries,Wallet,4,1,4
1007249,Dunzo,Hyderabad,56,896,10,5.0,5,Snacks,Cash on Delivery,4,1,4
1007250,Amazon Now,Mumbai,51,50,20,10.0,15,Household,UPI,3,1,3
1007251,Blinkit,Gurgaon,55,1126,16,9.9,8,Personal Care,Credit Card,4,0,4
1007252,Zepto,Noida,42,798,8,4.4,14,Fruits & Vegetables,Cash on Delivery,3,1,3
1007253,Zepto,Mumbai,40,704,11,10.7,14,Beverages,UPI,3,0,4
1007254,Amazon Now,Mumbai,18,450,21,6.3,10,Personal Care,Credit Card,4,0,4
1007255,Dunzo,Amritsar,28,314,8,1.8,4,Household,UPI,3,1,3
1007256,Dunzo,Delhi,33,185,5,5.3,10,Household,Wallet,4,1,4
1007257,Jio Mart,Noida,28,652,25,10.8,10,Personal Care,Debit Card,4,0,4
1007258,Zepto,Mumbai,20,50,9,8.1,1,Dairy,Cash on Delivery,2,0,5
1007259,Jio Mart,Chennai,40,497,21,8.2,5,Snacks,Cash on Delivery,3,0,4
1007260,Big Basket,Pune,55,670,14,1.8,12,Fruits & Vegetables,Wallet,3,0,3
1007261,Blinkit,Delhi,54,103,5,10.9,4,Household,Wallet,4,1,4
1007262,Big Basket,Amritsar,54,243,18,9.2,18,Dairy,Debit Card,2,1,3
1007263,Amazon Now,Gurgaon,35,1320,16,7.0,13,Household,Wallet,3,1,4
1007264,Jio Mart,Jaipur,27,412,27,5.2,16,Dairy,Credit Card,4,0,3
1007265,Flipkart Minutes,Pune,18,670,18,10.7,7,Groceries,UPI,4,1,4
1007267,Swiggy Instamart,Delhi,18,1076,6,7.1,5,Snacks,Cash on Delivery,4,0,4
1007268,Big Basket,Noida,55,858,19,10.4,19,Snacks,Credit Card,2,1,4
1007269,Blinkit,Gurgaon,44,783,10,3.4,14,Beverages,Debit Card,5,0,2
1007270,Jio Mart,Amritsar,54,146,25,9.8,9,Dairy,Debit Card,3,0,4
1007271,Swiggy Instamart,Mumbai,36,1367,16,4.5,12,Personal Care,Credit Card,2,0,5
1007272,Zepto,Delhi,46,821,5,6.5,2,Household,Wallet,5,0,2
1007273,Jio Mart,Kolkata,30,452,23,6.6,3,Dairy,UPI,4,1,3
1007275,Zepto,Amritsar,44,1282,6,3.1,11,Groceries,Debit Card,4,1,3
1007276,Dunzo,Pune,42,708,10,1.5,18,Household,Debit Card,2,0,4
1007277,Flipkart Minutes,Amritsar,34,158,15,6.0,14,Dairy,Credit Card,2,1,3
1007278,Flipkart Minutes,Jaipur,49,230,23,12.1,18,Fruits & Vegetables,Debit Card,3,0,4
1007279,Big Basket,Bengluru,28,316,17,8.8,17,Household,Credit Card,5,1,3
1007280,Flipkart Minutes,Jaipur,56,158,24,10.1,10,Dairy,Wallet,4,0,3
1007281,Amazon Now,Delhi,42,713,6,0.9,3,Groceries,Debit Card,3,1,4
1007282,Blinkit,Noida,55,225,18,13.4,6,Dairy,Credit Card,3,1,4
1007283,Jio Mart,Mumbai,35,98,22,1.3,14,Fruits & Vegetables,Wallet,3,0,5
1007284,Blinkit,Delhi,57,535,5,2.5,4,Household,Cash on Delivery,3,1,2
1007285,Dunzo,Bengluru,28,777,16,10.2,5,Household,UPI,1,0,4
1007286,Big Basket,Amritsar,19,248,17,8.9,6,Groceries,UPI,3,1,4
1007287,Big Basket,Chennai,30,1063,18,6.6,12,Snacks,Wallet,5,1,4
1007289,Flipkart Minutes,Chennai,56,1165,16,8.7,13,Dairy,UPI,3,1,4
1007290,Dunzo,Delhi,35,147,5,7.6,19,Personal Care,Cash on Delivery,4,1,4
1007291,Amazon Now,Noida,55,1174,15,0.6,19,Dairy,UPI,3,1,5
1007292,Swiggy Instamart,Hyderabad,41,117,16,7.8,16,Fruits & Vegetables,Wallet,2,0,3
1007294,Big Basket,Jaipur,55,346,21,8.0,18,Snacks,Wallet,2,0,4
1007295,Zepto,Gurgaon,46,283,11,11.5,19,Dairy,Cash on Delivery,2,0,4
1007296,Amazon Now,Haridwar,46,621,28,5.5,1,Household,UPI,3,0,4
1007297,Swiggy Instamart,Hyderabad,24,50,13,4.7,10,Beverages,Cash on Delivery,4,0,3
1007298,Jio Mart,Delhi,48,1009,13,10.2,6,Groceries,Credit Card,2,1,4
1007299,Flipkart Minutes,Noida,39,530,18,12.6,13,Household,Debit Card,4,0,4
1007300,Flipkart Minutes,Delhi,53,584,7,7.3,13,Fruits & Vegetables,Wallet,4,1,3
1007301,Jio Mart,Pune,41,710,26,12.1,13,Groceries,Credit Card,4,1,5
1007302,Swiggy Instamart,Chennai,42,274,17,14.1,1,Snacks,Wallet,3,0,5
1007303,Swiggy Instamart,Gurgaon,27,680,18,10.3,5,Groceries,Debit Card,3,0,3
1007304,Swiggy Instamart,Pune,36,634,18,10.3,13,Snacks,Credit Card,2,0,4
1007305,Flipkart Minutes,Noida,37,1287,16,7.0,17,Beverages,Cash on Delivery,1,1,3
1007306,Flipkart Minutes,Pune,36,418,20,14.8,15,Personal Care,Debit Card,2,1,4
1007307,Amazon Now,Chennai,24,541,20,14.0,18,Beverages,Debit Card,5,0,3
1007308,Flipkart Minutes,Bengluru,55,887,19,11.5,11,Fruits & Vegetables,UPI,4,0,4
1007309,Zepto,Delhi,22,1119,5,6.4,11,Groceries,UPI,3,1,3
1007310,Big Basket,Delhi,18,786,5,3.0,12,Fruits & Vegetables,UPI,5,1,4
1007311,Big Basket,Bengluru,52,437,17,5.0,2,Dairy,Wallet,3,1,3
1007312,Flipkart Minutes,Hyderabad,24,532,15,7.4,10,Snacks,UPI,1,0,4
1007313,Blinkit,Pune,40,376,16,12.8,18,Fruits & Vegetables,Cash on Delivery,5,0,4
1007314,Big Basket,Mumbai,32,50,16,2.1,13,Household,UPI,2,0,4
1007315,Flipkart Minutes,Hyderabad,43,839,15,4.2,19,Household,Wallet,2,0,3
1007316,Zepto,Chennai,42,382,12,13.1,8,Dairy,UPI,1,0,4
1007317,Zepto,Gurgaon,54,394,8,5.8,18,Personal Care,UPI,2,0,5
1007318,Dunzo,Haridwar,52,50,25,6.8,13,Snacks,Cash on Delivery,4,1,4
1007319,Big Basket,Mumbai,45,812,17,6.8,18,Fruits & Vegetables,UPI,3,1,4
1007320,Swiggy Instamart,Pune,21,852,18,13.4,19,Dairy,Cash on Delivery,3,1,3
1007321,Blinkit,Chennai,51,909,14,7.2,14,Snacks,UPI,4,1,3
1007322,Jio Mart,Delhi,39,396,6,0.6,6,Personal Care,Credit Card,3,0,5
1007323,Swiggy Instamart,Pune,36,293,17,13.4,5,Fruits & Vegetables,Cash on Delivery,4,0,3
1007324,Jio Mart,Kolkata,25,963,25,14.9,4,Dairy,Debit Card,5,1,4
1007325,Big Basket,Gurgaon,23,640,17,5.1,14,Household,UPI,4,0,4
1007326,Jio Mart,Gurgaon,22,509,21,8.0,15,Beverages,Cash on Delivery,4,1,4
1007327,Swiggy Instamart,Pune,34,639,16,11.9,12,Groceries,Cash on Delivery,4,0,3
1007328,Flipkart Minutes,Kolkata,20,400,16,9.7,10,Dairy,Debit Card,2,0,3
1007329,Jio Mart,Pune,46,995,21,6.1,1,Fruits & Vegetables,Wallet,4,1,3
1007330,Swiggy Instamart,Haridwar,40,1384,24,5.6,15,Household,UPI,4,1,4
1007331,Flipkart Minutes,Delhi,48,99,6,10.0,19,Groceries,Cash on Delivery,2,0,2
1007332,Swiggy Instamart,Amritsar,37,455,15,10.8,18,Household,Cash on Delivery,3,0,3
1007333,Zepto,Bengluru,29,597,10,9.5,9,Beverages,Wallet,4,1,5
1007334,Flipkart Minutes,Kolkata,38,122,15,8.6,9,Fruits & Vegetables,Cash on Delivery,1,0,3
1007335,Flipkart Minutes,Chennai,47,50,17,7.6,5,Fruits & Vegetables,Cash on Delivery,5,0,5
1007336,Zepto,Hyderabad,52,144,5,1.9,15,Dairy,Credit Card,1,0,3
1007337,Big Basket,Amritsar,42,190,15,3.9,15,Dairy,Cash on Delivery,2,1,3
1007338,Blinkit,Kolkata,41,648,13,7.4,1,Personal Care,Wallet,3,0,4
1007339,Zepto,Noida,36,1707,10,11.3,14,Groceries,Credit Card,4,1,3
1007340,Dunzo,Bengluru,53,1009,17,9.6,1,Dairy,UPI,3,0,4
1007341,Blinkit,Chennai,32,473,11,4.0,14,Dairy,Debit Card,3,0,2
1007342,Jio Mart,Delhi,56,871,9,1.8,19,Household,Credit Card,4,1,4
1007343,Blinkit,Amritsar,25,880,13,6.4,17,Fruits & Vegetables,Cash on Delivery,5,0,5
1007344,Flipkart Minutes,Amritsar,29,174,18,8.8,3,Beverages,Credit Card,5,0,4
1007345,Amazon Now,Mumbai,54,600,21,7.4,17,Dairy,Wallet,4,1,4
1007346,Jio Mart,Gurgaon,23,963,22,7.1,13,Dairy,Debit Card,2,1,5
1007347,Blinkit,Noida,42,50,18,14.0,16,Groceries,Wallet,3,0,3
1007348,Jio Mart,Pune,41,273,22,4.7,5,Personal Care,Wallet,4,0,4
1007349,Swiggy Instamart,Delhi,22,495,11,14.7,7,Personal Care,Debit Card,3,0,4
1007350,Jio Mart,Chennai,50,60,25,12.5,16,Fruits & Vegetables,Credit Card,3,0,4
1007351,Jio Mart,Kolkata,51,50,23,6.0,17,Snacks,Debit Card,2,0,3
1007352,Big Basket,Kolkata,40,726,17,8.4,8,Personal Care,Credit Card,4,1,4
1007353,Zepto,Pune,30,50,10,13.1,2,Fruits & Vegetables,Wallet,2,0,4
1007354,Big Basket,Haridwar,28,498,33,14.2,19,Dairy,Cash on Delivery,4,0,5
1007355,Zepto,Haridwar,43,375,24,13.3,11,Snacks,Credit Card,3,0,4
1007356,Big Basket,Bengluru,58,561,21,9.9,3,Dairy,UPI,4,1,4
1007357,Blinkit,Chennai,39,217,11,3.3,13,Beverages,Credit Card,4,1,5
1007358,Flipkart Minutes,Kolkata,36,699,18,13.7,5,Personal Care,Wallet,2,1,4
1007359,Dunzo,Kolkata,34,1531,10,2.7,15,Fruits & Vegetables,Debit Card,4,1,3
1007360,Blinkit,Gurgaon,19,956,13,4.9,7,Beverages,UPI,4,1,3
1007361,Zepto,Noida,27,1033,13,14.8,3,Fruits & Vegetables,Credit Card,3,0,4
1007362,Flipkart Minutes,Bengluru,43,50,19,12.5,13,Household,Debit Card,4,1,5
1007363,Jio Mart,Amritsar,39,585,23,11.8,13,Groceries,Cash on Delivery,1,0,3
1007366,Amazon Now,Haridwar,45,458,28,5.1,10,Household,Cash on Delivery,3,0,5
1007367,Blinkit,Pune,30,906,10,3.9,5,Snacks,Debit Card,3,0,4
1007368,Dunzo,Amritsar,58,162,19,14.2,1,Personal Care,Cash on Delivery,4,1,4
1007370,Jio Mart,Mumbai,36,556,23,9.0,4,Household,UPI,4,0,4
1007371,Amazon Now,Hyderabad,58,358,20,8.8,17,Groceries,UPI,4,1,4
1007372,Jio Mart,Bengluru,24,276,28,14.8,12,Beverages,Debit Card,1,1,4
1007373,Flipkart Minutes,Haridwar,58,1188,30,13.5,18,Snacks,Debit Card,4,1,3
1007374,Swiggy Instamart,Gurgaon,18,1092,14,3.9,7,Beverages,Credit Card,2,1,4
1007375,Amazon Now,Chennai,41,607,24,14.7,14,Household,Wallet,1,1,3
1007376,Blinkit,Hyderabad,58,527,16,11.1,10,Snacks,Wallet,1,0,4
1007377,Amazon Now,Delhi,40,50,6,5.9,5,Dairy,Credit Card,5,0,5
1007378,Flipkart Minutes,Pune,19,604,19,11.8,3,Personal Care,Credit Card,4,1,4
1007379,Zepto,Gurgaon,54,991,5,3.3,17,Personal Care,Debit Card,3,0,4
1007380,Big Basket,Gurgaon,49,548,16,7.2,17,Dairy,Cash on Delivery,3,0,5
1007382,Blinkit,Chennai,50,1325,19,13.2,7,Groceries,Cash on Delivery,3,1,3
1007383,Jio Mart,Chennai,18,50,25,12.6,18,Fruits & Vegetables,Wallet,1,1,4
1007384,Blinkit,Hyderabad,48,50,12,4.1,6,Fruits & Vegetables,Debit Card,3,0,4
1007385,Big Basket,Amritsar,31,979,18,9.0,13,Fruits & Vegetables,Debit Card,2,1,3
1007386,Swiggy Instamart,Amritsar,23,544,11,1.9,18,Personal Care,Debit Card,3,0,4
1007387,Swiggy Instamart,Mumbai,23,969,18,5.9,16,Household,Wallet,5,1,5
1007388,Amazon Now,Chennai,25,187,17,6.7,15,Personal Care,Cash on Delivery,4,0,3
1007389,Jio Mart,Amritsar,36,206,25,10.3,19,Household,Wallet,4,0,4
1007390,Blinkit,Pune,58,939,10,2.4,9,Dairy,Debit Card,4,0,4
1007391,Big Basket,Bengluru,28,816,19,11.4,1,Dairy,UPI,3,1,5
1007392,Zepto,Gurgaon,57,941,8,10.6,15,Snacks,Cash on Delivery,1,0,4
1007393,Big Basket,Gurgaon,45,330,19,12.4,1,Fruits & Vegetables,Cash on Delivery,3,0,5
1007394,Big Basket,Noida,25,794,17,4.3,11,Dairy,Cash on Delivery,2,0,4
1007395,Big Basket,Hyderabad,34,550,18,5.9,4,Groceries,Debit Card,2,0,4
1007397,Flipkart Minutes,Hyderabad,25,431,12,2.6,17,Beverages,Credit Card,4,0,4
1007398,Jio Mart,Mumbai,26,308,26,10.0,5,Household,Wallet,1,1,3
1007399,Amazon Now,Amritsar,40,422,17,5.7,7,Personal Care,Wallet,3,0,5
1007400,Blinkit,Delhi,40,939,8,14.3,7,Dairy,Wallet,4,1,2
1007401,Jio Mart,Jaipur,39,174,25,3.2,3,Personal Care,Wallet,2,0,5
1007402,Amazon Now,Haridwar,46,210,32,10.0,15,Household,UPI,5,1,4
1007403,Amazon Now,Pune,26,103,18,7.5,13,Beverages,UPI,2,0,3
1007405,Blinkit,Gurgaon,51,1224,17,10.2,5,Fruits & Vegetables,Credit Card,3,0,5
1007406,Big Basket,Jaipur,19,688,25,10.1,16,Groceries,Credit Card,4,0,5
1007407,Swiggy Instamart,Delhi,45,1659,5,4.9,5,Household,UPI,4,1,4
1007408,Big Basket,Noida,24,340,20,12.8,15,Snacks,Wallet,3,0,4
1007409,Jio Mart,Amritsar,32,540,24,10.7,17,Groceries,Credit Card,4,0,3
1007410,Dunzo,Jaipur,27,494,17,7.8,13,Beverages,UPI,3,1,5
1007411,Big Basket,Haridwar,39,909,33,13.2,14,Beverages,Debit Card,2,1,5
1007412,Dunzo,Chennai,37,1277,10,4.8,17,Groceries,UPI,1,1,4
1007413,Big Basket,Noida,47,408,16,8.6,2,Personal Care,UPI,2,0,5
1007415,Flipkart Minutes,Haridwar,39,262,32,11.9,1,Personal Care,Cash on Delivery,2,0,3
1007416,Flipkart Minutes,Jaipur,47,525,24,10.8,16,Groceries,Cash on Delivery,2,0,3
1007417,Swiggy Instamart,Noida,53,914,11,1.8,1,Household,Cash on Delivery,5,1,4
1007418,Blinkit,Noida,26,759,11,1.4,3,Household,Credit Card,3,1,5
1007419,Swiggy Instamart,Gurgaon,29,806,14,9.0,5,Snacks,Debit Card,5,1,4
1007420,Dunzo,Jaipur,40,60,20,10.7,15,Personal Care,Cash on Delivery,2,0,3
1007422,Blinkit,Noida,25,1276,15,7.5,11,Household,Cash on Delivery,4,1,4
1007423,Flipkart Minutes,Mumbai,21,1274,20,11.1,8,Groceries,Debit Card,3,1,4
1007424,Amazon Now,Bengluru,48,50,18,7.5,4,Snacks,Debit Card,3,1,3
1007425,Jio Mart,Jaipur,26,385,30,9.2,1,Personal Care,Cash on Delivery,4,0,4
1007427,Flipkart Minutes,Chennai,52,998,11,1.4,5,Dairy,Credit Card,2,1,5
1007428,Dunzo,Haridwar,38,414,22,4.1,12,Groceries,Cash on Delivery,4,0,3
1007429,Dunzo,Amritsar,45,1022,19,15.0,15,Beverages,UPI,3,1,5
1007430,Amazon Now,Mumbai,32,1454,15,1.3,14,Beverages,Wallet,3,1,3
1007431,Dunzo,Pune,31,596,15,7.6,4,Fruits & Vegetables,UPI,3,1,3
1007432,Jio Mart,Haridwar,48,483,37,10.8,5,Beverages,Credit Card,4,0,4
1007433,Blinkit,Amritsar,22,601,9,0.5,2,Groceries,UPI,2,0,4
1007434,Blinkit,Chennai,59,928,17,13.5,15,Dairy,Wallet,5,1,4
1007435,Swiggy Instamart,Delhi,38,62,5,5.1,16,Beverages,Wallet,2,0,4
1007436,Zepto,Chennai,29,851,8,6.3,4,Groceries,Cash on Delivery,5,0,3
1007437,Jio Mart,Kolkata,42,539,23,6.6,3,Snacks,Cash on Delivery,1,0,4
1007438,Jio Mart,Pune,48,718,24,13.2,5,Fruits & Vegetables,UPI,4,0,4
1007439,Big Basket,Delhi,28,133,10,11.8,7,Beverages,Credit Card,4,0,3
1007440,Dunzo,Bengluru,26,308,17,13.2,7,Dairy,Cash on Delivery,2,1,3
1007441,Amazon Now,Bengluru,54,578,15,4.0,5,Dairy,UPI,5,0,3
1007442,Swiggy Instamart,Bengluru,49,209,19,13.0,5,Groceries,Debit Card,5,0,3
1007443,Amazon Now,Chennai,39,756,15,1.2,2,Household,Credit Card,5,1,4
1007444,Big Basket,Mumbai,25,934,22,13.4,5,Household,Cash on Delivery,2,1,5
1007445,Flipkart Minutes,Chennai,29,285,20,12.3,9,Dairy,Wallet,4,1,3
1007446,Flipkart Minutes,Jaipur,30,50,25,11.9,13,Personal Care,Debit Card,3,0,3
1007447,Swiggy Instamart,Jaipur,31,265,20,5.4,16,Dairy,UPI,3,0,4
1007448,Flipkart Minutes,Delhi,47,1285,5,6.4,13,Beverages,UPI,1,0,4
1007449,Flipkart Minutes,Amritsar,58,394,20,12.7,17,Beverages,UPI,5,1,4
1007450,Zepto,Haridwar,21,1015,19,5.9,7,Dairy,UPI,4,0,5
1007451,Dunzo,Bengluru,59,997,14,6.0,6,Household,UPI,1,1,4
1007452,Blinkit,Jaipur,58,189,22,12.4,7,Groceries,UPI,4,1,4
1007453,Dunzo,Amritsar,34,314,19,14.6,11,Beverages,Wallet,2,0,4
1007454,Jio Mart,Pune,59,586,20,2.3,3,Beverages,Credit Card,5,0,3
1007455,Big Basket,Haridwar,55,641,26,3.6,1,Snacks,Wallet,4,0,3
1007456,Blinkit,Gurgaon,21,476,14,4.6,18,Household,Debit Card,5,1,4
1007457,Swiggy Instamart,Delhi,46,461,9,13.7,12,Groceries,UPI,2,0,4
1007458,Amazon Now,Noida,21,351,21,13.3,14,Household,UPI,3,0,4
1007459,Dunzo,Noida,57,268,11,1.2,15,Groceries,Debit Card,1,0,5
1007460,Dunzo,Pune,34,1154,11,4.7,5,Personal Care,Credit Card,3,1,4
1007461,Zepto,Bengluru,22,185,13,13.7,11,Dairy,Credit Card,2,0,4
1007462,Jio Mart,Chennai,27,50,17,2.5,15,Groceries,Cash on Delivery,3,0,4
1007463,Dunzo,Haridwar,24,50,26,5.9,19,Personal Care,Credit Card,1,1,3
1007464,Jio Mart,Noida,23,1560,18,4.0,19,Groceries,Debit Card,2,1,5
1007465,Big Basket,Chennai,27,227,18,7.7,17,Household,Debit Card,4,1,3
1007466,Amazon Now,Chennai,57,827,17,7.1,6,Beverages,Wallet,3,1,5
1007467,Amazon Now,Amritsar,40,522,19,11.3,13,Groceries,Debit Card,2,0,4
1007469,Big Basket,Pune,55,519,21,14.9,3,Groceries,Credit Card,3,1,4
1007471,Amazon Now,Pune,38,242,15,0.8,5,Beverages,Wallet,3,0,2
1007472,Dunzo,Hyderabad,44,682,18,12.5,8,Dairy,Credit Card,1,0,3
1007473,Swiggy Instamart,Kolkata,37,844,12,5.8,4,Snacks,Debit Card,2,0,5
1007474,Blinkit,Pune,43,1087,10,4.0,4,Fruits & Vegetables,UPI,3,1,3
1007475,Big Basket,Hyderabad,39,401,12,2.0,16,Fruits & Vegetables,Wallet,2,0,5
1007476,Flipkart Minutes,Haridwar,57,331,29,11.7,1,Personal Care,UPI,2,0,4
1007477,Dunzo,Gurgaon,53,438,13,9.0,18,Fruits & Vegetables,Debit Card,4,0,4
1007478,Big Basket,Bengluru,43,424,16,7.3,11,Personal Care,UPI,5,0,5
1007479,Jio Mart,Gurgaon,55,690,25,11.1,10,Groceries,Credit Card,4,1,3
1007480,Swiggy Instamart,Noida,44,1476,16,10.7,2,Snacks,UPI,2,1,4
1007481,Blinkit,Amritsar,25,61,19,13.1,8,Fruits & Vegetables,Debit Card,2,0,3
1007482,Flipkart Minutes,Jaipur,57,901,25,11.1,8,Beverages,UPI,1,1,4
1007483,Dunzo,Mumbai,19,903,15,8.6,19,Household,Cash on Delivery,3,0,4
1007484,Dunzo,Amritsar,49,209,17,12.6,6,Dairy,UPI,1,0,5
1007485,Swiggy Instamart,Delhi,58,312,5,6.6,6,Beverages,Cash on Delivery,2,0,5
1007486,Dunzo,Kolkata,37,723,12,9.0,6,Groceries,Wallet,3,1,3
1007487,Zepto,Bengluru,21,208,8,6.1,8,Fruits & Vegetables,Debit Card,3,0,4
1007488,Swiggy Instamart,Gurgaon,39,753,13,1.4,18,Personal Care,UPI,3,1,4
1007490,Jio Mart,Kolkata,34,841,18,1.7,18,Snacks,Credit Card,4,0,5
1007491,Swiggy Instamart,Jaipur,41,521,23,9.4,3,Household,UPI,2,0,2
1007492,Big Basket,Pune,18,892,19,11.2,5,Household,Wallet,4,1,4
1007493,Jio Mart,Hyderabad,30,520,18,2.5,8,Fruits & Vegetables,Wallet,1,0,3
1007494,Blinkit,Kolkata,24,287,17,14.1,12,Snacks,UPI,5,0,3
1007495,Amazon Now,Chennai,56,50,21,14.9,9,Snacks,Credit Card,4,0,3
1007496,Swiggy Instamart,Bengluru,30,759,14,1.4,8,Personal Care,Cash on Delivery,2,0,3
1007497,Big Basket,Chennai,59,74,16,8.2,5,Fruits & Vegetables,Cash on Delivery,5,0,4
1007498,Zepto,Hyderabad,20,50,6,5.8,11,Snacks,UPI,2,1,3
1007499,Blinkit,Pune,20,74,15,6.5,3,Household,Cash on Delivery,5,0,4
1007500,Big Basket,Noida,55,612,15,5.4,17,Groceries,UPI,3,0,3
1007501,Swiggy Instamart,Mumbai,32,888,19,11.2,2,Fruits & Vegetables,Cash on Delivery,4,0,5
1007502,Jio Mart,Delhi,21,774,11,4.1,14,Fruits & Vegetables,Cash on Delivery,3,0,5
1007503,Flipkart Minutes,Chennai,19,419,19,14.2,4,Groceries,Debit Card,4,0,5
1007504,Jio Mart,Mumbai,37,305,25,11.7,11,Household,Wallet,2,0,3
1007506,Swiggy Instamart,Pune,40,693,14,6.6,9,Groceries,Wallet,4,0,5
1007507,Flipkart Minutes,Haridwar,31,279,28,4.8,6,Snacks,Cash on Delivery,1,0,3
1007508,Big Basket,Hyderabad,40,291,20,13.1,4,Beverages,UPI,3,1,3
1007509,Swiggy Instamart,Noida,41,640,19,11.5,3,Snacks,UPI,2,0,4
1007510,Zepto,Mumbai,27,1054,16,14.4,1,Dairy,UPI,4,0,3
1007511,Big Basket,Hyderabad,54,856,17,10.3,4,Groceries,UPI,4,0,4
1007513,Big Basket,Chennai,47,549,17,4.7,11,Groceries,Credit Card,4,0,3
1007514,Blinkit,Amritsar,32,263,9,1.3,6,Beverages,Wallet,3,1,3
1007515,Big Basket,Pune,37,1277,20,12.2,12,Beverages,Cash on Delivery,3,1,4
1007516,Flipkart Minutes,Amritsar,47,183,19,14.7,3,Household,Cash on Delivery,3,1,5
1007518,Flipkart Minutes,Mumbai,27,1266,20,8.8,15,Personal Care,Cash on Delivery,4,1,3
1007519,Swiggy Instamart,Jaipur,29,1039,19,3.3,6,Snacks,Wallet,5,0,3
1007520,Blinkit,Noida,40,220,18,12.5,19,Beverages,Wallet,3,0,4
1007521,Zepto,Gurgaon,35,265,5,1.4,2,Groceries,Cash on Delivery,3,1,4
1007522,Dunzo,Jaipur,36,1186,23,14.6,5,Personal Care,Cash on Delivery,2,1,4
1007523,Amazon Now,Kolkata,35,136,22,12.4,1,Groceries,Credit Card,1,0,4
1007524,Amazon Now,Chennai,33,564,17,2.5,14,Personal Care,Cash on Delivery,2,0,3
1007525,Amazon Now,Pune,26,772,16,3.7,13,Snacks,UPI,5,1,4
1007526,Dunzo,Jaipur,25,145,18,6.4,2,Household,Cash on Delivery,4,0,4
1007527,Jio Mart,Gurgaon,48,551,20,2.9,11,Dairy,Debit Card,2,0,4
1007528,Dunzo,Chennai,28,334,18,13.7,13,Personal Care,Cash on Delivery,3,0,3
1007529,Big Basket,Chennai,35,1584,21,11.3,16,Household,UPI,3,1,3
1007531,Flipkart Minutes,Pune,31,326,17,7.6,5,Fruits & Vegetables,Wallet,5,0,5
1007532,Big Basket,Jaipur,55,486,20,5.7,16,Dairy,Debit Card,2,1,5
1007533,Jio Mart,Hyderabad,46,50,25,9.6,8,Snacks,Cash on Delivery,2,0,4
1007534,Blinkit,Pune,48,1347,13,2.9,5,Household,Credit Card,5,1,5
1007535,Zepto,Mumbai,48,1577,12,13.6,3,Beverages,Wallet,2,0,4
1007536,Zepto,Chennai,26,846,8,7.8,11,Dairy,Credit Card,4,1,3
1007537,Big Basket,Chennai,56,505,18,12.3,6,Dairy,UPI,2,0,4
1007538,Flipkart Minutes,Hyderabad,33,323,14,3.0,9,Snacks,UPI,4,0,4
1007539,Dunzo,Gurgaon,19,1307,14,7.4,18,Household,Wallet,1,1,4
1007540,Big Basket,Pune,39,882,15,1.9,6,Dairy,UPI,3,0,4
1007541,Zepto,Chennai,28,1345,6,7.1,11,Fruits & Vegetables,UPI,3,1,4
1007542,Zepto,Noida,32,771,6,3.2,2,Dairy,Debit Card,3,0,4
1007543,Dunzo,Pune,46,831,14,9.7,5,Fruits & Vegetables,UPI,3,0,4
1007544,Dunzo,Jaipur,27,50,21,11.0,13,Beverages,Debit Card,2,0,4
1007545,Blinkit,Delhi,21,1199,5,12.0,15,Groceries,Cash on Delivery,5,1,3
1007546,Dunzo,Delhi,57,50,5,5.4,6,Dairy,Debit Card,4,1,5
1007547,Flipkart Minutes,Pune,28,138,14,3.8,7,Household,Wallet,4,1,3
1007548,Dunzo,Jaipur,48,325,14,0.9,17,Household,Credit Card,4,1,2
1007549,Zepto,Chennai,59,167,10,11.6,18,Dairy,Cash on Delivery,5,0,4
1007551,Zepto,Jaipur,48,247,18,13.8,11,Personal Care,Debit Card,4,1,4
1007552,Flipkart Minutes,Chennai,28,50,17,6.6,18,Snacks,Wallet,3,0,4
1007553,Amazon Now,Kolkata,30,723,17,2.7,13,Dairy,Cash on Delivery,4,1,5
1007554,Flipkart Minutes,Bengluru,30,470,13,1.4,5,Household,UPI,2,0,3
1007555,Flipkart Minutes,Gurgaon,50,464,12,1.9,8,Household,Cash on Delivery,4,0,3
1007556,Blinkit,Gurgaon,39,753,11,1.6,4,Snacks,UPI,2,1,3
1007557,Jio Mart,Noida,20,723,19,0.8,1,Snacks,Credit Card,1,0,5
1007558,Dunzo,Amritsar,21,1116,14,10.3,13,Personal Care,Wallet,4,1,3
1007560,Dunzo,Pune,19,248,12,4.3,10,Beverages,Credit Card,4,0,4
1007561,Dunzo,Noida,19,205,17,11.9,18,Groceries,Wallet,1,0,4
1007563,Big Basket,Noida,39,461,18,7.4,19,Snacks,Wallet,2,0,4
1007564,Blinkit,Chennai,36,568,17,14.7,12,Personal Care,Credit Card,4,0,4
1007565,Zepto,Gurgaon,58,266,10,12.8,6,Snacks,Cash on Delivery,3,0,4
1007566,Big Basket,Jaipur,48,609,20,7.1,2,Snacks,Debit Card,4,0,4
1007567,Flipkart Minutes,Amritsar,47,156,12,1.5,13,Beverages,UPI,3,0,4
1007568,Swiggy Instamart,Amritsar,27,878,18,11.9,17,Beverages,Cash on Delivery,3,1,4
1007569,Flipkart Minutes,Pune,39,510,19,13.7,5,Snacks,Cash on Delivery,4,1,5
1007570,Flipkart Minutes,Haridwar,33,486,30,11.8,12,Snacks,Debit Card,4,0,5
1007571,Jio Mart,Hyderabad,39,564,20,6.8,13,Snacks,Cash on Delivery,3,0,5
1007572,Blinkit,Pune,46,1195,17,12.7,1,Personal Care,Debit Card,4,1,4
1007573,Big Basket,Pune,35,1023,22,12.8,19,Fruits & Vegetables,Cash on Delivery,5,0,4
1007574,Jio Mart,Hyderabad,32,440,26,14.6,19,Fruits & Vegetables,Credit Card,4,0,4
1007575,Blinkit,Gurgaon,26,800,11,4.1,10,Fruits & Vegetables,Credit Card,4,1,3
1007576,Amazon Now,Bengluru,53,1181,23,12.8,10,Household,UPI,3,1,4
1007577,Amazon Now,Jaipur,54,599,21,5.7,1,Beverages,Credit Card,4,0,5
1007578,Dunzo,Noida,45,732,12,6.1,16,Dairy,UPI,2,0,3
1007579,Zepto,Kolkata,39,790,12,12.4,18,Groceries,Wallet,2,0,3
1007580,Dunzo,Kolkata,37,620,15,9.8,16,Personal Care,Wallet,2,0,3
1007581,Amazon Now,Amritsar,32,658,15,1.9,11,Household,Debit Card,1,0,3
1007582,Dunzo,Jaipur,31,318,20,8.7,10,Snacks,Cash on Delivery,4,0,4
1007583,Dunzo,Pune,34,50,11,6.9,4,Personal Care,UPI,4,0,4
1007584,Dunzo,Bengluru,40,727,9,2.0,2,Fruits & Vegetables,Debit Card,2,0,5
1007586,Jio Mart,Delhi,33,743,10,6.9,17,Dairy,Wallet,2,0,5
1007587,Swiggy Instamart,Chennai,36,1146,13,2.6,1,Beverages,Debit Card,2,0,3
1007589,Jio Mart,Noida,30,753,27,13.1,14,Household,UPI,4,0,4
1007590,Amazon Now,Kolkata,23,490,19,6.9,9,Groceries,Wallet,5,0,5
1007591,Swiggy Instamart,Hyderabad,29,50,17,8.0,3,Household,Credit Card,3,0,4
1007592,Jio Mart,Hyderabad,54,50,20,5.1,10,Personal Care,Cash on Delivery,2,0,4
1007594,Amazon Now,Bengluru,53,345,20,10.3,13,Dairy,Debit Card,4,0,3
1007595,Blinkit,Hyderabad,48,50,13,2.7,2,Dairy,Debit Card,2,1,4
1007596,Jio Mart,Jaipur,18,765,29,13.5,19,Snacks,Debit Card,3,0,5
1007597,Amazon Now,Bengluru,51,862,20,10.6,17,Groceries,UPI,3,0,3
1007599,Amazon Now,Chennai,33,1108,15,2.9,17,Fruits & Vegetables,Cash on Delivery,3,1,3
1007601,Swiggy Instamart,Amritsar,36,932,13,2.4,5,Dairy,Wallet,3,1,5
1007603,Jio Mart,Kolkata,47,348,28,14.4,14,Fruits & Vegetables,UPI,4,1,4
1007604,Big Basket,Hyderabad,36,575,17,10.7,19,Beverages,Cash on Delivery,2,0,4
1007605,Big Basket,Amritsar,25,369,20,13.2,1,Beverages,Debit Card,2,0,3
1007606,Dunzo,Bengluru,54,479,13,2.5,11,Groceries,Debit Card,5,0,4
1007608,Big Basket,Hyderabad,52,831,17,10.6,15,Groceries,Wallet,2,0,5
1007609,Dunzo,Haridwar,56,355,22,1.4,13,Household,UPI,1,1,3
1007611,Jio Mart,Hyderabad,38,315,22,8.9,7,Personal Care,Wallet,3,1,3
1007612,Amazon Now,Amritsar,36,542,16,1.6,5,Beverages,UPI,4,0,4
1007613,Jio Mart,Noida,41,740,21,8.2,5,Snacks,Cash on Delivery,2,1,4
1007615,Zepto,Amritsar,27,782,6,5.1,12,Beverages,Debit Card,3,0,3
1007616,Amazon Now,Bengluru,57,1162,21,7.7,16,Household,Wallet,3,1,2
1007617,Jio Mart,Pune,20,488,25,13.8,3,Household,Credit Card,2,1,3
1007618,Amazon Now,Bengluru,38,195,21,9.5,12,Beverages,Cash on Delivery,4,1,5
1007619,Big Basket,Chennai,54,683,21,14.1,8,Dairy,Debit Card,3,1,3
1007620,Blinkit,Bengluru,36,874,11,2.8,16,Snacks,Cash on Delivery,5,0,4
1007621,Jio Mart,Jaipur,35,50,23,3.0,13,Snacks,Credit Card,3,0,4
1007622,Zepto,Delhi,39,50,5,7.9,12,Personal Care,UPI,4,0,4
1007623,Big Basket,Delhi,19,479,10,13.2,7,Beverages,Credit Card,5,0,5
1007624,Dunzo,Mumbai,30,359,14,5.6,6,Fruits & Vegetables,Cash on Delivery,2,0,4
1007625,Blinkit,Noida,47,414,14,7.2,17,Fruits & Vegetables,UPI,5,1,4
1007626,Big Basket,Pune,57,930,17,4.8,3,Dairy,Debit Card,1,1,3
1007627,Flipkart Minutes,Pune,31,307,18,13.8,3,Fruits & Vegetables,Credit Card,3,1,3
1007628,Zepto,Amritsar,52,497,7,4.4,19,Fruits & Vegetables,Wallet,2,0,5
1007629,Flipkart Minutes,Amritsar,57,477,15,3.1,14,Household,Credit Card,1,0,5
1007630,Big Basket,Gurgaon,33,1313,16,4.6,4,Household,Credit Card,2,1,4
1007631,Dunzo,Pune,20,741,11,1.7,4,Beverages,Cash on Delivery,3,1,3
1007632,Flipkart Minutes,Hyderabad,49,315,14,5.5,8,Dairy,Cash on Delivery,4,1,4
1007633,Swiggy Instamart,Chennai,35,610,20,13.8,2,Snacks,Debit Card,3,0,4
1007634,Amazon Now,Jaipur,35,1011,21,1.9,1,Dairy,Credit Card,1,0,3
1007635,Dunzo,Kolkata,56,1016,16,10.6,19,Fruits & Vegetables,Credit Card,1,1,4
1007636,Zepto,Hyderabad,28,239,11,13.6,14,Personal Care,Debit Card,1,0,3
1007637,Blinkit,Delhi,31,489,5,2.2,8,Fruits & Vegetables,Debit Card,4,1,4
1007639,Blinkit,Hyderabad,54,50,16,8.3,10,Fruits & Vegetables,UPI,2,1,4
1007640,Jio Mart,Bengluru,19,758,22,3.6,7,Beverages,Credit Card,3,1,4
1007641,Big Basket,Delhi,30,1025,5,5.8,4,Personal Care,Credit Card,2,1,3
1007642,Dunzo,Jaipur,32,730,15,2.8,10,Fruits & Vegetables,Wallet,4,1,3
1007643,Blinkit,Hyderabad,49,675,11,3.6,14,Groceries,Wallet,5,0,3
1007644,Flipkart Minutes,Noida,43,152,13,2.3,12,Dairy,Cash on Delivery,4,0,4
1007645,Blinkit,Pune,57,251,15,7.1,4,Dairy,Debit Card,2,1,3
1007647,Dunzo,Gurgaon,32,1063,9,1.0,18,Dairy,Wallet,3,1,4
1007648,Big Basket,Hyderabad,52,690,18,10.8,5,Beverages,UPI,3,0,4
1007650,Swiggy Instamart,Delhi,27,887,5,5.4,19,Groceries,Wallet,2,1,4
1007652,Big Basket,Kolkata,55,445,20,15.0,12,Dairy,Debit Card,4,0,3
1007653,Blinkit,Jaipur,42,50,24,12.8,11,Dairy,Debit Card,3,0,5
1007654,Jio Mart,Bengluru,36,569,21,2.2,15,Dairy,Debit Card,5,0,5
1007655,Blinkit,Gurgaon,36,768,10,1.8,3,Dairy,Debit Card,2,0,5
1007656,Jio Mart,Gurgaon,45,1032,25,13.8,13,Snacks,Debit Card,1,1,4
1007657,Dunzo,Noida,42,327,16,13.1,1,Snacks,UPI,4,0,4
1007658,Blinkit,Jaipur,58,440,24,13.3,3,Fruits & Vegetables,Wallet,2,1,4
1007659,Blinkit,Pune,24,644,14,6.7,12,Beverages,Credit Card,4,0,5
1007660,Amazon Now,Haridwar,43,667,31,10.2,2,Snacks,UPI,4,1,4
1007661,Flipkart Minutes,Bengluru,33,1298,19,13.0,9,Snacks,Credit Card,3,1,4
1007662,Big Basket,Delhi,28,75,9,9.8,6,Groceries,Credit Card,2,0,5
1007664,Dunzo,Bengluru,27,935,16,10.9,9,Personal Care,Cash on Delivery,2,0,4
1007665,Zepto,Amritsar,31,579,9,9.6,9,Snacks,Credit Card,3,0,3
1007666,Jio Mart,Chennai,46,363,23,10.9,1,Household,UPI,2,0,4
1007667,Blinkit,Gurgaon,55,884,17,13.4,18,Snacks,Credit Card,5,0,5
1007668,Zepto,Pune,47,625,8,4.2,13,Groceries,Credit Card,4,0,4
1007669,Amazon Now,Hyderabad,19,415,17,4.0,4,Personal Care,UPI,4,0,4
1007670,Amazon Now,Haridwar,26,1069,35,13.3,10,Groceries,UPI,4,1,3
1007671,Dunzo,Amritsar,51,658,16,13.6,9,Fruits & Vegetables,Credit Card,1,0,4
1007672,Jio Mart,Kolkata,53,50,18,2.2,19,Household,Debit Card,4,0,4
1007673,Jio Mart,Chennai,35,293,19,2.3,8,Dairy,Debit Card,4,0,5
1007674,Amazon Now,Pune,36,412,17,3.6,19,Beverages,Credit Card,1,0,4
1007675,Amazon Now,Delhi,56,719,7,4.5,9,Household,Debit Card,3,1,4
1007676,Flipkart Minutes,Bengluru,45,1078,19,8.8,6,Dairy,Cash on Delivery,3,1,5
1007677,Zepto,Hyderabad,23,199,9,11.2,8,Groceries,Debit Card,1,0,3
1007678,Flipkart Minutes,Kolkata,52,282,11,0.6,14,Household,Cash on Delivery,1,1,3
1007679,Zepto,Delhi,47,453,5,11.2,4,Personal Care,UPI,4,0,4
1007680,Jio Mart,Chennai,53,50,22,7.6,7,Personal Care,Debit Card,3,0,3
1007681,Blinkit,Noida,29,264,17,14.9,7,Personal Care,Credit Card,4,1,5
1007683,Amazon Now,Pune,20,1148,21,9.9,16,Household,Cash on Delivery,5,1,4
1007684,Zepto,Mumbai,31,278,8,5.3,1,Fruits & Vegetables,Wallet,2,0,3
1007685,Dunzo,Hyderabad,35,473,11,7.5,15,Fruits & Vegetables,UPI,2,0,4
1007686,Zepto,Delhi,48,423,5,3.3,11,Personal Care,UPI,3,1,5
1007687,Big Basket,Amritsar,36,873,17,4.4,1,Snacks,Wallet,4,1,3
1007688,Zepto,Bengluru,29,900,15,14.7,19,Household,Cash on Delivery,5,1,3
1007689,Dunzo,Jaipur,20,1055,17,4.2,5,Beverages,Cash on Delivery,4,1,4
1007690,Swiggy Instamart,Gurgaon,25,1185,16,11.1,1,Groceries,Debit Card,3,1,4
1007691,Blinkit,Noida,51,1641,16,11.9,16,Beverages,Wallet,5,1,4
1007692,Jio Mart,Haridwar,26,373,31,0.7,6,Fruits & Vegetables,Credit Card,5,0,4
1007693,Swiggy Instamart,Delhi,31,707,5,4.7,15,Fruits & Vegetables,Credit Card,3,0,4
1007694,Jio Mart,Jaipur,21,342,26,5.4,7,Fruits & Vegetables,Debit Card,4,1,5
1007695,Dunzo,Amritsar,47,687,14,7.1,7,Fruits & Vegetables,Debit Card,3,0,4
1007696,Swiggy Instamart,Pune,52,795,12,3.2,18,Personal Care,Debit Card,3,1,4
1007697,Big Basket,Haridwar,51,272,31,11.1,11,Dairy,Cash on Delivery,4,0,4
1007698,Jio Mart,Delhi,33,493,10,7.0,13,Groceries,Wallet,4,0,4
1007699,Jio Mart,Hyderabad,22,196,22,7.2,14,Personal Care,Wallet,2,1,4
1007700,Big Basket,Haridwar,26,396,25,2.3,4,Snacks,Credit Card,4,0,4
1007701,Jio Mart,Gurgaon,42,411,20,6.1,8,Fruits & Vegetables,Debit Card,1,0,4
1007702,Swiggy Instamart,Amritsar,39,443,18,12.9,4,Household,Credit Card,3,1,3
1007703,Blinkit,Pune,42,433,11,5.3,18,Snacks,Cash on Delivery,5,0,4
1007704,Dunzo,Delhi,45,297,5,4.7,2,Beverages,UPI,2,0,3
1007705,Swiggy Instamart,Mumbai,21,775,17,8.8,19,Snacks,Wallet,3,0,3
1007706,Flipkart Minutes,Mumbai,23,377,17,6.4,19,Dairy,Credit Card,4,0,3
1007707,Dunzo,Hyderabad,45,56,11,7.3,1,Beverages,Credit Card,2,0,4
1007708,Flipkart Minutes,Jaipur,59,50,19,4.1,6,Personal Care,Debit Card,4,0,4
1007709,Big Basket,Gurgaon,38,179,23,14.9,11,Dairy,UPI,3,0,3
1007710,Jio Mart,Jaipur,51,300,29,10.5,7,Fruits & Vegetables,Cash on Delivery,1,0,3
1007711,Dunzo,Bengluru,35,109,19,14.5,8,Beverages,Cash on Delivery,3,1,4
1007712,Dunzo,Pune,32,50,12,3.3,14,Dairy,Credit Card,3,0,3
1007713,Jio Mart,Gurgaon,22,921,25,14.7,3,Dairy,UPI,2,1,4
1007714,Zepto,Hyderabad,33,418,7,3.0,6,Fruits & Vegetables,Credit Card,3,1,5
1007715,Zepto,Delhi,44,315,5,4.8,1,Personal Care,Cash on Delivery,3,0,4
1007716,Jio Mart,Mumbai,34,296,23,3.0,19,Fruits & Vegetables,Credit Card,5,1,3
1007717,Jio Mart,Gurgaon,19,50,24,8.6,6,Household,Debit Card,4,0,5
1007718,Dunzo,Bengluru,49,658,15,8.8,3,Beverages,Credit Card,2,1,4
1007719,Big Basket,Noida,31,709,19,7.6,13,Personal Care,Wallet,5,0,5
1007720,Zepto,Bengluru,53,863,6,1.5,9,Groceries,UPI,4,1,4
1007721,Dunzo,Gurgaon,24,493,13,4.3,2,Dairy,Wallet,2,0,3
1007722,Swiggy Instamart,Amritsar,28,896,10,2.2,12,Fruits & Vegetables,Credit Card,3,1,4
1007723,Flipkart Minutes,Gurgaon,36,50,18,13.5,12,Snacks,UPI,2,1,4
1007724,Swiggy Instamart,Pune,19,988,18,13.3,3,Dairy,UPI,4,1,4
1007725,Amazon Now,Noida,25,732,14,2.6,7,Snacks,Wallet,4,0,3
1007726,Big Basket,Pune,49,442,21,12.8,13,Personal Care,Cash on Delivery,3,0,4
1007727,Amazon Now,Delhi,49,690,5,1.4,1,Fruits & Vegetables,Debit Card,3,0,5
1007728,Zepto,Jaipur,23,782,12,7.4,6,Snacks,Wallet,4,0,4
1007729,Amazon Now,Chennai,31,1037,17,7.2,4,Personal Care,Debit Card,2,1,3
1007730,Zepto,Mumbai,46,585,5,1.8,14,Fruits & Vegetables,Credit Card,2,0,4
1007731,Dunzo,Bengluru,46,268,17,9.9,3,Personal Care,Wallet,2,0,3
1007732,Zepto,Noida,34,178,7,3.0,16,Fruits & Vegetables,Credit Card,3,0,4
1007733,Zepto,Noida,49,724,8,9.2,2,Household,Debit Card,1,0,4
1007734,Blinkit,Delhi,34,639,5,9.7,15,Groceries,Wallet,2,0,4
1007735,Flipkart Minutes,Haridwar,48,95,24,0.7,15,Groceries,Debit Card,1,1,3
1007736,Dunzo,Gurgaon,38,398,11,3.4,11,Household,UPI,4,0,4
1007737,Swiggy Instamart,Pune,32,116,15,7.8,10,Snacks,Debit Card,3,0,4
1007738,Swiggy Instamart,Delhi,53,782,8,13.0,1,Personal Care,Wallet,4,0,4
1007739,Flipkart Minutes,Bengluru,52,175,14,2.4,16,Personal Care,Cash on Delivery,4,0,4
1007740,Big Basket,Amritsar,37,85,13,3.7,1,Fruits & Vegetables,UPI,4,1,4
1007741,Jio Mart,Hyderabad,27,1024,17,1.3,19,Beverages,Credit Card,3,1,4
1007742,Swiggy Instamart,Delhi,18,764,6,6.3,12,Dairy,Cash on Delivery,3,1,5
1007743,Swiggy Instamart,Haridwar,54,558,30,11.2,2,Personal Care,Wallet,4,0,3
1007744,Swiggy Instamart,Haridwar,31,387,30,12.3,14,Beverages,UPI,4,1,4
1007745,Flipkart Minutes,Noida,55,1060,14,4.3,16,Personal Care,Debit Card,3,0,3
1007746,Big Basket,Chennai,57,360,17,10.1,13,Snacks,Wallet,2,0,3
1007747,Zepto,Gurgaon,41,374,5,1.6,10,Household,Cash on Delivery,4,0,4
1007748,Flipkart Minutes,Kolkata,58,1052,17,8.8,1,Fruits & Vegetables,Credit Card,4,1,4
1007749,Jio Mart,Chennai,47,813,27,13.2,13,Beverages,Credit Card,5,0,3
1007750,Blinkit,Kolkata,40,114,18,12.6,19,Snacks,Wallet,5,0,4
1007751,Flipkart Minutes,Amritsar,37,317,18,9.4,14,Dairy,Wallet,4,1,4
1007752,Jio Mart,Noida,53,801,26,14.4,14,Beverages,Cash on Delivery,4,1,4
1007753,Blinkit,Pune,41,82,17,10.4,11,Dairy,UPI,4,0,4
1007754,Blinkit,Haridwar,49,1004,26,6.5,12,Dairy,Cash on Delivery,3,1,3
1007755,Jio Mart,Pune,30,75,23,6.7,15,Snacks,Wallet,4,0,3
1007756,Zepto,Pune,55,565,8,5.9,8,Dairy,Cash on Delivery,5,1,4
1007757,Big Basket,Chennai,41,708,19,13.8,1,Snacks,Wallet,4,1,4
1007758,Blinkit,Jaipur,30,862,20,10.5,9,Household,Wallet,4,1,4
1007759,Jio Mart,Gurgaon,33,809,17,1.7,15,Beverages,Cash on Delivery,2,1,4
1007760,Dunzo,Bengluru,24,640,17,11.4,1,Snacks,Wallet,3,1,4
1007761,Dunzo,Mumbai,46,72,18,12.6,3,Fruits & Vegetables,Credit Card,3,1,4
1007762,Swiggy Instamart,Haridwar,51,156,29,12.2,5,Dairy,Wallet,5,0,3
1007763,Big Basket,Noida,29,538,16,6.4,2,Groceries,Wallet,1,0,3
1007764,Dunzo,Jaipur,19,320,19,10.2,9,Groceries,Wallet,1,0,3
1007765,Zepto,Amritsar,23,594,12,13.9,13,Personal Care,Cash on Delivery,2,0,3
1007766,Zepto,Amritsar,19,478,13,13.7,15,Household,Debit Card,4,0,4
1007767,Blinkit,Kolkata,39,50,14,7.0,7,Household,Debit Card,4,0,4
1007768,Dunzo,Mumbai,23,1154,18,9.8,10,Fruits & Vegetables,Cash on Delivery,3,1,4
1007769,Swiggy Instamart,Amritsar,35,568,14,7.6,18,Personal Care,Cash on Delivery,3,1,4
1007771,Dunzo,Noida,47,1203,13,7.7,7,Dairy,UPI,2,0,3
1007772,Amazon Now,Jaipur,48,382,20,0.8,9,Dairy,Cash on Delivery,4,1,3
1007773,Big Basket,Haridwar,56,469,25,3.9,4,Personal Care,Debit Card,3,0,4
1007774,Blinkit,Bengluru,36,770,19,14.6,19,Dairy,Credit Card,2,0,4
1007775,Swiggy Instamart,Delhi,18,792,5,0.6,16,Groceries,Wallet,3,1,3
1007776,Swiggy Instamart,Mumbai,21,756,21,12.9,19,Groceries,Cash on Delivery,3,1,3
1007777,Dunzo,Amritsar,32,627,15,9.0,4,Beverages,Cash on Delivery,3,1,4
1007779,Jio Mart,Noida,32,212,21,6.8,5,Dairy,UPI,3,0,3
1007780,Swiggy Instamart,Jaipur,45,1142,24,11.4,16,Beverages,Debit Card,4,1,4
1007781,Swiggy Instamart,Bengluru,54,1246,20,14.9,1,Household,Cash on Delivery,5,0,5
1007782,Zepto,Pune,59,665,12,13.2,7,Beverages,Credit Card,4,0,4
1007783,Jio Mart,Mumbai,57,437,28,15.0,8,Snacks,Cash on Delivery,4,0,4
1007784,Jio Mart,Amritsar,44,357,24,9.5,5,Dairy,Cash on Delivery,5,0,4
1007785,Blinkit,Kolkata,32,454,13,4.7,17,Personal Care,Debit Card,2,0,4
1007786,Big Basket,Noida,51,1344,16,6.6,2,Beverages,Wallet,3,1,3
1007787,Amazon Now,Jaipur,37,50,20,5.1,5,Snacks,Debit Card,3,0,5
1007788,Flipkart Minutes,Haridwar,37,50,26,2.5,16,Dairy,Cash on Delivery,2,0,3
1007789,Jio Mart,Bengluru,31,269,26,13.7,2,Personal Care,Debit Card,4,0,4
1007790,Zepto,Gurgaon,53,1109,6,2.2,12,Fruits & Vegetables,Cash on Delivery,2,0,3
1007791,Jio Mart,Delhi,47,595,12,7.7,6,Fruits & Vegetables,Debit Card,4,0,4
1007792,Zepto,Amritsar,23,50,13,14.9,10,Fruits & Vegetables,UPI,1,1,4
1007793,Flipkart Minutes,Chennai,55,1172,19,9.7,15,Dairy,UPI,2,0,3
1007794,Amazon Now,Haridwar,54,553,30,9.5,9,Personal Care,Debit Card,4,1,3
1007795,Dunzo,Noida,58,178,17,13.7,5,Groceries,Credit Card,4,0,4
1007796,Jio Mart,Chennai,37,547,25,11.0,14,Fruits & Vegetables,Credit Card,2,1,4
1007797,Flipkart Minutes,Gurgaon,42,1050,13,4.0,9,Fruits & Vegetables,UPI,4,0,3
1007798,Jio Mart,Delhi,23,50,11,7.9,8,Fruits & Vegetables,Debit Card,3,0,4
1007799,Jio Mart,Jaipur,29,457,31,13.1,18,Snacks,Debit Card,3,0,4
1007800,Dunzo,Bengluru,33,791,13,7.0,3,Fruits & Vegetables,Cash on Delivery,2,1,3
1007801,Jio Mart,Mumbai,45,459,28,12.5,5,Fruits & Vegetables,Debit Card,3,0,5
1007802,Swiggy Instamart,Chennai,54,1287,13,5.6,1,Household,Credit Card,5,1,4
1007803,Dunzo,Pune,37,155,16,10.8,18,Personal Care,Wallet,1,1,4
1007804,Jio Mart,Kolkata,39,864,18,0.6,7,Fruits & Vegetables,UPI,2,1,3
1007805,Blinkit,Jaipur,18,581,16,1.3,8,Household,UPI,5,1,3
1007806,Zepto,Kolkata,29,1226,12,12.8,8,Dairy,UPI,2,0,4
1007807,Blinkit,Amritsar,21,407,11,5.4,9,Beverages,Cash on Delivery,3,0,5
1007808,Jio Mart,Amritsar,21,386,22,9.6,18,Household,Cash on Delivery,5,1,4
1007809,Swiggy Instamart,Mumbai,30,114,17,8.4,15,Dairy,Debit Card,5,0,4
1007810,Blinkit,Pune,46,452,15,11.8,6,Household,Cash on Delivery,5,0,4
1007811,Amazon Now,Haridwar,28,616,27,4.2,14,Household,Credit Card,3,1,4
1007812,Swiggy Instamart,Bengluru,23,1290,12,3.2,18,Dairy,Debit Card,5,1,5
1007813,Jio Mart,Delhi,39,50,11,8.6,19,Snacks,Credit Card,1,1,5
1007814,Swiggy Instamart,Delhi,59,998,5,10.0,8,Personal Care,UPI,3,1,5
1007815,Swiggy Instamart,Haridwar,36,1005,26,4.6,11,Beverages,UPI,2,0,4
1007816,Amazon Now,Pune,24,226,16,5.7,18,Household,Wallet,1,0,3
1007817,Jio Mart,Haridwar,35,50,33,4.0,6,Dairy,Credit Card,3,0,4
1007818,Flipkart Minutes,Hyderabad,27,50,19,11.8,17,Fruits & Vegetables,UPI,4,1,3
1007819,Dunzo,Gurgaon,29,1211,18,13.5,17,Fruits & Vegetables,Debit Card,2,1,3
1007821,Swiggy Instamart,Chennai,19,120,15,9.5,16,Beverages,Cash on Delivery,3,0,3
1007822,Swiggy Instamart,Chennai,59,1284,14,6.4,3,Groceries,Wallet,2,1,3
1007823,Amazon Now,Gurgaon,32,752,15,3.5,4,Fruits & Vegetables,Debit Card,4,0,4
1007824,Big Basket,Kolkata,48,50,17,9.1,13,Dairy,UPI,2,1,5
1007825,Zepto,Chennai,28,594,11,10.4,7,Fruits & Vegetables,Credit Card,3,0,3
1007826,Swiggy Instamart,Kolkata,31,885,15,4.9,7,Household,Cash on Delivery,3,0,3
1007827,Jio Mart,Amritsar,20,646,19,3.4,7,Dairy,UPI,1,0,5
1007828,Zepto,Mumbai,30,552,7,5.7,2,Beverages,Credit Card,4,1,4
1007829,Blinkit,Noida,20,379,16,11.7,14,Groceries,Cash on Delivery,2,0,4
1007830,Dunzo,Haridwar,41,157,29,13.0,13,Beverages,UPI,4,1,5
1007831,Amazon Now,Haridwar,51,110,34,14.5,4,Beverages,Cash on Delivery,1,0,4
1007832,Swiggy Instamart,Delhi,22,55,8,14.0,10,Fruits & Vegetables,UPI,2,0,4
1007833,Zepto,Jaipur,21,146,14,8.3,14,Beverages,Debit Card,1,0,2
1007834,Jio Mart,Haridwar,54,87,32,1.1,16,Beverages,Debit Card,2,0,3
1007835,Blinkit,Chennai,34,511,12,5.0,10,Fruits & Vegetables,Debit Card,3,0,4
1007837,Big Basket,Gurgaon,18,963,15,7.3,16,Beverages,Credit Card,3,0,5
1007838,Dunzo,Bengluru,58,1088,17,12.3,4,Personal Care,Wallet,4,1,5
1007839,Jio Mart,Delhi,35,592,11,2.9,19,Snacks,UPI,4,1,5
1007840,Dunzo,Chennai,31,50,15,13.8,13,Beverages,Credit Card,2,1,4
1007841,Zepto,Noida,33,523,5,4.5,13,Snacks,Cash on Delivery,4,0,4
1007842,Swiggy Instamart,Kolkata,26,1056,18,11.3,10,Household,Wallet,5,0,4
1007843,Zepto,Jaipur,42,882,13,6.0,19,Snacks,UPI,1,1,5
1007844,Flipkart Minutes,Hyderabad,59,269,18,13.9,8,Beverages,Credit Card,3,0,3
1007845,Big Basket,Hyderabad,58,482,17,10.5,1,Dairy,Cash on Delivery,1,0,3
1007846,Zepto,Hyderabad,45,748,5,3.8,13,Snacks,UPI,1,0,3
1007847,Swiggy Instamart,Gurgaon,42,208,16,9.2,9,Snacks,Debit Card,3,1,4
1007848,Amazon Now,Haridwar,50,1131,32,12.0,16,Household,Debit Card,4,1,4
1007849,Amazon Now,Jaipur,34,296,24,8.5,10,Dairy,Wallet,4,0,4
1007850,Swiggy Instamart,Kolkata,40,837,15,9.0,17,Household,Wallet,2,0,3
1007851,Swiggy Instamart,Bengluru,31,783,17,8.6,17,Beverages,Credit Card,2,1,5
1007852,Big Basket,Gurgaon,32,851,14,3.0,14,Groceries,UPI,5,1,4
1007853,Jio Mart,Haridwar,56,759,31,1.3,1,Groceries,UPI,4,1,5
1007854,Jio Mart,Kolkata,28,50,24,9.3,8,Household,Cash on Delivery,3,0,3
1007855,Blinkit,Bengluru,48,713,15,7.2,1,Groceries,Debit Card,5,0,4
1007856,Blinkit,Bengluru,26,326,16,8.1,15,Beverages,Credit Card,3,0,4
1007857,Jio Mart,Haridwar,44,50,33,7.6,8,Dairy,Debit Card,2,1,3
1007858,Amazon Now,Bengluru,34,353,15,4.0,13,Dairy,Cash on Delivery,3,0,4
1007859,Dunzo,Pune,18,1345,9,1.3,16,Snacks,Credit Card,1,1,5
1007860,Big Basket,Gurgaon,49,673,19,10.5,7,Groceries,Wallet,2,1,4
1007861,Swiggy Instamart,Haridwar,20,451,31,13.8,15,Beverages,Cash on Delivery,4,0,4
1007862,Big Basket,Delhi,40,887,10,9.7,17,Personal Care,Wallet,2,0,4
1007863,Swiggy Instamart,Delhi,28,535,5,5.8,2,Beverages,Cash on Delivery,2,0,5
1007864,Big Basket,Hyderabad,59,177,16,4.8,4,Fruits & Vegetables,UPI,2,0,4
1007865,Dunzo,Delhi,36,1149,5,6.4,18,Personal Care,Wallet,4,1,5
1007866,Amazon Now,Kolkata,29,823,17,5.2,1,Groceries,Cash on Delivery,1,0,4
1007867,Jio Mart,Jaipur,20,50,31,13.8,14,Household,Cash on Delivery,4,0,3
1007868,Dunzo,Delhi,54,766,6,11.8,3,Fruits & Vegetables,Debit Card,1,0,4
1007869,Blinkit,Haridwar,48,506,23,3.8,8,Personal Care,Debit Card,4,1,3
1007870,Jio Mart,Jaipur,40,181,26,7.1,1,Snacks,Cash on Delivery,3,0,5
1007871,Flipkart Minutes,Amritsar,39,524,20,14.5,17,Snacks,Cash on Delivery,3,0,4
1007872,Flipkart Minutes,Bengluru,58,883,20,14.7,16,Snacks,Debit Card,5,1,4
1007873,Blinkit,Hyderabad,35,939,17,10.9,17,Beverages,Wallet,4,0,3
1007874,Blinkit,Noida,33,750,14,5.2,6,Fruits & Vegetables,Wallet,5,1,3
1007875,Big Basket,Chennai,37,547,18,6.4,1,Personal Care,UPI,2,0,4
1007876,Flipkart Minutes,Jaipur,50,445,26,13.0,2,Household,Cash on Delivery,1,1,3
1007877,Blinkit,Delhi,30,1358,8,14.2,17,Dairy,Debit Card,3,1,3
1007878,Dunzo,Gurgaon,38,601,16,14.5,16,Personal Care,Wallet,2,0,4
1007879,Zepto,Bengluru,39,50,12,14.0,19,Beverages,UPI,5,0,3
1007880,Jio Mart,Chennai,46,73,24,11.0,13,Groceries,Cash on Delivery,3,0,4
1007881,Flipkart Minutes,Bengluru,25,677,14,1.8,8,Dairy,Credit Card,5,1,4
1007882,Dunzo,Haridwar,56,459,24,6.1,19,Beverages,Cash on Delivery,4,1,3
1007883,Amazon Now,Pune,35,751,19,11.1,3,Snacks,Cash on Delivery,2,1,3
1007884,Jio Mart,Mumbai,54,886,21,4.5,5,Fruits & Vegetables,Credit Card,2,0,4
1007885,Dunzo,Noida,22,802,17,13.6,11,Beverages,Credit Card,2,0,3
1007886,Blinkit,Pune,33,982,11,4.3,7,Dairy,Wallet,4,1,4
1007887,Big Basket,Bengluru,40,955,15,0.6,14,Personal Care,Debit Card,2,0,3
1007888,Dunzo,Haridwar,29,1248,27,10.3,17,Household,UPI,3,1,4
1007889,Zepto,Delhi,36,1093,5,2.7,13,Fruits & Vegetables,Cash on Delivery,4,1,3
1007890,Zepto,Noida,32,967,10,12.4,16,Personal Care,Wallet,2,1,4
1007891,Blinkit,Kolkata,33,601,15,7.1,11,Fruits & Vegetables,Debit Card,3,0,4
1007892,Dunzo,Haridwar,54,50,24,5.0,16,Dairy,UPI,1,1,4
1007893,Dunzo,Kolkata,37,367,11,4.2,14,Personal Care,Debit Card,1,1,5
1007894,Amazon Now,Pune,21,405,15,5.3,18,Household,Wallet,2,0,4
1007896,Big Basket,Haridwar,32,715,30,12.4,9,Dairy,Debit Card,2,0,3
1007897,Swiggy Instamart,Delhi,52,143,5,10.6,19,Snacks,Wallet,5,0,4
1007898,Amazon Now,Delhi,24,1108,5,5.0,18,Snacks,Wallet,2,1,4
1007899,Zepto,Chennai,30,243,11,10.6,17,Household,Credit Card,2,0,4
1007900,Blinkit,Hyderabad,50,839,13,6.4,17,Fruits & Vegetables,Cash on Delivery,2,0,4
1007901,Zepto,Amritsar,42,736,5,1.7,15,Personal Care,Wallet,3,0,3
1007902,Flipkart Minutes,Kolkata,27,1660,20,14.0,10,Fruits & Vegetables,Debit Card,4,1,5
1007903,Zepto,Delhi,18,606,5,11.8,9,Beverages,Credit Card,5,1,5
1007904,Blinkit,Kolkata,24,518,10,3.1,10,Fruits & Vegetables,Cash on Delivery,4,0,4
1007905,Amazon Now,Jaipur,18,50,23,8.6,18,Snacks,Cash on Delivery,3,0,3
1007906,Amazon Now,Pune,35,50,16,2.2,3,Personal Care,Cash on Delivery,4,1,3
1007907,Big Basket,Kolkata,58,1223,18,7.6,8,Beverages,UPI,4,0,4
1007908,Swiggy Instamart,Haridwar,57,851,27,5.4,19,Fruits & Vegetables,Cash on Delivery,3,0,4
1007909,Dunzo,Kolkata,56,250,15,12.2,14,Dairy,Wallet,1,1,4
1007910,Swiggy Instamart,Kolkata,54,975,17,10.0,18,Personal Care,Debit Card,4,1,3
1007911,Zepto,Hyderabad,26,1104,8,7.0,5,Household,Cash on Delivery,2,1,4
1007912,Swiggy Instamart,Jaipur,28,1124,15,0.7,19,Groceries,Credit Card,3,1,3
1007913,Zepto,Delhi,36,1271,5,13.9,15,Household,UPI,5,1,4
1007914,Flipkart Minutes,Amritsar,32,650,20,14.4,16,Fruits & Vegetables,Wallet,2,1,4
1007915,Dunzo,Bengluru,52,401,18,12.0,14,Beverages,Wallet,4,0,3
1007916,Flipkart Minutes,Delhi,52,651,5,4.0,16,Groceries,Debit Card,4,0,4
1007917,Jio Mart,Delhi,29,297,17,12.6,18,Beverages,Credit Card,4,1,4
1007918,Amazon Now,Amritsar,41,454,16,5.3,2,Personal Care,Cash on Delivery,1,0,5
1007919,Flipkart Minutes,Kolkata,50,636,14,5.3,8,Fruits & Vegetables,Wallet,5,1,4
1007920,Zepto,Gurgaon,24,892,6,4.8,19,Personal Care,UPI,3,0,3
1007921,Blinkit,Noida,21,797,16,11.2,18,Dairy,Credit Card,3,1,4
1007922,Jio Mart,Jaipur,45,50,31,11.9,9,Household,Credit Card,4,1,4
1007923,Big Basket,Kolkata,40,691,16,7.9,10,Groceries,Wallet,5,0,4
1007924,Swiggy Instamart,Noida,55,955,15,5.8,5,Dairy,Credit Card,4,0,5
1007925,Jio Mart,Chennai,41,547,18,1.0,13,Household,Credit Card,1,0,3
1007926,Swiggy Instamart,Amritsar,45,997,17,12.8,19,Groceries,Cash on Delivery,3,1,4
1007928,Jio Mart,Pune,19,366,19,2.0,8,Beverages,UPI,3,0,4
1007929,Jio Mart,Chennai,24,318,27,14.0,15,Snacks,UPI,4,1,4
1007930,Swiggy Instamart,Kolkata,20,593,19,12.1,16,Personal Care,Credit Card,2,0,4
1007931,Amazon Now,Kolkata,51,1219,20,7.6,6,Snacks,Credit Card,3,1,4
1007932,Amazon Now,Mumbai,48,509,16,2.8,7,Beverages,Credit Card,3,0,4
1007933,Jio Mart,Hyderabad,42,1332,20,2.1,6,Beverages,UPI,3,1,4
1007934,Jio Mart,Hyderabad,55,386,23,7.6,18,Dairy,Debit Card,2,1,4
1007935,Zepto,Hyderabad,22,671,8,5.0,12,Personal Care,UPI,2,1,3
1007936,Big Basket,Delhi,20,621,7,7.8,7,Groceries,Credit Card,3,0,5
1007937,Dunzo,Hyderabad,52,602,8,0.5,4,Fruits & Vegetables,UPI,3,0,4
1007938,Big Basket,Jaipur,26,137,23,12.0,12,Personal Care,UPI,2,1,4
1007939,Amazon Now,Hyderabad,56,467,17,7.3,18,Dairy,Wallet,1,1,4
1007940,Jio Mart,Pune,30,315,25,12.2,16,Household,Cash on Delivery,2,0,4
1007941,Dunzo,Delhi,45,797,5,4.7,19,Beverages,Wallet,3,0,3
1007942,Zepto,Hyderabad,42,722,11,14.7,12,Personal Care,UPI,2,0,3
1007943,Swiggy Instamart,Amritsar,33,982,16,7.7,16,Groceries,UPI,5,1,2
1007944,Amazon Now,Gurgaon,51,728,18,8.4,1,Beverages,Debit Card,3,0,3
1007945,Big Basket,Pune,47,587,13,2.8,9,Groceries,Credit Card,2,0,4
1007946,Amazon Now,Jaipur,54,526,26,13.1,18,Household,Credit Card,4,1,5
1007947,Big Basket,Noida,34,403,15,3.0,10,Groceries,UPI,5,0,4
1007948,Amazon Now,Kolkata,49,801,23,13.2,8,Beverages,Cash on Delivery,3,0,4
1007949,Dunzo,Haridwar,48,420,26,10.0,19,Snacks,Debit Card,2,1,4
1007950,Zepto,Jaipur,51,557,17,12.9,6,Groceries,Cash on Delivery,5,1,4
1007951,Big Basket,Bengluru,48,681,17,9.1,5,Fruits & Vegetables,Debit Card,4,1,4
1007952,Blinkit,Mumbai,55,511,13,1.7,8,Household,UPI,5,0,3
1007954,Dunzo,Delhi,24,393,5,12.9,11,Beverages,Cash on Delivery,3,0,4
1007955,Blinkit,Gurgaon,27,61,10,1.7,12,Personal Care,Wallet,4,0,5
1007956,Dunzo,Hyderabad,53,1309,14,12.5,5,Groceries,UPI,3,1,5
1007957,Big Basket,Hyderabad,46,125,22,13.2,7,Groceries,Cash on Delivery,2,0,4
1007958,Jio Mart,Hyderabad,56,428,25,12.5,12,Fruits & Vegetables,Debit Card,2,0,5
1007959,Big Basket,Noida,45,452,20,9.8,4,Fruits & Vegetables,UPI,4,0,5
1007960,Swiggy Instamart,Haridwar,52,424,29,11.8,10,Groceries,UPI,3,1,4
1007961,Zepto,Gurgaon,23,863,11,15.0,11,Groceries,Debit Card,5,0,3
1007963,Flipkart Minutes,Gurgaon,53,577,17,8.8,9,Groceries,UPI,2,0,4
1007964,Amazon Now,Gurgaon,48,544,16,1.8,11,Snacks,Credit Card,4,0,4
1007966,Amazon Now,Haridwar,44,1093,26,1.6,17,Groceries,Wallet,3,1,4
1007967,Jio Mart,Haridwar,23,50,32,4.6,6,Beverages,Wallet,3,0,4
1007968,Zepto,Amritsar,42,335,8,8.4,13,Personal Care,Debit Card,3,0,3
1007969,Zepto,Haridwar,54,812,16,1.7,4,Beverages,Debit Card,1,0,3
1007970,Zepto,Kolkata,26,646,5,2.2,16,Personal Care,Wallet,4,0,5
1007971,Big Basket,Mumbai,30,99,18,6.4,18,Snacks,Debit Card,3,0,3
1007972,Dunzo,Bengluru,34,405,10,3.9,6,Snacks,Wallet,3,1,5
1007973,Dunzo,Chennai,33,545,17,14.1,4,Snacks,Debit Card,2,1,4
1007974,Amazon Now,Noida,36,310,18,10.2,17,Groceries,Wallet,2,0,3
1007975,Amazon Now,Chennai,44,718,17,3.1,8,Dairy,UPI,3,0,2
1007976,Amazon Now,Delhi,52,553,6,3.6,3,Beverages,Credit Card,4,0,4
1007977,Dunzo,Mumbai,28,1015,15,10.0,17,Dairy,UPI,3,1,5
1007978,Blinkit,Jaipur,29,783,22,14.4,7,Fruits & Vegetables,Wallet,2,1,3
1007979,Blinkit,Delhi,34,90,5,2.7,19,Personal Care,Wallet,2,0,4
1007980,Jio Mart,Delhi,32,701,14,12.6,2,Beverages,UPI,1,1,3
1007981,Dunzo,Haridwar,50,50,25,9.2,5,Personal Care,UPI,2,1,4
1007982,Amazon Now,Kolkata,38,1032,19,11.8,17,Dairy,Credit Card,4,1,4
1007983,Swiggy Instamart,Delhi,27,789,5,4.9,7,Fruits & Vegetables,UPI,5,1,3
1007984,Amazon Now,Pune,26,364,22,11.7,1,Household,Credit Card,4,0,5
1007985,Zepto,Chennai,34,524,9,5.9,17,Dairy,UPI,5,0,3
1007986,Amazon Now,Gurgaon,50,559,19,7.1,8,Dairy,Credit Card,2,1,4
1007988,Amazon Now,Pune,27,448,14,2.8,12,Personal Care,Credit Card,1,0,4
1007989,Jio Mart,Chennai,25,705,24,8.0,19,Snacks,Cash on Delivery,2,0,4
1007990,Dunzo,Bengluru,53,144,13,7.2,5,Personal Care,Debit Card,2,0,4
1007991,Blinkit,Pune,18,569,13,6.5,10,Household,Credit Card,5,0,5
1007992,Jio Mart,Jaipur,31,448,22,1.6,15,Fruits & Vegetables,Credit Card,3,1,4
1007993,Amazon Now,Mumbai,55,380,25,14.6,17,Beverages,Credit Card,4,0,3
1007994,Big Basket,Kolkata,44,215,15,1.4,8,Beverages,Wallet,3,0,3
1007995,Blinkit,Amritsar,52,702,12,1.7,11,Fruits & Vegetables,Wallet,3,0,3
1007997,Jio Mart,Delhi,33,360,13,6.1,9,Fruits & Vegetables,Credit Card,3,1,4
1007998,Amazon Now,Jaipur,42,50,23,6.7,10,Snacks,Credit Card,2,0,3
1007999,Zepto,Gurgaon,55,303,5,1.3,5,Groceries,Credit Card,4,0,3
1008000,Dunzo,Kolkata,24,50,16,12.7,9,Household,Credit Card,4,0,3
1008001,Dunzo,Haridwar,53,330,21,0.7,5,Snacks,Wallet,3,0,5
1008002,Flipkart Minutes,Noida,51,871,21,12.8,13,Beverages,UPI,3,0,4
1008003,Jio Mart,Kolkata,50,309,18,2.9,16,Dairy,UPI,4,0,3
1008004,Amazon Now,Delhi,52,1621,6,4.4,14,Beverages,Cash on Delivery,1,1,3
1008005,Big Basket,Gurgaon,23,663,18,12.1,7,Groceries,Wallet,2,0,3
1008006,Zepto,Mumbai,32,910,7,1.3,3,Personal Care,Cash on Delivery,5,0,3
1008007,Zepto,Bengluru,53,468,5,0.6,16,Fruits & Vegetables,UPI,5,0,4
1008008,Jio Mart,Bengluru,47,658,20,2.2,15,Groceries,Credit Card,5,1,3
1008010,Blinkit,Kolkata,55,418,17,11.0,11,Beverages,Cash on Delivery,2,0,4
1008011,Swiggy Instamart,Noida,44,1096,12,4.9,6,Dairy,Credit Card,5,1,4
1008012,Zepto,Mumbai,56,239,15,14.4,6,Snacks,Cash on Delivery,3,0,3
1008013,Blinkit,Mumbai,51,287,18,13.4,18,Household,Credit Card,5,0,2
1008014,Jio Mart,Mumbai,24,337,26,9.3,18,Household,Wallet,2,0,4
1008015,Amazon Now,Pune,55,133,18,10.7,19,Snacks,Debit Card,4,0,4
1008016,Amazon Now,Delhi,33,321,10,8.8,13,Snacks,UPI,1,0,4
1008017,Amazon Now,Pune,40,394,20,12.1,1,Fruits & Vegetables,Cash on Delivery,3,0,4
1008018,Jio Mart,Kolkata,45,50,21,7.1,1,Groceries,Credit Card,1,0,5
1008019,Amazon Now,Gurgaon,57,1192,13,1.4,16,Snacks,Credit Card,3,1,3
1008020,Amazon Now,Jaipur,36,962,22,3.6,16,Fruits & Vegetables,Credit Card,1,1,4
1008021,Swiggy Instamart,Pune,55,1072,15,8.5,18,Personal Care,Wallet,4,1,3
1008022,Big Basket,Jaipur,45,219,22,10.1,3,Beverages,UPI,4,1,4
1008025,Swiggy Instamart,Kolkata,53,951,19,13.7,6,Dairy,Credit Card,1,0,4
1008026,Flipkart Minutes,Delhi,34,749,5,2.8,14,Household,Wallet,2,1,5
1008027,Swiggy Instamart,Amritsar,53,741,16,6.2,5,Dairy,Cash on Delivery,5,0,4
1008028,Swiggy Instamart,Kolkata,48,844,12,0.9,7,Dairy,Wallet,2,1,4
1008029,Jio Mart,Kolkata,26,50,20,5.0,18,Beverages,Debit Card,2,0,3
1008030,Amazon Now,Bengluru,41,299,23,11.4,10,Beverages,Cash on Delivery,3,0,5
1008031,Jio Mart,Gurgaon,20,448,27,13.6,3,Household,Cash on Delivery,4,0,3
1008032,Jio Mart,Jaipur,56,948,26,8.6,17,Beverages,Credit Card,4,1,3
1008033,Blinkit,Bengluru,26,593,14,6.0,14,Beverages,UPI,3,0,4
1008034,Blinkit,Gurgaon,54,1215,16,12.8,19,Snacks,Debit Card,4,1,4
1008035,Jio Mart,Pune,43,1148,18,0.8,16,Beverages,UPI,3,1,3
1008037,Zepto,Jaipur,56,439,12,8.5,4,Groceries,UPI,1,0,3
1008038,Big Basket,Delhi,38,247,12,13.8,13,Beverages,Cash on Delivery,4,1,3
1008039,Dunzo,Bengluru,57,728,14,7.8,11,Household,UPI,3,1,5
1008040,Blinkit,Hyderabad,57,1438,17,11.4,2,Beverages,Debit Card,3,1,3
1008041,Big Basket,Hyderabad,43,157,23,14.3,2,Snacks,Wallet,2,0,5
1008042,Amazon Now,Jaipur,56,104,18,1.2,8,Personal Care,Cash on Delivery,2,0,4
1008043,Flipkart Minutes,Kolkata,32,58,19,12.4,5,Household,Wallet,1,0,5
1008044,Dunzo,Hyderabad,21,457,13,9.0,12,Groceries,Credit Card,3,0,4
1008045,Flipkart Minutes,Haridwar,59,1134,30,13.5,6,Dairy,Wallet,3,1,5
1008046,Zepto,Amritsar,58,1499,11,11.4,16,Personal Care,UPI,3,1,3
1008047,Zepto,Chennai,48,674,11,11.4,16,Snacks,Debit Card,5,0,5
1008048,Amazon Now,Gurgaon,45,830,17,4.8,1,Snacks,Debit Card,1,1,3
1008049,Blinkit,Noida,57,338,16,13.1,2,Personal Care,Credit Card,5,0,4
1008050,Zepto,Hyderabad,29,211,9,8.9,12,Personal Care,Cash on Delivery,2,0,5
1008051,Blinkit,Jaipur,19,118,21,9.9,4,Dairy,UPI,2,0,4
1008052,Swiggy Instamart,Gurgaon,43,1255,14,6.1,9,Snacks,Debit Card,4,0,4
1008053,Flipkart Minutes,Amritsar,55,565,20,15.0,7,Personal Care,UPI,2,0,5
1008054,Dunzo,Mumbai,59,748,15,7.0,19,Personal Care,UPI,3,1,4
1008055,Blinkit,Bengluru,53,1579,17,10.2,10,Snacks,Credit Card,3,1,4
1008056,Jio Mart,Chennai,50,50,27,14.5,13,Dairy,Debit Card,4,1,4
1008057,Flipkart Minutes,Mumbai,30,50,17,8.9,11,Household,UPI,5,0,4
1008058,Amazon Now,Bengluru,32,212,19,7.4,19,Fruits & Vegetables,Debit Card,2,0,4
1008060,Big Basket,Amritsar,49,892,14,4.5,13,Fruits & Vegetables,Cash on Delivery,1,1,3
1008061,Amazon Now,Jaipur,24,518,27,12.2,17,Household,Debit Card,2,0,4
1008062,Big Basket,Amritsar,26,1033,17,10.0,9,Beverages,Credit Card,5,1,5
1008063,Dunzo,Delhi,53,558,6,13.5,2,Beverages,Wallet,4,0,4
1008064,Big Basket,Jaipur,55,159,24,11.4,3,Dairy,Cash on Delivery,3,0,4
1008065,Blinkit,Amritsar,28,977,17,14.3,15,Snacks,UPI,3,1,4
1008066,Swiggy Instamart,Hyderabad,46,1069,18,11.5,19,Fruits & Vegetables,UPI,3,1,3
1008067,Swiggy Instamart,Jaipur,55,563,23,10.8,10,Beverages,Credit Card,1,0,4
1008068,Jio Mart,Amritsar,56,1063,20,2.7,1,Household,UPI,1,1,4
1008069,Swiggy Instamart,Delhi,19,398,5,4.4,19,Fruits & Vegetables,UPI,2,0,3
1008070,Zepto,Gurgaon,34,563,12,15.0,8,Dairy,UPI,5,0,4
1008071,Amazon Now,Kolkata,47,738,16,1.4,19,Dairy,Wallet,4,0,4
1008072,Jio Mart,Noida,25,487,18,1.4,7,Snacks,Wallet,2,0,4
1008073,Dunzo,Mumbai,54,632,18,11.2,11,Groceries,Debit Card,2,1,4
1008075,Jio Mart,Delhi,42,50,8,2.7,13,Household,Credit Card,2,1,3
1008076,Jio Mart,Bengluru,36,153,26,9.3,18,Beverages,Cash on Delivery,4,1,3
1008077,Flipkart Minutes,Pune,22,211,14,4.9,19,Household,Debit Card,3,0,5
1008078,Swiggy Instamart,Pune,58,299,19,13.6,13,Groceries,UPI,4,0,3
1008079,Swiggy Instamart,Haridwar,26,275,22,1.1,10,Beverages,Wallet,4,0,4
1008080,Big Basket,Kolkata,33,213,14,4.6,4,Fruits & Vegetables,UPI,3,1,3
1008081,Amazon Now,Pune,28,513,16,2.3,13,Snacks,Cash on Delivery,2,0,4
1008082,Swiggy Instamart,Amritsar,40,99,11,1.1,2,Dairy,Credit Card,3,0,3
1008083,Zepto,Noida,23,635,5,3.3,5,Beverages,Cash on Delivery,1,0,3
1008084,Blinkit,Chennai,26,633,14,4.2,10,Personal Care,Debit Card,5,0,4
1008085,Jio Mart,Chennai,26,169,25,9.4,15,Household,Credit Card,3,0,4
1008086,Big Basket,Jaipur,57,50,17,2.4,18,Beverages,Credit Card,4,0,4
1008087,Big Basket,Chennai,25,1480,14,3.5,19,Dairy,Cash on Delivery,2,1,4
1008088,Zepto,Noida,55,728,14,14.9,11,Dairy,Credit Card,2,0,5
1008089,Flipkart Minutes,Bengluru,54,816,15,2.1,7,Snacks,Credit Card,5,0,4
1008090,Dunzo,Pune,37,50,17,14.9,18,Dairy,Cash on Delivery,4,0,5
1008091,Dunzo,Bengluru,27,896,13,6.1,17,Household,UPI,4,1,3
1008092,Zepto,Haridwar,32,231,23,11.5,2,Dairy,Debit Card,4,0,5
1008093,Blinkit,Noida,51,1219,10,3.1,14,Fruits & Vegetables,Credit Card,4,1,5
1008094,Blinkit,Kolkata,36,777,14,9.7,3,Snacks,Cash on Delivery,4,1,3
1008095,Flipkart Minutes,Kolkata,35,50,16,7.3,17,Snacks,Credit Card,2,1,3
1008096,Flipkart Minutes,Kolkata,58,50,11,1.7,1,Beverages,Credit Card,5,1,3
1008097,Amazon Now,Kolkata,43,796,20,10.6,18,Fruits & Vegetables,Wallet,5,1,4
1008098,Amazon Now,Jaipur,59,716,21,0.9,1,Dairy,Debit Card,4,1,3
1008099,Flipkart Minutes,Amritsar,28,155,18,12.6,3,Snacks,Debit Card,3,0,4
1008100,Big Basket,Hyderabad,58,1109,16,5.4,6,Fruits & Vegetables,Cash on Delivery,3,1,5
1008101,Blinkit,Kolkata,22,1033,17,14.8,7,Groceries,Wallet,2,0,3
1008102,Amazon Now,Noida,55,548,22,13.7,1,Groceries,Wallet,1,0,4
1008103,Jio Mart,Bengluru,21,50,21,4.7,1,Snacks,Credit Card,2,0,3
1008104,Amazon Now,Noida,22,118,19,6.3,19,Beverages,UPI,3,0,4
1008105,Swiggy Instamart,Amritsar,51,688,17,12.8,1,Fruits & Vegetables,Cash on Delivery,4,1,5
1008106,Blinkit,Pune,44,481,13,6.7,18,Groceries,Wallet,4,0,3
1008107,Big Basket,Amritsar,34,50,21,14.7,1,Fruits & Vegetables,Wallet,5,0,4
1008108,Flipkart Minutes,Amritsar,35,664,21,13.8,12,Household,Credit Card,5,0,2
1008109,Blinkit,Mumbai,26,50,16,4.9,11,Dairy,Credit Card,3,0,3
1008111,Big Basket,Noida,44,1260,19,10.6,18,Household,Debit Card,3,1,3
1008112,Big Basket,Mumbai,43,1186,22,13.2,18,Snacks,Credit Card,4,1,2
1008113,Zepto,Gurgaon,45,984,9,7.6,4,Dairy,Credit Card,2,1,4
1008114,Blinkit,Mumbai,18,839,18,12.2,12,Beverages,Wallet,4,1,4
1008115,Jio Mart,Chennai,52,259,24,11.7,16,Snacks,Debit Card,3,1,5
1008116,Swiggy Instamart,Kolkata,40,945,15,10.8,5,Dairy,Debit Card,2,1,5
1008117,Dunzo,Hyderabad,49,1138,16,14.4,19,Groceries,Debit Card,1,1,4
1008118,Big Basket,Amritsar,47,50,15,5.4,8,Fruits & Vegetables,Debit Card,5,0,4
1008119,Amazon Now,Gurgaon,26,865,15,1.2,1,Beverages,UPI,3,1,4
1008120,Jio Mart,Noida,59,345,20,2.2,16,Personal Care,Cash on Delivery,1,1,4
1008121,Flipkart Minutes,Jaipur,44,156,19,7.5,1,Snacks,UPI,3,0,4
1008122,Blinkit,Chennai,23,330,9,0.6,3,Dairy,Debit Card,5,0,5
1008123,Flipkart Minutes,Amritsar,47,741,16,5.4,13,Household,Credit Card,2,1,4
1008124,Zepto,Chennai,35,1186,5,5.5,12,Household,Credit Card,4,1,3
1008125,Zepto,Delhi,59,389,5,9.8,2,Dairy,Wallet,2,0,3
1008126,Amazon Now,Mumbai,53,1471,16,3.0,19,Snacks,Cash on Delivery,3,1,3
1008127,Blinkit,Chennai,57,959,12,5.3,6,Household,Cash on Delivery,3,0,3
1008129,Swiggy Instamart,Bengluru,25,330,15,5.8,17,Snacks,Wallet,4,1,5
1008130,Swiggy Instamart,Hyderabad,36,728,16,6.9,5,Dairy,Credit Card,3,1,4
1008132,Flipkart Minutes,Mumbai,37,849,14,2.0,15,Groceries,Credit Card,3,0,5
1008133,Jio Mart,Mumbai,33,142,21,1.8,9,Dairy,UPI,2,0,5
1008134,Swiggy Instamart,Amritsar,22,921,18,13.3,12,Snacks,Cash on Delivery,3,0,3
1008135,Jio Mart,Delhi,37,467,15,10.3,11,Dairy,UPI,4,0,4
1008136,Swiggy Instamart,Chennai,37,50,19,12.5,14,Household,Wallet,5,1,5
1008137,Blinkit,Jaipur,53,50,21,13.1,10,Snacks,Debit Card,4,1,4
1008138,Jio Mart,Delhi,24,737,8,1.0,14,Dairy,Wallet,5,1,5
1008139,Swiggy Instamart,Noida,29,947,18,12.2,10,Snacks,Credit Card,4,0,4
1008140,Blinkit,Hyderabad,46,284,11,2.1,15,Groceries,Debit Card,1,0,4
1008141,Amazon Now,Jaipur,51,50,25,7.8,6,Dairy,Debit Card,2,1,4
1008142,Dunzo,Pune,55,969,13,4.9,9,Groceries,UPI,3,1,3
1008143,Blinkit,Kolkata,58,855,18,11.0,1,Household,Cash on Delivery,2,1,4
1008144,Blinkit,Kolkata,38,573,9,1.6,5,Beverages,Wallet,4,0,4
1008145,Dunzo,Haridwar,38,308,23,3.2,19,Fruits & Vegetables,Cash on Delivery,1,1,3
1008146,Blinkit,Chennai,55,588,19,14.7,7,Household,Credit Card,4,1,3
1008147,Swiggy Instamart,Delhi,44,1160,5,3.6,16,Household,UPI,3,0,5
1008148,Blinkit,Chennai,46,294,14,4.3,11,Beverages,Credit Card,4,0,4
1008149,Swiggy Instamart,Chennai,57,785,15,4.3,10,Personal Care,Credit Card,5,1,3
1008150,Swiggy Instamart,Haridwar,59,976,24,2.2,7,Dairy,Credit Card,3,1,4
1008151,Amazon Now,Bengluru,37,401,17,7.4,2,Household,Cash on Delivery,4,0,4
1008152,Amazon Now,Delhi,20,670,5,5.6,16,Dairy,Debit Card,2,0,3
1008153,Jio Mart,Haridwar,31,575,32,1.2,2,Beverages,UPI,3,0,4
1008154,Swiggy Instamart,Amritsar,19,321,14,8.7,12,Household,UPI,5,0,4
1008155,Swiggy Instamart,Noida,37,578,16,12.2,11,Fruits & Vegetables,UPI,2,1,3
1008156,Jio Mart,Haridwar,26,50,37,10.7,2,Fruits & Vegetables,UPI,2,1,5
1008157,Zepto,Chennai,28,762,9,9.3,10,Dairy,Credit Card,3,0,4
1008158,Jio Mart,Jaipur,29,206,28,6.0,9,Personal Care,Wallet,4,0,4
1008160,Amazon Now,Haridwar,24,50,35,14.9,15,Fruits & Vegetables,Credit Card,3,0,4
1008161,Flipkart Minutes,Chennai,49,796,15,5.2,7,Fruits & Vegetables,Wallet,2,0,4
1008162,Dunzo,Mumbai,43,173,16,8.9,17,Household,UPI,1,0,4
1008163,Big Basket,Mumbai,47,50,19,9.6,12,Dairy,Credit Card,3,1,3
1008166,Blinkit,Kolkata,32,464,17,10.2,17,Snacks,Credit Card,5,0,4
1008167,Jio Mart,Mumbai,33,470,27,14.2,7,Groceries,Wallet,3,0,4
1008168,Dunzo,Bengluru,46,589,19,13.6,3,Dairy,Wallet,3,0,4
1008169,Big Basket,Bengluru,24,1116,20,9.1,19,Snacks,Wallet,5,0,3
1008170,Dunzo,Hyderabad,43,765,15,11.4,3,Dairy,Debit Card,4,0,3
1008171,Big Basket,Chennai,52,551,16,6.3,4,Fruits & Vegetables,Credit Card,1,0,5
1008172,Swiggy Instamart,Jaipur,30,781,23,13.2,14,Personal Care,Debit Card,2,0,4
1008173,Swiggy Instamart,Haridwar,50,450,29,11.2,17,Snacks,Debit Card,3,0,4
1008174,Dunzo,Noida,39,784,8,1.4,12,Groceries,Debit Card,4,1,2
1008175,Zepto,Gurgaon,57,1644,6,3.1,12,Snacks,Credit Card,4,1,4
1008176,Zepto,Delhi,55,796,5,7.5,5,Household,Credit Card,4,0,5
1008177,Jio Mart,Haridwar,25,115,31,1.2,9,Household,Wallet,3,0,5
1008178,Swiggy Instamart,Amritsar,29,203,13,3.6,8,Snacks,UPI,3,0,4
1008179,Swiggy Instamart,Mumbai,26,919,16,7.7,11,Groceries,Credit Card,4,0,5
1008180,Jio Mart,Mumbai,24,929,25,9.8,17,Personal Care,Wallet,4,0,4
1008181,Dunzo,Chennai,58,723,16,14.0,6,Beverages,Debit Card,3,1,4
1008182,Swiggy Instamart,Bengluru,45,665,12,4.0,12,Beverages,Credit Card,3,0,3
1008183,Amazon Now,Amritsar,42,271,17,3.9,2,Personal Care,Debit Card,3,0,3
1008184,Amazon Now,Gurgaon,24,762,17,5.4,3,Personal Care,UPI,3,0,4
1008185,Blinkit,Delhi,32,1052,6,13.7,5,Household,Debit Card,5,0,4
1008186,Big Basket,Jaipur,29,671,23,12.2,7,Dairy,Cash on Delivery,4,1,3
1008187,Blinkit,Delhi,21,156,7,12.1,10,Household,UPI,3,0,4
1008188,Amazon Now,Delhi,47,253,6,6.8,11,Household,Credit Card,2,0,3
1008189,Dunzo,Chennai,44,491,17,10.9,11,Snacks,UPI,2,1,4
1008190,Flipkart Minutes,Pune,20,50,16,6.2,4,Household,Credit Card,3,1,4
1008191,Jio Mart,Noida,35,1095,28,14.5,12,Personal Care,Cash on Delivery,3,1,5
1008192,Blinkit,Noida,18,1013,15,7.2,8,Dairy,Debit Card,2,0,4
1008193,Amazon Now,Pune,54,395,16,3.9,12,Snacks,Cash on Delivery,3,0,3
1008194,Amazon Now,Delhi,22,681,13,14.7,10,Snacks,Cash on Delivery,4,0,5
1008195,Dunzo,Kolkata,27,953,14,8.7,12,Personal Care,UPI,2,1,5
1008196,Jio Mart,Gurgaon,53,362,21,4.9,3,Household,Cash on Delivery,4,1,4
1008197,Dunzo,Haridwar,54,1184,23,7.2,14,Groceries,Debit Card,1,1,5
1008198,Amazon Now,Amritsar,30,322,17,4.5,7,Dairy,UPI,3,0,4
1008199,Amazon Now,Pune,56,544,20,10.6,14,Beverages,Wallet,5,1,5
1008200,Blinkit,Amritsar,37,685,15,11.8,10,Household,UPI,5,0,4
1008201,Dunzo,Chennai,41,800,14,8.8,14,Personal Care,UPI,1,0,3
1008202,Blinkit,Mumbai,20,825,17,6.9,7,Dairy,Wallet,2,1,3
1008203,Blinkit,Kolkata,56,50,16,9.4,6,Groceries,Credit Card,3,0,3
1008204,Jio Mart,Bengluru,21,747,22,4.0,1,Household,Wallet,4,0,4
1008205,Dunzo,Gurgaon,21,1417,9,2.3,1,Personal Care,Wallet,2,1,4
1008206,Flipkart Minutes,Kolkata,27,349,17,6.6,17,Snacks,UPI,4,0,4
1008207,Blinkit,Gurgaon,48,559,18,14.5,3,Household,Wallet,4,0,5
1008208,Jio Mart,Gurgaon,18,758,21,5.6,8,Snacks,UPI,4,1,3
1008209,Blinkit,Mumbai,23,885,14,3.0,6,Beverages,Credit Card,4,1,5
1008210,Swiggy Instamart,Noida,27,1084,15,5.2,14,Fruits & Vegetables,Cash on Delivery,5,1,3
1008211,Jio Mart,Hyderabad,31,347,19,2.6,12,Fruits & Vegetables,Cash on Delivery,2,0,4
1008213,Swiggy Instamart,Pune,38,483,13,4.2,12,Personal Care,Credit Card,5,0,5
1008214,Flipkart Minutes,Pune,35,537,13,0.6,9,Personal Care,Cash on Delivery,4,0,5
1008215,Amazon Now,Haridwar,21,626,29,7.4,6,Personal Care,UPI,4,0,4
1008216,Swiggy Instamart,Mumbai,27,1340,19,9.4,8,Personal Care,Debit Card,2,0,3
1008217,Jio Mart,Haridwar,54,185,29,1.4,8,Beverages,Wallet,3,0,5
1008219,Amazon Now,Mumbai,52,719,20,7.6,17,Snacks,UPI,1,0,3
1008220,Flipkart Minutes,Amritsar,28,415,12,1.5,1,Beverages,Credit Card,3,0,4
1008221,Big Basket,Noida,31,541,19,8.7,17,Snacks,UPI,3,0,5
1008222,Blinkit,Jaipur,19,368,16,3.7,8,Personal Care,UPI,2,0,4
1008223,Amazon Now,Jaipur,24,50,22,8.7,10,Household,Credit Card,3,1,4
1008224,Jio Mart,Hyderabad,43,50,23,12.3,10,Fruits & Vegetables,Debit Card,3,0,3
1008225,Dunzo,Chennai,57,450,12,3.6,16,Beverages,UPI,1,1,4
1008226,Jio Mart,Amritsar,48,54,19,1.3,3,Household,Debit Card,4,0,5
1008227,Swiggy Instamart,Chennai,19,1274,15,9.8,12,Snacks,Credit Card,4,0,4
1008228,Jio Mart,Kolkata,30,574,27,14.1,11,Dairy,Credit Card,3,1,3
1008229,Jio Mart,Kolkata,45,431,22,4.3,2,Beverages,Cash on Delivery,2,0,3
1008230,Amazon Now,Pune,18,715,17,3.2,17,Dairy,Credit Card,2,1,4
1008231,Zepto,Amritsar,39,1031,13,14.0,19,Household,UPI,4,0,4
1008232,Dunzo,Hyderabad,54,50,9,1.1,16,Personal Care,Wallet,1,0,3
1008233,Zepto,Amritsar,52,170,13,14.6,11,Household,Cash on Delivery,2,0,3
1008234,Zepto,Haridwar,34,557,17,1.7,18,Beverages,UPI,3,1,5
1008235,Blinkit,Gurgaon,51,433,16,10.9,14,Household,UPI,4,1,3
1008236,Jio Mart,Amritsar,34,272,18,0.6,18,Personal Care,Credit Card,2,0,3
1008237,Jio Mart,Jaipur,44,549,27,9.7,11,Snacks,Cash on Delivery,2,1,2
1008238,Jio Mart,Haridwar,18,247,32,4.0,19,Dairy,Credit Card,4,0,5
1008239,Zepto,Amritsar,22,50,11,12.7,19,Fruits & Vegetables,Wallet,5,0,4
1008240,Big Basket,Gurgaon,39,1094,23,14.5,4,Personal Care,Wallet,4,1,5
1008241,Zepto,Bengluru,22,1187,7,6.9,12,Groceries,Credit Card,5,1,4
1008242,Jio Mart,Chennai,38,225,27,14.6,8,Beverages,UPI,4,1,4
1008243,Zepto,Hyderabad,20,326,5,0.9,19,Dairy,Cash on Delivery,2,0,4
1008244,Dunzo,Noida,23,697,13,8.0,4,Personal Care,Wallet,2,0,4
1008245,Jio Mart,Kolkata,51,454,25,13.7,8,Groceries,Wallet,4,0,5
1008246,Swiggy Instamart,Kolkata,29,1050,13,5.0,6,Dairy,UPI,4,1,4
1008247,Flipkart Minutes,Haridwar,38,321,31,11.7,2,Personal Care,Credit Card,2,0,4
1008249,Swiggy Instamart,Mumbai,57,571,13,2.3,16,Personal Care,Debit Card,3,0,2
1008250,Zepto,Noida,30,1047,11,12.8,16,Household,UPI,2,1,5
1008251,Zepto,Haridwar,27,106,25,13.4,19,Beverages,Credit Card,4,0,4
1008252,Swiggy Instamart,Amritsar,21,179,14,5.8,10,Groceries,Credit Card,3,0,2
1008253,Flipkart Minutes,Gurgaon,27,1183,13,0.7,5,Beverages,Cash on Delivery,3,1,4
1008254,Dunzo,Bengluru,48,390,12,6.9,8,Beverages,UPI,3,0,3
1008255,Dunzo,Amritsar,37,606,8,2.0,11,Snacks,Credit Card,2,0,4
1008256,Swiggy Instamart,Gurgaon,19,1308,19,13.7,14,Groceries,Cash on Delivery,3,1,4
1008257,Amazon Now,Chennai,57,635,17,8.2,6,Groceries,Cash on Delivery,5,0,4
1008258,Jio Mart,Delhi,22,772,10,7.3,5,Groceries,UPI,2,0,5
1008259,Flipkart Minutes,Pune,32,188,15,5.4,12,Household,UPI,4,0,4
1008260,Dunzo,Gurgaon,22,510,8,1.7,19,Fruits & Vegetables,Credit Card,2,0,3
1008261,Amazon Now,Noida,20,451,19,11.4,6,Dairy,Wallet,2,0,2
1008262,Swiggy Instamart,Bengluru,38,247,16,10.0,1,Snacks,Debit Card,2,0,4
1008263,Blinkit,Jaipur,29,595,22,10.6,10,Personal Care,UPI,3,0,3
1008264,Big Basket,Chennai,18,634,17,6.7,1,Fruits & Vegetables,Debit Card,4,0,4
1008265,Flipkart Minutes,Pune,57,954,13,2.5,11,Groceries,Credit Card,3,0,3
1008266,Big Basket,Pune,56,90,13,0.7,1,Groceries,Credit Card,1,0,3
1008267,Big Basket,Jaipur,48,87,27,13.5,15,Household,Wallet,2,0,5
1008268,Swiggy Instamart,Gurgaon,55,1576,17,10.9,14,Groceries,Wallet,3,1,5
1008269,Dunzo,Mumbai,50,317,18,13.1,15,Snacks,UPI,3,0,4
1008270,Amazon Now,Amritsar,58,564,13,0.6,8,Dairy,UPI,4,1,3
1008271,Flipkart Minutes,Delhi,39,675,5,3.4,8,Fruits & Vegetables,Cash on Delivery,4,0,4
1008272,Big Basket,Mumbai,33,449,21,9.4,13,Fruits & Vegetables,Cash on Delivery,2,0,4
1008273,Zepto,Delhi,40,555,5,3.4,12,Personal Care,Cash on Delivery,2,1,4
1008274,Amazon Now,Pune,26,148,17,5.7,6,Beverages,Debit Card,3,0,4
1008275,Swiggy Instamart,Bengluru,58,376,15,4.4,17,Personal Care,Wallet,2,0,4
1008276,Amazon Now,Noida,27,137,16,7.3,18,Fruits & Vegetables,Credit Card,2,0,5
1008277,Jio Mart,Gurgaon,31,1033,20,1.3,17,Household,Wallet,4,0,4
1008278,Flipkart Minutes,Chennai,44,311,16,9.0,12,Snacks,Credit Card,4,0,3
1008279,Blinkit,Mumbai,50,312,13,5.5,1,Dairy,Credit Card,5,0,5
1008280,Blinkit,Kolkata,54,1200,15,12.3,12,Snacks,Wallet,2,0,3
1008281,Amazon Now,Haridwar,32,594,31,9.6,19,Dairy,Debit Card,3,0,3
1008282,Jio Mart,Noida,36,759,24,8.8,17,Dairy,Cash on Delivery,5,0,3
1008283,Zepto,Amritsar,33,1077,9,11.3,17,Fruits & Vegetables,Debit Card,2,1,4
1008284,Flipkart Minutes,Jaipur,25,284,20,3.0,1,Groceries,Wallet,5,0,4
1008285,Jio Mart,Chennai,39,50,20,3.9,5,Dairy,Credit Card,3,0,4
1008286,Big Basket,Hyderabad,36,871,16,8.6,16,Beverages,Wallet,2,0,4
1008287,Zepto,Gurgaon,42,710,8,6.5,10,Household,UPI,1,0,4
1008288,Swiggy Instamart,Kolkata,31,877,18,11.8,19,Fruits & Vegetables,UPI,2,0,5
1008289,Blinkit,Gurgaon,42,147,13,4.1,11,Groceries,Credit Card,5,1,4
1008290,Dunzo,Hyderabad,30,117,8,0.8,5,Dairy,Wallet,2,0,4
1008291,Amazon Now,Mumbai,30,550,19,8.8,4,Fruits & Vegetables,Debit Card,2,0,4
1008292,Jio Mart,Mumbai,22,578,22,3.4,10,Dairy,Wallet,3,1,5
1008293,Big Basket,Pune,48,155,16,3.6,17,Personal Care,Debit Card,5,0,4
1008294,Amazon Now,Amritsar,32,1366,17,3.2,15,Beverages,Credit Card,1,1,4
1008295,Blinkit,Amritsar,47,700,13,9.1,9,Beverages,Cash on Delivery,5,0,4
1008296,Zepto,Gurgaon,28,1323,7,2.5,14,Dairy,Debit Card,2,1,3
1008297,Swiggy Instamart,Jaipur,26,877,20,7.5,1,Snacks,Credit Card,2,0,3
1008298,Dunzo,Delhi,21,606,7,13.4,12,Fruits & Vegetables,Debit Card,4,1,5
1008299,Zepto,Pune,47,518,6,6.2,3,Household,UPI,3,0,3
1008300,Swiggy Instamart,Bengluru,57,671,15,8.9,6,Household,Credit Card,3,0,4
1008301,Jio Mart,Bengluru,24,1068,19,2.7,11,Snacks,Debit Card,2,1,4
1008302,Zepto,Noida,36,887,5,2.4,6,Groceries,Credit Card,4,1,5
1008304,Big Basket,Noida,29,581,19,9.2,14,Beverages,Wallet,4,1,2
1008305,Dunzo,Pune,50,736,15,9.0,15,Groceries,Cash on Delivery,4,0,4
1008306,Swiggy Instamart,Delhi,56,1005,5,1.8,2,Household,Credit Card,4,1,4
1008307,Jio Mart,Pune,48,561,20,1.6,14,Personal Care,Debit Card,1,0,3
1008308,Big Basket,Kolkata,34,906,14,3.3,7,Groceries,Cash on Delivery,2,1,4
1008309,Blinkit,Chennai,53,589,16,13.3,19,Household,Cash on Delivery,4,0,3
1008310,Amazon Now,Noida,55,181,13,1.7,14,Snacks,Cash on Delivery,1,0,4
1008311,Blinkit,Gurgaon,18,1324,13,5.8,13,Personal Care,Cash on Delivery,5,1,4
1008312,Swiggy Instamart,Bengluru,51,488,13,3.7,11,Snacks,Wallet,5,0,4
1008313,Blinkit,Noida,52,736,16,9.7,5,Personal Care,Credit Card,4,1,4
1008314,Blinkit,Chennai,45,808,15,11.2,5,Snacks,UPI,5,0,4
1008315,Swiggy Instamart,Pune,39,989,15,7.1,18,Personal Care,Wallet,2,0,3
1008316,Flipkart Minutes,Hyderabad,40,398,15,5.4,9,Beverages,UPI,2,1,3
1008317,Swiggy Instamart,Gurgaon,28,75,11,0.9,7,Fruits & Vegetables,Debit Card,3,0,4
1008318,Dunzo,Pune,18,453,16,9.2,10,Fruits & Vegetables,Credit Card,2,1,3
1008319,Blinkit,Amritsar,21,619,12,3.0,10,Snacks,Wallet,5,0,4
1008321,Amazon Now,Mumbai,25,171,22,9.7,13,Snacks,Wallet,2,1,3
1008322,Jio Mart,Bengluru,57,306,19,3.8,8,Beverages,Credit Card,2,0,4
1008323,Amazon Now,Bengluru,49,935,16,2.6,5,Snacks,Debit Card,2,1,5
1008324,Zepto,Bengluru,46,50,8,8.8,7,Personal Care,Credit Card,4,0,4
1008325,Blinkit,Amritsar,50,919,16,14.0,10,Personal Care,Credit Card,2,0,5
1008326,Dunzo,Gurgaon,29,734,11,1.6,10,Dairy,Cash on Delivery,3,1,4
1008327,Big Basket,Kolkata,39,50,16,4.8,3,Groceries,Cash on Delivery,4,0,3
1008328,Amazon Now,Mumbai,32,591,18,4.0,11,Beverages,Cash on Delivery,4,1,3
1008329,Big Basket,Kolkata,59,50,16,4.4,7,Beverages,Cash on Delivery,1,0,3
1008330,Dunzo,Mumbai,23,240,14,4.8,13,Fruits & Vegetables,UPI,2,0,5
1008331,Flipkart Minutes,Mumbai,52,813,20,13.7,13,Dairy,UPI,2,0,5
1008332,Dunzo,Kolkata,54,1017,13,10.2,16,Household,Debit Card,1,1,3
1008333,Amazon Now,Hyderabad,53,337,17,3.1,16,Dairy,Cash on Delivery,2,0,3
1008334,Amazon Now,Chennai,56,857,16,7.2,10,Snacks,Debit Card,3,1,5
1008335,Flipkart Minutes,Amritsar,18,957,19,14.6,16,Household,UPI,2,1,4
1008337,Zepto,Mumbai,20,302,9,5.0,16,Groceries,UPI,3,0,3
1008338,Big Basket,Mumbai,31,666,16,5.1,7,Fruits & Vegetables,Debit Card,5,1,4
1008339,Dunzo,Delhi,19,166,7,14.7,3,Household,Wallet,3,0,4
1008340,Swiggy Instamart,Mumbai,31,50,13,2.4,3,Snacks,UPI,4,1,4
1008341,Swiggy Instamart,Hyderabad,28,1310,16,11.6,18,Personal Care,Cash on Delivery,4,1,5
1008342,Dunzo,Pune,44,213,17,14.5,1,Fruits & Vegetables,Debit Card,4,0,4
1008343,Swiggy Instamart,Hyderabad,40,669,13,5.5,17,Groceries,Credit Card,4,0,3
1008344,Blinkit,Kolkata,31,808,18,11.8,17,Fruits & Vegetables,Debit Card,2,1,5
1008345,Big Basket,Jaipur,49,260,22,8.6,17,Snacks,Wallet,2,1,3
1008346,Blinkit,Noida,50,612,19,12.8,18,Beverages,UPI,5,0,4
1008347,Swiggy Instamart,Jaipur,53,720,22,13.8,2,Dairy,UPI,3,1,4
1008348,Dunzo,Jaipur,44,768,20,12.0,19,Groceries,UPI,3,0,4
1008349,Big Basket,Kolkata,23,135,13,3.2,18,Beverages,Cash on Delivery,3,0,5
1008350,Dunzo,Jaipur,52,503,13,2.2,19,Groceries,UPI,1,0,3
1008351,Flipkart Minutes,Mumbai,49,792,21,11.5,13,Household,Credit Card,4,0,4
1008352,Zepto,Bengluru,41,791,8,4.3,14,Beverages,Wallet,5,0,3
1008353,Dunzo,Amritsar,36,806,13,6.8,2,Beverages,Credit Card,1,0,4
1008354,Flipkart Minutes,Hyderabad,53,232,18,8.3,18,Beverages,Cash on Delivery,4,1,4
1008355,Blinkit,Bengluru,22,246,16,8.1,2,Personal Care,Wallet,3,0,3
1008356,Jio Mart,Noida,29,743,22,10.2,4,Personal Care,Wallet,4,0,3
1008357,Zepto,Hyderabad,44,168,6,0.9,7,Groceries,Cash on Delivery,4,0,4
1008358,Big Basket,Noida,59,863,12,1.0,10,Personal Care,Credit Card,2,0,5
1008359,Flipkart Minutes,Kolkata,38,50,19,12.4,4,Personal Care,Debit Card,2,1,5
1008360,Jio Mart,Delhi,36,50,14,7.5,18,Snacks,Credit Card,5,1,4
1008361,Big Basket,Haridwar,47,489,28,6.6,16,Fruits & Vegetables,Cash on Delivery,4,1,4
1008362,Flipkart Minutes,Amritsar,28,50,15,6.8,11,Groceries,Wallet,4,1,4
1008363,Jio Mart,Pune,49,50,20,6.7,10,Personal Care,Debit Card,2,0,4
1008364,Flipkart Minutes,Bengluru,46,62,13,2.9,18,Groceries,Cash on Delivery,2,1,4
1008366,Zepto,Pune,37,50,8,5.7,13,Fruits & Vegetables,Credit Card,4,0,4
1008367,Big Basket,Delhi,23,378,5,3.9,16,Beverages,Credit Card,4,0,4
1008368,Flipkart Minutes,Kolkata,31,197,17,10.0,11,Dairy,Cash on Delivery,4,0,3
1008369,Dunzo,Amritsar,34,490,17,14.1,17,Groceries,Credit Card,2,0,4
1008370,Jio Mart,Haridwar,20,172,32,5.0,1,Dairy,UPI,3,0,4
1008371,Flipkart Minutes,Chennai,43,50,20,15.0,8,Snacks,Credit Card,3,0,4
1008372,Flipkart Minutes,Delhi,39,1259,9,14.6,9,Snacks,UPI,1,1,4
1008373,Blinkit,Hyderabad,24,509,15,7.9,10,Beverages,UPI,2,0,2
1008374,Blinkit,Bengluru,41,219,15,6.2,14,Personal Care,Debit Card,2,1,3
1008375,Blinkit,Chennai,40,537,18,11.2,15,Household,Debit Card,3,0,3
1008376,Dunzo,Haridwar,49,928,24,8.0,8,Household,Credit Card,3,0,5
1008377,Blinkit,Haridwar,24,549,27,9.4,12,Beverages,Debit Card,4,0,3
1008378,Big Basket,Gurgaon,51,1058,14,2.1,2,Beverages,UPI,3,1,4
1008379,Flipkart Minutes,Haridwar,46,50,30,13.1,13,Fruits & Vegetables,Debit Card,4,0,3
1008380,Flipkart Minutes,Delhi,39,641,6,5.6,17,Fruits & Vegetables,Credit Card,4,0,3
1008381,Amazon Now,Hyderabad,22,304,23,12.5,4,Fruits & Vegetables,Wallet,3,1,4
1008382,Big Basket,Haridwar,20,102,31,11.3,1,Fruits & Vegetables,UPI,1,1,5
1008383,Amazon Now,Bengluru,47,1003,23,11.9,12,Beverages,Debit Card,3,1,4
1008384,Blinkit,Haridwar,25,1792,30,14.7,18,Personal Care,UPI,3,1,4
1008385,Amazon Now,Pune,24,940,16,4.3,7,Personal Care,Wallet,4,1,4
1008386,Blinkit,Noida,37,1184,15,7.1,14,Fruits & Vegetables,Debit Card,5,0,3
1008387,Amazon Now,Haridwar,39,397,31,6.5,13,Dairy,Wallet,4,0,4
1008389,Zepto,Pune,44,1084,13,14.4,11,Dairy,Debit Card,5,0,4
1008390,Amazon Now,Hyderabad,47,563,17,8.4,2,Fruits & Vegetables,Wallet,1,0,4
1008391,Blinkit,Hyderabad,28,520,16,12.7,13,Household,UPI,2,0,4
1008392,Amazon Now,Kolkata,37,530,18,4.3,3,Dairy,Cash on Delivery,2,1,3
1008393,Swiggy Instamart,Hyderabad,50,1288,17,7.6,17,Personal Care,Wallet,2,1,4
1008394,Swiggy Instamart,Noida,44,2003,18,11.6,13,Snacks,Credit Card,4,1,4
1008395,Flipkart Minutes,Mumbai,27,428,20,10.9,10,Dairy,Debit Card,3,0,4
1008396,Flipkart Minutes,Pune,48,493,18,9.4,19,Personal Care,UPI,2,0,4
1008397,Flipkart Minutes,Gurgaon,54,727,16,6.7,5,Groceries,Debit Card,1,1,4
1008398,Big Basket,Pune,36,323,21,12.4,9,Snacks,Credit Card,4,0,5
1008399,Jio Mart,Amritsar,45,298,21,2.7,2,Personal Care,UPI,1,1,4
1008400,Swiggy Instamart,Pune,46,818,18,12.7,4,Fruits & Vegetables,Cash on Delivery,4,0,4
1008402,Blinkit,Mumbai,29,742,14,7.0,17,Fruits & Vegetables,UPI,4,1,3
1008403,Big Basket,Amritsar,45,708,17,7.7,18,Groceries,Wallet,5,1,3
1008405,Dunzo,Gurgaon,19,553,16,9.4,2,Snacks,Debit Card,1,1,3
1008406,Big Basket,Mumbai,36,50,24,13.9,19,Personal Care,Wallet,5,0,3
1008407,Flipkart Minutes,Jaipur,43,554,20,3.7,8,Groceries,Cash on Delivery,2,0,4
1008408,Flipkart Minutes,Mumbai,58,545,14,3.0,5,Beverages,Credit Card,2,0,4
1008409,Flipkart Minutes,Pune,21,945,11,1.0,15,Groceries,Credit Card,1,0,3
1008410,Dunzo,Haridwar,56,418,29,13.9,2,Dairy,Wallet,3,0,3
1008411,Big Basket,Hyderabad,26,1186,19,14.1,7,Household,Wallet,2,1,4
1008412,Amazon Now,Jaipur,18,111,21,5.2,7,Groceries,UPI,3,0,5
1008413,Flipkart Minutes,Gurgaon,24,758,16,8.8,2,Dairy,Credit Card,2,0,4
1008414,Big Basket,Delhi,56,655,10,10.4,14,Personal Care,Cash on Delivery,3,1,4
1008415,Swiggy Instamart,Amritsar,55,785,14,6.4,3,Groceries,UPI,5,0,4
1008416,Blinkit,Kolkata,55,883,13,5.9,5,Dairy,UPI,2,0,4
1008417,Big Basket,Chennai,32,260,18,6.4,17,Beverages,Debit Card,2,0,4
1008418,Big Basket,Chennai,18,520,17,8.9,4,Beverages,UPI,4,1,4
1008421,Flipkart Minutes,Gurgaon,46,1382,19,12.4,9,Fruits & Vegetables,Wallet,4,1,4
1008422,Amazon Now,Haridwar,32,566,26,2.8,6,Dairy,UPI,2,0,4
1008423,Amazon Now,Noida,24,709,15,3.8,7,Personal Care,UPI,4,1,4
1008424,Amazon Now,Bengluru,29,395,22,12.0,2,Beverages,Wallet,3,0,3
1008425,Blinkit,Amritsar,53,50,13,3.2,16,Fruits & Vegetables,Cash on Delivery,2,0,5
1008426,Flipkart Minutes,Hyderabad,36,50,17,6.9,19,Personal Care,Credit Card,1,1,3
1008428,Swiggy Instamart,Bengluru,58,844,17,11.0,19,Snacks,Credit Card,4,1,5
1008429,Swiggy Instamart,Bengluru,45,1325,11,1.3,6,Personal Care,Credit Card,4,0,5
1008430,Amazon Now,Kolkata,19,683,20,10.1,17,Fruits & Vegetables,Credit Card,5,1,3
1008431,Flipkart Minutes,Mumbai,50,1074,19,12.2,15,Fruits & Vegetables,Debit Card,4,1,5
1008432,Swiggy Instamart,Mumbai,50,441,18,11.2,12,Fruits & Vegetables,Cash on Delivery,2,0,3
1008433,Dunzo,Kolkata,27,50,16,12.0,8,Dairy,Debit Card,1,1,5
1008435,Flipkart Minutes,Noida,28,721,20,13.0,15,Personal Care,Cash on Delivery,4,0,5
1008436,Swiggy Instamart,Kolkata,43,135,14,6.2,11,Dairy,UPI,4,1,4
1008437,Zepto,Kolkata,24,623,11,11.8,9,Snacks,UPI,4,0,3
1008438,Jio Mart,Hyderabad,43,619,20,3.5,14,Fruits & Vegetables,Credit Card,2,0,5
1008439,Blinkit,Gurgaon,26,968,20,14.5,15,Groceries,Cash on Delivery,4,1,4
1008440,Zepto,Haridwar,33,50,17,3.0,19,Personal Care,Credit Card,3,1,3
1008441,Flipkart Minutes,Haridwar,46,50,26,6.0,1,Fruits & Vegetables,Credit Card,5,1,4
1008442,Amazon Now,Amritsar,24,610,17,3.3,4,Fruits & Vegetables,Wallet,2,0,4
1008443,Zepto,Noida,55,865,9,8.0,4,Personal Care,UPI,3,1,4
1008444,Jio Mart,Amritsar,47,457,21,8.2,5,Fruits & Vegetables,Credit Card,2,0,3
1008445,Swiggy Instamart,Delhi,48,848,5,4.8,16,Beverages,Wallet,4,0,4
1008446,Blinkit,Hyderabad,23,1145,19,14.6,18,Personal Care,Cash on Delivery,4,1,4
1008447,Jio Mart,Haridwar,29,814,30,0.6,19,Fruits & Vegetables,Credit Card,2,0,4
1008448,Dunzo,Haridwar,58,50,27,13.6,13,Fruits & Vegetables,Credit Card,2,0,5
1008449,Dunzo,Kolkata,34,1234,14,11.9,10,Personal Care,Debit Card,4,0,3
1008450,Blinkit,Delhi,33,729,5,7.4,11,Snacks,Credit Card,3,0,4
1008451,Dunzo,Gurgaon,59,369,12,3.0,16,Dairy,Wallet,3,1,4
1008452,Big Basket,Mumbai,56,617,19,9.5,7,Groceries,Cash on Delivery,2,0,4
1008454,Jio Mart,Gurgaon,53,823,24,12.2,15,Dairy,Credit Card,3,1,3
1008455,Swiggy Instamart,Pune,52,150,18,11.3,16,Groceries,Wallet,3,0,5
1008456,Zepto,Pune,25,405,7,4.5,3,Household,Credit Card,5,0,3
1008457,Zepto,Hyderabad,40,409,12,13.1,17,Personal Care,Wallet,2,1,4
1008458,Big Basket,Delhi,38,167,5,5.0,13,Personal Care,Cash on Delivery,3,0,3
1008459,Big Basket,Pune,38,234,17,8.7,4,Snacks,Credit Card,4,0,4
1008460,Flipkart Minutes,Delhi,23,768,5,0.6,19,Snacks,Wallet,2,1,3
1008461,Swiggy Instamart,Haridwar,23,134,30,9.7,15,Household,Wallet,5,0,4
1008462,Swiggy Instamart,Pune,27,571,12,4.6,13,Beverages,Cash on Delivery,3,0,3
1008463,Swiggy Instamart,Bengluru,37,1023,18,14.1,3,Dairy,Debit Card,4,0,4
1008464,Amazon Now,Noida,46,1109,19,8.1,1,Household,Credit Card,3,1,4
1008465,Big Basket,Delhi,27,255,13,14.4,13,Groceries,UPI,4,0,3
1008466,Jio Mart,Kolkata,34,513,24,8.2,8,Dairy,Cash on Delivery,4,1,3
1008467,Jio Mart,Delhi,43,185,16,11.4,11,Fruits & Vegetables,UPI,3,0,3
1008468,Jio Mart,Hyderabad,20,200,23,11.2,19,Dairy,Wallet,4,0,3
1008469,Zepto,Delhi,41,1372,5,5.9,4,Beverages,Debit Card,5,1,3
1008470,Blinkit,Pune,47,779,11,5.2,11,Fruits & Vegetables,Debit Card,5,0,4
1008471,Blinkit,Amritsar,48,581,16,12.9,8,Dairy,Debit Card,5,1,4
1008472,Amazon Now,Pune,21,418,17,8.2,19,Fruits & Vegetables,Cash on Delivery,3,1,4
1008473,Swiggy Instamart,Pune,47,956,14,2.8,11,Snacks,Credit Card,2,0,3
1008474,Dunzo,Noida,27,591,12,5.1,15,Household,Cash on Delivery,2,1,5
1008475,Swiggy Instamart,Noida,20,443,14,7.1,17,Fruits & Vegetables,Debit Card,3,1,3
1008477,Swiggy Instamart,Kolkata,52,1108,13,4.7,18,Household,Wallet,2,1,4
1008478,Flipkart Minutes,Bengluru,47,469,18,10.1,10,Household,Credit Card,4,0,3
1008479,Amazon Now,Jaipur,18,132,20,2.2,16,Snacks,Cash on Delivery,4,1,4
1008481,Blinkit,Haridwar,35,250,26,10.3,5,Personal Care,Cash on Delivery,4,1,5
1008483,Jio Mart,Haridwar,43,417,37,13.8,2,Snacks,Credit Card,2,0,5
1008484,Flipkart Minutes,Amritsar,18,1561,18,11.4,6,Personal Care,Credit Card,2,1,4
1008485,Blinkit,Mumbai,20,710,21,14.1,17,Dairy,Debit Card,5,0,4
1008486,Jio Mart,Kolkata,36,479,19,2.7,8,Fruits & Vegetables,Credit Card,4,0,3
1008487,Blinkit,Amritsar,40,304,14,9.0,4,Personal Care,Credit Card,3,1,4
1008488,Zepto,Gurgaon,56,368,5,0.7,14,Personal Care,UPI,4,0,3
1008489,Flipkart Minutes,Jaipur,48,738,20,4.6,14,Snacks,Wallet,3,0,4
1008490,Blinkit,Pune,25,290,16,10.2,13,Groceries,Credit Card,3,0,4
1008491,Blinkit,Mumbai,56,1071,19,9.3,1,Beverages,Cash on Delivery,4,1,4
1008492,Jio Mart,Hyderabad,59,509,22,10.2,19,Fruits & Vegetables,UPI,1,0,4
1008493,Zepto,Amritsar,19,843,12,14.8,14,Dairy,Debit Card,2,1,4
1008495,Big Basket,Gurgaon,38,1039,16,3.8,10,Dairy,Credit Card,3,1,4
1008496,Big Basket,Gurgaon,44,178,16,9.0,5,Household,Debit Card,3,1,3
1008497,Flipkart Minutes,Mumbai,52,1223,12,0.6,1,Dairy,Debit Card,5,1,3
1008498,Jio Mart,Mumbai,50,566,22,1.7,18,Snacks,Credit Card,2,1,4
1008499,Flipkart Minutes,Pune,19,231,18,9.2,19,Fruits & Vegetables,UPI,4,0,4
1008500,Big Basket,Mumbai,41,590,14,1.2,16,Dairy,UPI,5,0,5
1008501,Big Basket,Bengluru,33,618,22,12.0,3,Groceries,Debit Card,5,1,3
1008503,Big Basket,Kolkata,42,82,22,12.6,17,Household,Cash on Delivery,2,0,5
1008504,Jio Mart,Delhi,45,184,9,1.2,5,Personal Care,Debit Card,4,0,5
1008505,Blinkit,Chennai,49,835,18,11.0,11,Household,UPI,4,0,3
1008506,Zepto,Hyderabad,38,50,12,14.6,19,Personal Care,Cash on Delivery,4,0,4
1008507,Swiggy Instamart,Kolkata,20,805,13,7.3,14,Groceries,Wallet,2,0,3
1008508,Blinkit,Pune,49,189,12,4.2,17,Dairy,Credit Card,5,0,4
1008509,Amazon Now,Haridwar,26,184,35,12.8,16,Dairy,Credit Card,2,0,3
1008510,Zepto,Amritsar,24,343,14,14.2,15,Beverages,Wallet,2,0,4
1008511,Flipkart Minutes,Amritsar,52,327,20,12.5,17,Personal Care,Cash on Delivery,4,0,4
1008513,Jio Mart,Pune,30,924,25,10.3,16,Fruits & Vegetables,Credit Card,4,1,3
1008514,Zepto,Kolkata,32,950,10,10.3,9,Personal Care,Cash on Delivery,5,0,3
1008515,Swiggy Instamart,Delhi,19,1159,7,10.0,16,Groceries,UPI,3,1,3
1008516,Dunzo,Bengluru,52,50,19,14.2,8,Fruits & Vegetables,UPI,5,0,4
1008517,Flipkart Minutes,Jaipur,36,314,17,0.9,6,Groceries,UPI,2,0,4
1008518,Jio Mart,Hyderabad,27,641,27,14.1,17,Snacks,UPI,4,1,4
1008519,Zepto,Bengluru,55,432,14,14.5,9,Snacks,Wallet,4,0,3
1008520,Flipkart Minutes,Gurgaon,34,843,19,12.9,18,Snacks,Wallet,2,0,3
1008521,Amazon Now,Pune,45,840,17,3.8,11,Beverages,Debit Card,1,1,4
1008522,Jio Mart,Chennai,20,355,23,8.5,1,Beverages,UPI,2,0,4
1008523,Jio Mart,Noida,39,484,24,10.4,13,Beverages,UPI,4,0,4
1008524,Jio Mart,Haridwar,26,948,31,1.5,19,Snacks,Debit Card,4,1,3
1008525,Dunzo,Kolkata,56,469,9,0.8,1,Fruits & Vegetables,Debit Card,1,0,4
1008526,Zepto,Pune,24,678,5,4.9,6,Dairy,UPI,3,0,4
1008527,Dunzo,Haridwar,38,345,29,13.1,4,Fruits & Vegetables,Credit Card,4,0,3
1008528,Zepto,Mumbai,32,417,5,2.3,19,Dairy,UPI,5,0,4
1008529,Amazon Now,Amritsar,49,795,15,2.4,4,Household,Credit Card,4,1,3
1008530,Zepto,Bengluru,37,580,12,10.2,19,Personal Care,Debit Card,5,0,3
1008531,Amazon Now,Jaipur,18,586,24,9.2,14,Household,UPI,1,0,3
1008532,Swiggy Instamart,Pune,30,540,13,6.7,1,Snacks,Cash on Delivery,5,0,4
1008533,Dunzo,Mumbai,43,577,17,10.5,17,Fruits & Vegetables,Cash on Delivery,2,0,3
1008534,Dunzo,Bengluru,52,216,11,1.8,4,Dairy,Debit Card,5,1,5
1008535,Amazon Now,Jaipur,25,185,27,14.1,8,Fruits & Vegetables,UPI,4,0,4
1008536,Dunzo,Noida,33,710,14,9.2,3,Snacks,UPI,2,0,5
1008537,Swiggy Instamart,Mumbai,54,889,13,1.6,13,Personal Care,Debit Card,2,0,4
1008538,Jio Mart,Amritsar,50,50,21,3.6,11,Personal Care,Credit Card,3,1,3
1008539,Swiggy Instamart,Mumbai,56,627,20,13.3,17,Household,Cash on Delivery,3,0,4
1008540,Jio Mart,Kolkata,26,212,20,2.8,8,Household,Wallet,1,0,4
1008541,Jio Mart,Kolkata,52,906,27,12.9,11,Snacks,Cash on Delivery,1,1,4
1008542,Blinkit,Mumbai,18,185,11,2.0,2,Beverages,UPI,5,0,5
1008543,Swiggy Instamart,Noida,21,464,18,11.9,2,Household,Wallet,4,0,3
1008544,Dunzo,Delhi,36,338,5,6.5,15,Groceries,Cash on Delivery,2,1,3
1008545,Flipkart Minutes,Mumbai,26,50,16,2.3,18,Snacks,Cash on Delivery,2,1,5
1008546,Flipkart Minutes,Kolkata,27,690,17,7.6,6,Beverages,UPI,4,1,3
1008547,Dunzo,Haridwar,34,64,27,10.8,1,Dairy,Credit Card,1,0,4
1008548,Flipkart Minutes,Amritsar,41,369,16,5.8,5,Beverages,UPI,3,0,3
1008549,Big Basket,Amritsar,53,1545,14,3.7,13,Snacks,Wallet,4,1,4
1008550,Flipkart Minutes,Amritsar,52,195,15,3.0,15,Dairy,Wallet,2,0,3
1008551,Big Basket,Amritsar,20,680,14,1.7,6,Groceries,Wallet,2,0,4
1008552,Swiggy Instamart,Hyderabad,39,677,12,1.6,19,Personal Care,Wallet,3,1,5
1008554,Flipkart Minutes,Hyderabad,27,757,19,10.6,16,Dairy,Debit Card,2,1,4
1008555,Big Basket,Bengluru,54,1147,18,6.6,14,Personal Care,UPI,4,1,4
1008556,Zepto,Bengluru,18,428,14,13.6,15,Groceries,UPI,4,0,5
1008557,Dunzo,Jaipur,54,429,17,5.4,12,Snacks,Credit Card,3,0,4
1008558,Big Basket,Noida,26,587,16,5.5,15,Snacks,Wallet,3,0,4
1008559,Flipkart Minutes,Gurgaon,43,1203,13,4.8,9,Fruits & Vegetables,UPI,1,1,4
1008560,Big Basket,Mumbai,24,661,19,5.7,12,Household,Wallet,2,0,4
1008562,Jio Mart,Bengluru,39,335,23,7.1,9,Groceries,Debit Card,4,0,4
1008563,Dunzo,Noida,34,963,14,12.2,18,Household,Credit Card,3,0,3
1008564,Flipkart Minutes,Gurgaon,18,766,16,5.5,19,Beverages,Debit Card,3,0,3
1008565,Blinkit,Delhi,25,735,5,8.5,12,Fruits & Vegetables,Debit Card,3,1,4
1008566,Swiggy Instamart,Bengluru,28,934,15,7.1,10,Groceries,Cash on Delivery,2,0,3
1008567,Zepto,Amritsar,31,50,11,14.5,5,Household,UPI,4,0,3
1008568,Zepto,Hyderabad,29,589,12,13.9,19,Fruits & Vegetables,Credit Card,1,0,4
1008569,Big Basket,Bengluru,21,1116,18,6.0,2,Snacks,Credit Card,4,1,4
1008570,Jio Mart,Delhi,39,672,12,5.5,11,Groceries,Cash on Delivery,4,0,3
1008571,Zepto,Kolkata,36,364,5,2.4,16,Fruits & Vegetables,Cash on Delivery,5,0,4
1008572,Dunzo,Bengluru,44,930,15,8.6,1,Groceries,Debit Card,3,1,3
1008574,Jio Mart,Mumbai,56,785,30,14.4,6,Groceries,Credit Card,4,1,4
1008575,Big Basket,Jaipur,22,489,22,10.3,2,Fruits & Vegetables,Wallet,3,1,3
1008576,Jio Mart,Amritsar,33,784,21,6.2,10,Household,Wallet,3,1,4
1008577,Dunzo,Noida,18,376,10,4.3,19,Groceries,UPI,3,0,4
1008578,Zepto,Gurgaon,30,206,5,1.0,16,Personal Care,Credit Card,4,0,5
1008579,Amazon Now,Mumbai,37,204,20,5.8,2,Snacks,Cash on Delivery,1,1,4
1008580,Dunzo,Mumbai,54,372,19,13.3,2,Dairy,Credit Card,4,0,3
1008581,Flipkart Minutes,Delhi,57,763,8,14.0,8,Groceries,Wallet,1,1,4
1008582,Blinkit,Hyderabad,19,427,18,11.0,13,Household,Cash on Delivery,4,0,4
1008583,Amazon Now,Gurgaon,46,274,19,10.0,5,Dairy,Debit Card,4,1,4
1008585,Blinkit,Bengluru,22,714,13,2.3,18,Beverages,UPI,4,1,3
1008586,Blinkit,Gurgaon,45,544,12,6.0,2,Personal Care,Wallet,3,1,3
1008587,Blinkit,Bengluru,24,488,13,6.3,15,Groceries,UPI,5,0,4
1008588,Amazon Now,Jaipur,30,449,22,3.4,14,Beverages,UPI,3,1,3
1008590,Flipkart Minutes,Pune,59,516,12,1.8,14,Beverages,Wallet,4,0,4
1008591,Flipkart Minutes,Hyderabad,52,479,15,8.0,11,Beverages,Credit Card,1,0,4
1008592,Jio Mart,Jaipur,54,485,24,2.4,8,Groceries,Cash on Delivery,4,0,4
1008593,Big Basket,Gurgaon,32,1093,14,5.7,9,Personal Care,Debit Card,4,0,4
1008594,Jio Mart,Amritsar,41,707,25,11.4,8,Dairy,Debit Card,3,0,3
1008595,Amazon Now,Haridwar,31,452,28,1.7,3,Groceries,Wallet,3,1,4
1008596,Dunzo,Amritsar,31,775,17,14.9,11,Household,Credit Card,2,0,3
1008597,Blinkit,Delhi,53,285,5,6.2,2,Household,Debit Card,4,0,3
1008599,Blinkit,Hyderabad,49,744,11,2.0,14,Household,Credit Card,4,1,5
1008600,Zepto,Haridwar,23,50,21,5.9,3,Groceries,Cash on Delivery,2,1,3
1008601,Swiggy Instamart,Haridwar,55,50,23,0.8,8,Snacks,Wallet,2,1,4
1008602,Big Basket,Gurgaon,18,419,18,8.5,8,Dairy,UPI,3,0,5
1008604,Swiggy Instamart,Mumbai,28,753,16,9.1,1,Dairy,Credit Card,4,0,3
1008605,Blinkit,Jaipur,20,50,16,1.0,13,Personal Care,Credit Card,5,0,4
1008606,Blinkit,Hyderabad,36,396,14,5.6,1,Fruits & Vegetables,Debit Card,2,0,4
1008607,Flipkart Minutes,Haridwar,46,325,27,5.3,16,Snacks,Debit Card,2,0,3
1008608,Jio Mart,Jaipur,42,610,25,6.7,11,Fruits & Vegetables,Wallet,2,1,4
1008609,Jio Mart,Mumbai,44,803,21,3.4,2,Personal Care,Wallet,1,0,4
1008610,Blinkit,Mumbai,36,50,20,11.5,11,Personal Care,Credit Card,2,1,4
1008611,Swiggy Instamart,Bengluru,30,928,15,5.8,5,Snacks,Cash on Delivery,3,1,3
1008612,Dunzo,Amritsar,37,50,12,3.2,13,Groceries,Cash on Delivery,3,0,4
1008613,Flipkart Minutes,Pune,24,444,19,14.5,5,Personal Care,Wallet,3,0,3
1008614,Zepto,Pune,25,50,5,1.1,19,Household,Wallet,3,0,4
1008616,Blinkit,Bengluru,38,318,13,4.1,9,Personal Care,Debit Card,5,0,4
1008617,Dunzo,Noida,25,436,10,2.5,17,Snacks,Wallet,1,0,5
1008618,Blinkit,Chennai,28,426,16,11.5,17,Dairy,Credit Card,4,1,3
1008620,Swiggy Instamart,Gurgaon,43,1001,20,14.3,7,Fruits & Vegetables,UPI,2,0,4
1008621,Jio Mart,Amritsar,41,821,20,3.2,8,Dairy,UPI,2,1,4
1008622,Dunzo,Jaipur,56,274,13,1.8,1,Fruits & Vegetables,Wallet,1,1,3
1008623,Jio Mart,Hyderabad,32,406,23,11.8,8,Personal Care,Credit Card,3,1,4
1008624,Swiggy Instamart,Gurgaon,26,292,11,1.0,19,Groceries,Credit Card,2,1,3
1008625,Blinkit,Noida,51,1495,18,11.3,13,Groceries,Wallet,3,1,4
1008626,Blinkit,Amritsar,45,50,18,14.6,13,Beverages,UPI,4,0,5
1008627,Blinkit,Haridwar,41,406,29,9.7,14,Household,Debit Card,2,0,4
1008628,Amazon Now,Mumbai,59,342,17,4.1,18,Beverages,Cash on Delivery,2,1,4
1008629,Swiggy Instamart,Delhi,48,330,9,12.6,5,Personal Care,Credit Card,2,1,4
1008630,Blinkit,Bengluru,25,652,12,3.2,10,Groceries,Credit Card,3,0,5
1008631,Zepto,Pune,40,412,5,1.1,11,Dairy,Debit Card,4,0,5
1008632,Big Basket,Gurgaon,21,741,20,11.4,10,Beverages,Credit Card,4,1,5
1008633,Big Basket,Gurgaon,45,768,21,13.3,18,Dairy,Cash on Delivery,4,1,4
1008634,Dunzo,Noida,47,820,10,3.7,12,Household,Credit Card,2,0,3
1008635,Amazon Now,Pune,45,382,15,3.4,19,Household,Wallet,4,0,3
1008636,Jio Mart,Kolkata,47,611,22,9.1,14,Groceries,UPI,2,0,3
1008637,Big Basket,Amritsar,20,844,19,11.5,16,Household,Wallet,4,1,5
1008638,Zepto,Jaipur,45,301,11,1.8,7,Personal Care,Credit Card,2,0,3
1008639,Dunzo,Pune,37,477,13,9.9,14,Beverages,Credit Card,4,0,5
1008640,Swiggy Instamart,Haridwar,51,215,24,4.0,16,Groceries,UPI,3,0,5
1008641,Zepto,Mumbai,21,846,6,3.7,15,Dairy,Credit Card,3,1,4
1008642,Amazon Now,Noida,35,758,20,10.7,2,Dairy,Cash on Delivery,4,1,4
1008643,Swiggy Instamart,Hyderabad,46,50,18,11.1,19,Groceries,Debit Card,3,0,3
1008644,Dunzo,Haridwar,44,765,30,13.4,11,Groceries,Credit Card,4,1,3
1008645,Jio Mart,Mumbai,35,522,25,12.3,16,Personal Care,UPI,4,1,5
1008646,Jio Mart,Haridwar,40,50,35,6.4,18,Snacks,Cash on Delivery,4,0,5
1008647,Dunzo,Kolkata,43,989,10,1.8,14,Beverages,Credit Card,2,1,4
1008648,Big Basket,Bengluru,48,888,16,6.1,6,Beverages,UPI,3,0,4
1008649,Zepto,Bengluru,20,1383,11,7.6,15,Beverages,Debit Card,3,0,3
1008650,Zepto,Haridwar,44,428,18,4.3,14,Groceries,Wallet,5,0,4
1008651,Big Basket,Jaipur,58,587,19,0.8,2,Groceries,UPI,1,1,4
1008652,Swiggy Instamart,Jaipur,18,216,20,6.9,12,Snacks,UPI,1,0,3
1008653,Blinkit,Jaipur,58,967,22,14.4,13,Dairy,Credit Card,2,1,3
1008654,Swiggy Instamart,Jaipur,43,149,20,8.2,5,Groceries,UPI,4,0,3
1008655,Big Basket,Haridwar,43,272,31,13.4,14,Household,Cash on Delivery,5,1,3
1008657,Blinkit,Noida,23,293,16,11.6,11,Dairy,Debit Card,5,0,4
1008658,Swiggy Instamart,Bengluru,25,378,15,6.0,19,Beverages,Debit Card,3,0,4
1008659,Big Basket,Jaipur,18,622,21,8.5,13,Household,Debit Card,4,1,3
1008660,Flipkart Minutes,Mumbai,37,284,16,7.0,5,Snacks,Credit Card,2,0,3
1008661,Swiggy Instamart,Delhi,34,709,5,1.3,5,Fruits & Vegetables,Wallet,5,0,3
1008662,Zepto,Hyderabad,47,647,8,6.8,19,Fruits & Vegetables,Debit Card,5,0,4
1008663,Swiggy Instamart,Gurgaon,45,383,12,1.0,2,Household,Wallet,2,0,4
1008664,Swiggy Instamart,Gurgaon,33,871,17,10.6,7,Dairy,Wallet,3,0,3
1008665,Zepto,Bengluru,38,866,15,14.6,4,Beverages,Credit Card,5,0,4
1008666,Big Basket,Jaipur,44,141,24,8.1,5,Beverages,Cash on Delivery,5,0,4
1008668,Zepto,Hyderabad,52,918,5,4.7,16,Beverages,Wallet,1,1,4
1008669,Flipkart Minutes,Mumbai,23,382,16,5.8,15,Fruits & Vegetables,Cash on Delivery,4,1,4
1008670,Swiggy Instamart,Hyderabad,19,870,13,5.8,4,Snacks,Debit Card,3,1,2
1008671,Big Basket,Chennai,19,463,21,11.3,3,Household,Cash on Delivery,2,1,4
1008672,Swiggy Instamart,Noida,24,741,9,0.8,8,Household,Credit Card,5,0,4
1008673,Swiggy Instamart,Mumbai,42,868,16,3.7,19,Household,Cash on Delivery,4,0,4
1008674,Flipkart Minutes,Haridwar,38,628,25,3.3,5,Personal Care,Debit Card,3,0,4
1008675,Big Basket,Mumbai,30,250,21,8.4,6,Beverages,Cash on Delivery,5,0,3
1008676,Zepto,Mumbai,32,232,12,12.9,7,Beverages,Cash on Delivery,4,0,4
1008677,Jio Mart,Hyderabad,37,142,25,11.6,6,Dairy,Credit Card,1,1,4
1008678,Jio Mart,Delhi,37,779,16,13.6,16,Beverages,Debit Card,3,0,4
1008679,Dunzo,Delhi,18,83,5,4.4,1,Groceries,UPI,1,0,4
1008680,Amazon Now,Gurgaon,37,1016,15,1.5,13,Personal Care,Debit Card,3,0,3
1008681,Flipkart Minutes,Mumbai,37,50,15,0.7,17,Household,Debit Card,3,0,5
1008683,Blinkit,Gurgaon,25,1237,11,3.7,12,Fruits & Vegetables,Debit Card,3,0,4
1008684,Swiggy Instamart,Pune,32,520,13,4.4,14,Household,Credit Card,5,0,3
1008685,Amazon Now,Delhi,57,444,10,9.7,11,Fruits & Vegetables,UPI,4,0,4
1008686,Swiggy Instamart,Jaipur,20,98,17,1.0,13,Snacks,Credit Card,1,1,3
1008687,Swiggy Instamart,Amritsar,58,665,15,6.3,2,Fruits & Vegetables,Credit Card,4,1,2
1008688,Blinkit,Jaipur,52,417,24,13.9,19,Beverages,UPI,5,1,4
1008690,Dunzo,Jaipur,49,50,20,13.5,4,Dairy,Cash on Delivery,2,1,4
1008691,Zepto,Amritsar,48,1566,10,11.9,10,Groceries,Credit Card,3,1,4
1008692,Big Basket,Gurgaon,46,685,23,14.2,7,Snacks,Credit Card,4,0,4
1008693,Dunzo,Amritsar,33,556,14,11.4,18,Household,Credit Card,3,0,3
1008694,Jio Mart,Chennai,58,523,18,1.6,15,Fruits & Vegetables,UPI,1,1,5
1008695,Zepto,Pune,53,1078,7,6.8,4,Personal Care,UPI,3,0,4
1008696,Big Basket,Pune,21,207,12,0.6,19,Snacks,UPI,5,0,3
1008697,Jio Mart,Noida,27,1137,23,6.5,19,Personal Care,UPI,1,0,3
1008698,Dunzo,Delhi,35,471,5,3.6,8,Beverages,Debit Card,4,0,4
1008699,Big Basket,Gurgaon,47,909,20,12.8,14,Dairy,Credit Card,1,0,3
1008700,Dunzo,Amritsar,35,336,11,5.1,15,Groceries,Credit Card,2,0,3
1008701,Jio Mart,Mumbai,19,342,22,7.0,9,Beverages,Credit Card,3,0,5
1008702,Flipkart Minutes,Haridwar,44,865,32,11.2,8,Beverages,Cash on Delivery,3,1,4
1008705,Dunzo,Kolkata,26,608,16,14.1,11,Groceries,Wallet,3,1,4
1008706,Flipkart Minutes,Bengluru,44,1121,16,6.1,11,Beverages,Wallet,3,1,4
1008707,Zepto,Pune,21,387,11,14.8,4,Snacks,Debit Card,4,0,4
1008708,Dunzo,Gurgaon,19,544,10,3.4,11,Fruits & Vegetables,UPI,2,0,4
1008709,Jio Mart,Jaipur,28,180,26,8.6,5,Household,Cash on Delivery,2,1,5
1008710,Blinkit,Haridwar,57,379,31,13.6,1,Snacks,Debit Card,5,1,5
1008711,Dunzo,Hyderabad,34,501,15,13.9,14,Groceries,Cash on Delivery,2,0,4
1008712,Flipkart Minutes,Noida,55,429,11,2.2,5,Snacks,UPI,4,0,3
1008713,Blinkit,Chennai,30,50,9,2.2,18,Groceries,Credit Card,2,0,3
1008714,Dunzo,Mumbai,36,790,14,7.2,13,Snacks,UPI,4,1,5
1008715,Jio Mart,Haridwar,21,181,36,10.0,5,Beverages,UPI,3,0,5
1008716,Blinkit,Pune,54,478,10,1.8,13,Groceries,Wallet,2,0,5
1008717,Dunzo,Jaipur,39,190,21,11.7,13,Snacks,Wallet,1,0,3
1008718,Swiggy Instamart,Hyderabad,47,938,15,9.1,10,Household,UPI,1,0,5
1008719,Dunzo,Kolkata,22,460,11,1.9,11,Household,Credit Card,3,0,4
1008720,Jio Mart,Kolkata,40,50,21,2.9,6,Groceries,Wallet,3,1,5
1008721,Dunzo,Chennai,29,493,8,1.8,10,Fruits & Vegetables,Debit Card,2,1,4
1008723,Big Basket,Mumbai,42,308,17,3.7,12,Snacks,Credit Card,5,1,5
1008724,Dunzo,Delhi,33,354,5,9.3,13,Fruits & Vegetables,Wallet,4,0,4
1008725,Dunzo,Hyderabad,25,459,13,9.9,6,Household,Cash on Delivery,2,0,3
1008726,Big Basket,Jaipur,34,730,21,8.6,12,Dairy,Wallet,4,0,4
1008727,Swiggy Instamart,Haridwar,29,553,23,1.8,16,Dairy,Debit Card,4,0,4
1008728,Amazon Now,Delhi,50,389,13,12.8,15,Personal Care,Wallet,4,0,4
1008729,Amazon Now,Pune,38,716,18,5.0,10,Fruits & Vegetables,Wallet,2,0,3
1008730,Jio Mart,Pune,38,566,17,2.1,15,Groceries,UPI,1,1,4
1008731,Jio Mart,Chennai,20,412,25,12.8,11,Fruits & Vegetables,UPI,4,1,3
1008732,Zepto,Gurgaon,22,1527,6,5.5,14,Beverages,Credit Card,1,1,3
1008733,Flipkart Minutes,Jaipur,26,676,21,10.3,10,Beverages,Wallet,3,1,3
1008734,Flipkart Minutes,Hyderabad,39,1478,14,4.0,7,Snacks,UPI,4,1,4
1008735,Dunzo,Haridwar,42,50,22,4.5,18,Fruits & Vegetables,UPI,3,0,3
1008736,Zepto,Kolkata,34,1022,9,10.6,6,Snacks,UPI,2,1,4
1008738,Jio Mart,Amritsar,22,71,24,7.8,9,Snacks,UPI,3,1,3
1008739,Big Basket,Hyderabad,53,857,20,10.5,12,Fruits & Vegetables,UPI,2,1,4
1008740,Blinkit,Amritsar,53,313,15,8.8,1,Fruits & Vegetables,Credit Card,2,1,3
1008741,Dunzo,Noida,30,736,13,4.7,2,Household,Debit Card,2,1,4
1008742,Flipkart Minutes,Haridwar,55,57,30,11.2,8,Household,Credit Card,4,1,4
1008743,Jio Mart,Pune,43,426,24,7.8,14,Snacks,UPI,4,0,4
1008744,Blinkit,Kolkata,50,50,19,13.5,10,Personal Care,Cash on Delivery,2,0,3
1008745,Big Basket,Noida,19,217,11,0.5,10,Fruits & Vegetables,Wallet,4,0,3
1008746,Dunzo,Chennai,41,586,13,8.6,5,Snacks,UPI,2,0,4
1008747,Swiggy Instamart,Mumbai,52,1491,16,2.6,6,Groceries,Cash on Delivery,4,1,4
1008748,Flipkart Minutes,Bengluru,32,622,14,4.2,16,Household,Wallet,5,1,4
1008749,Big Basket,Delhi,43,634,5,1.8,17,Personal Care,Wallet,5,1,3
1008750,Blinkit,Gurgaon,54,1256,19,14.6,8,Beverages,Debit Card,3,0,3
1008751,Amazon Now,Jaipur,23,801,23,6.1,13,Personal Care,UPI,3,0,3
1008752,Zepto,Chennai,39,524,14,14.8,18,Beverages,Debit Card,4,0,3
1008753,Flipkart Minutes,Hyderabad,26,312,14,4.9,19,Groceries,Wallet,3,0,3
1008754,Big Basket,Kolkata,19,1132,15,1.8,16,Groceries,Wallet,3,0,5
1008755,Flipkart Minutes,Chennai,39,537,18,14.0,13,Snacks,Credit Card,4,1,4
1008756,Swiggy Instamart,Bengluru,52,582,16,8.9,4,Household,Wallet,3,1,3
1008757,Swiggy Instamart,Amritsar,29,825,12,1.2,15,Beverages,Debit Card,4,1,4
1008758,Blinkit,Amritsar,27,609,10,1.1,9,Dairy,Debit Card,4,0,4
1008759,Big Basket,Delhi,27,473,10,9.7,7,Snacks,Debit Card,3,0,2
1008760,Dunzo,Mumbai,33,759,17,8.0,13,Dairy,UPI,1,0,4
1008761,Jio Mart,Pune,26,57,20,6.2,17,Dairy,Cash on Delivery,4,0,5
1008762,Amazon Now,Amritsar,34,1375,16,6.4,12,Beverages,UPI,5,1,5
1008763,Flipkart Minutes,Hyderabad,31,361,11,2.4,8,Beverages,Cash on Delivery,3,0,4
1008764,Blinkit,Mumbai,47,50,13,2.1,5,Groceries,Credit Card,3,1,5
1008765,Swiggy Instamart,Gurgaon,54,331,16,7.8,19,Household,Cash on Delivery,3,0,3
1008766,Swiggy Instamart,Delhi,39,371,6,6.0,14,Beverages,UPI,3,0,5
1008767,Blinkit,Pune,52,548,16,14.1,4,Groceries,Wallet,2,0,4
1008768,Swiggy Instamart,Kolkata,30,1230,16,6.0,8,Fruits & Vegetables,Debit Card,4,0,3
1008769,Zepto,Noida,27,1002,5,4.4,6,Groceries,Credit Card,5,1,5
1008770,Zepto,Gurgaon,33,1330,8,9.6,4,Groceries,Wallet,4,0,4
1008771,Jio Mart,Bengluru,40,402,23,7.1,10,Personal Care,Wallet,4,0,4
1008772,Blinkit,Amritsar,29,699,14,9.3,12,Beverages,Cash on Delivery,2,0,3
1008773,Flipkart Minutes,Pune,26,657,18,10.7,19,Household,UPI,3,1,4
1008774,Jio Mart,Pune,33,425,19,2.7,8,Household,Wallet,2,0,5
1008775,Amazon Now,Pune,59,376,19,8.2,6,Groceries,Credit Card,4,0,4
1008776,Jio Mart,Bengluru,51,1226,23,4.4,5,Beverages,Wallet,1,1,3
1008777,Big Basket,Bengluru,52,133,21,10.9,2,Fruits & Vegetables,Debit Card,2,0,4
1008778,Flipkart Minutes,Amritsar,20,71,18,11.2,1,Groceries,UPI,1,0,5
1008779,Dunzo,Haridwar,50,603,30,13.7,19,Personal Care,Debit Card,1,1,4
1008780,Swiggy Instamart,Amritsar,57,415,10,0.7,13,Dairy,UPI,4,0,3
1008781,Big Basket,Chennai,48,686,11,0.7,11,Snacks,Wallet,3,1,3
1008782,Amazon Now,Noida,39,858,16,4.4,13,Personal Care,Cash on Delivery,3,0,4
1008783,Jio Mart,Gurgaon,57,475,23,12.1,14,Fruits & Vegetables,Wallet,4,0,3
1008784,Jio Mart,Jaipur,36,157,28,12.3,15,Groceries,Debit Card,2,0,3
1008785,Blinkit,Amritsar,51,707,10,0.9,19,Groceries,Cash on Delivery,4,1,3
1008786,Zepto,Haridwar,43,218,22,8.6,10,Personal Care,Cash on Delivery,2,1,5
1008787,Dunzo,Jaipur,54,487,18,4.8,2,Groceries,Wallet,3,0,4
1008788,Swiggy Instamart,Bengluru,18,843,13,2.3,6,Groceries,Credit Card,2,0,4
1008789,Amazon Now,Jaipur,56,263,25,8.2,13,Snacks,Debit Card,3,1,4
1008790,Big Basket,Chennai,51,1053,13,3.1,4,Dairy,Wallet,2,1,4
1008791,Zepto,Jaipur,55,568,14,9.2,13,Snacks,UPI,3,0,4
1008792,Dunzo,Delhi,50,1347,5,8.8,19,Groceries,Wallet,2,1,2
1008793,Swiggy Instamart,Noida,34,1154,17,10.6,19,Personal Care,UPI,2,0,4
1008795,Amazon Now,Noida,24,694,18,7.9,7,Dairy,Wallet,3,0,4
1008796,Dunzo,Gurgaon,57,527,15,11.8,19,Personal Care,Debit Card,1,0,3
1008798,Dunzo,Noida,58,902,11,2.4,10,Fruits & Vegetables,Wallet,2,1,3
1008799,Dunzo,Hyderabad,43,50,17,14.4,17,Dairy,UPI,3,0,3
1008800,Flipkart Minutes,Pune,35,610,11,0.9,2,Fruits & Vegetables,Wallet,4,0,3
1008801,Dunzo,Gurgaon,26,381,14,7.6,18,Beverages,Cash on Delivery,2,0,3
1008802,Blinkit,Bengluru,42,913,14,3.6,19,Household,Cash on Delivery,5,0,3
1008803,Zepto,Jaipur,26,358,18,14.8,8,Dairy,Debit Card,4,0,4
1008804,Blinkit,Noida,18,344,13,6.6,19,Fruits & Vegetables,Credit Card,5,0,5
1008806,Blinkit,Gurgaon,57,756,15,11.2,3,Groceries,Credit Card,5,0,4
1008807,Swiggy Instamart,Pune,59,791,12,4.0,18,Snacks,Wallet,4,0,5
1008808,Blinkit,Chennai,58,889,13,5.6,19,Snacks,Debit Card,4,0,5
1008809,Swiggy Instamart,Amritsar,55,617,13,5.7,9,Snacks,UPI,3,0,4
1008810,Amazon Now,Kolkata,45,376,18,8.5,7,Groceries,Wallet,2,1,5
1008811,Jio Mart,Gurgaon,25,50,20,5.0,11,Beverages,Debit Card,3,0,4
1008812,Swiggy Instamart,Haridwar,22,587,31,12.4,9,Fruits & Vegetables,Debit Card,3,0,4
1008813,Swiggy Instamart,Gurgaon,20,452,10,2.3,1,Dairy,Cash on Delivery,3,0,4
1008814,Dunzo,Kolkata,56,567,8,1.3,12,Fruits & Vegetables,Cash on Delivery,2,0,4
1008815,Amazon Now,Noida,33,1416,22,12.7,18,Snacks,UPI,2,1,3
1008816,Zepto,Kolkata,57,684,11,11.0,3,Groceries,Debit Card,1,0,4
1008817,Zepto,Amritsar,46,89,12,11.8,1,Beverages,Debit Card,5,0,4
1008818,Swiggy Instamart,Noida,30,609,15,10.8,4,Beverages,Wallet,3,1,4
1008819,Swiggy Instamart,Jaipur,26,1172,19,6.8,17,Dairy,UPI,2,0,4
1008820,Big Basket,Kolkata,30,831,16,7.8,19,Fruits & Vegetables,UPI,4,1,4
1008821,Big Basket,Amritsar,37,426,17,5.0,1,Fruits & Vegetables,Debit Card,4,0,4
1008822,Zepto,Noida,59,583,12,14.1,5,Snacks,Credit Card,4,1,2
1008823,Dunzo,Haridwar,46,735,29,12.6,16,Fruits & Vegetables,Cash on Delivery,2,1,4
1008824,Zepto,Pune,18,764,9,7.3,10,Snacks,Wallet,4,0,3
1008825,Flipkart Minutes,Bengluru,59,1184,18,6.1,1,Beverages,Wallet,4,1,3
1008826,Dunzo,Noida,48,440,12,5.2,15,Dairy,UPI,4,0,4
1008827,Jio Mart,Jaipur,45,431,28,8.8,1,Household,Credit Card,3,0,4
1008828,Swiggy Instamart,Delhi,48,605,5,3.7,14,Groceries,Cash on Delivery,5,0,4
1008829,Jio Mart,Gurgaon,35,753,24,11.3,19,Dairy,UPI,2,0,3
1008830,Amazon Now,Mumbai,45,532,22,9.8,19,Personal Care,Credit Card,2,0,4
1008831,Zepto,Noida,47,1110,7,6.5,1,Fruits & Vegetables,Debit Card,4,1,4
1008832,Blinkit,Bengluru,23,589,13,6.2,19,Fruits & Vegetables,Debit Card,4,1,3
1008833,Big Basket,Mumbai,27,84,19,10.0,2,Beverages,Cash on Delivery,4,0,4
1008834,Dunzo,Pune,22,249,12,3.2,13,Groceries,Wallet,1,1,4
1008835,Blinkit,Gurgaon,19,468,12,5.5,6,Snacks,Wallet,3,0,5
1008836,Flipkart Minutes,Mumbai,22,662,14,3.8,12,Household,Debit Card,4,0,5
1008837,Dunzo,Hyderabad,33,860,13,5.6,2,Groceries,UPI,2,0,4
1008838,Swiggy Instamart,Amritsar,28,963,19,13.3,10,Personal Care,Cash on Delivery,2,1,3
1008839,Jio Mart,Haridwar,24,50,35,11.9,7,Household,Credit Card,3,0,4
1008840,Blinkit,Pune,35,50,11,0.8,12,Groceries,Debit Card,5,0,5
1008841,Flipkart Minutes,Hyderabad,28,434,13,3.1,14,Fruits & Vegetables,Credit Card,2,1,4
1008842,Amazon Now,Bengluru,37,1201,22,10.0,17,Dairy,Cash on Delivery,3,1,4
1008843,Big Basket,Chennai,35,453,20,9.7,5,Groceries,UPI,4,0,3
1008844,Big Basket,Pune,55,461,13,3.0,18,Groceries,Debit Card,2,1,5
1008845,Jio Mart,Delhi,26,340,14,10.6,19,Snacks,Debit Card,2,1,4
1008846,Blinkit,Mumbai,56,1346,13,1.5,4,Groceries,UPI,4,1,4
1008847,Jio Mart,Pune,58,336,18,3.6,2,Household,Wallet,3,0,3
1008849,Flipkart Minutes,Delhi,26,1123,8,11.3,6,Dairy,UPI,2,1,4
1008850,Zepto,Amritsar,53,251,5,2.1,3,Household,Cash on Delivery,2,0,5
1008851,Flipkart Minutes,Kolkata,46,1082,21,13.0,5,Groceries,Credit Card,4,0,5
1008852,Big Basket,Kolkata,57,359,20,14.8,12,Household,Credit Card,4,0,3
1008853,Flipkart Minutes,Gurgaon,31,1635,14,5.5,15,Snacks,Debit Card,2,1,3
1008854,Big Basket,Noida,38,956,20,12.9,3,Snacks,Cash on Delivery,2,0,4
1008856,Flipkart Minutes,Mumbai,50,294,21,13.0,4,Personal Care,UPI,4,0,3
1008857,Swiggy Instamart,Jaipur,53,681,21,7.4,13,Snacks,Credit Card,4,0,3
1008858,Flipkart Minutes,Delhi,31,735,7,6.1,6,Dairy,Credit Card,2,1,4
1008859,Blinkit,Jaipur,50,50,21,8.7,8,Dairy,Credit Card,4,1,4
1008860,Blinkit,Noida,18,726,15,8.9,8,Personal Care,Wallet,3,1,4
1008861,Amazon Now,Bengluru,44,1335,22,13.6,14,Fruits & Vegetables,Wallet,4,1,4
1008862,Zepto,Gurgaon,35,517,7,4.5,14,Personal Care,UPI,4,1,4
1008863,Jio Mart,Hyderabad,54,621,19,5.8,7,Beverages,Cash on Delivery,1,1,4
1008864,Flipkart Minutes,Haridwar,29,136,25,3.8,5,Fruits & Vegetables,Credit Card,5,1,3
1008865,Flipkart Minutes,Haridwar,38,493,31,10.0,3,Snacks,Wallet,1,1,4
1008866,Blinkit,Noida,40,777,11,2.3,13,Beverages,Cash on Delivery,3,1,3
1008868,Dunzo,Bengluru,43,137,18,14.4,17,Beverages,Cash on Delivery,3,0,4
1008869,Big Basket,Bengluru,32,810,21,13.7,2,Beverages,Debit Card,4,1,4
1008870,Blinkit,Gurgaon,32,822,8,0.7,17,Beverages,Credit Card,4,0,4
1008871,Flipkart Minutes,Pune,20,212,21,14.0,7,Beverages,UPI,3,0,4
1008872,Jio Mart,Delhi,49,534,14,9.9,12,Dairy,Debit Card,4,0,3
1008873,Zepto,Haridwar,47,711,19,8.8,14,Personal Care,Debit Card,5,1,3
1008874,Zepto,Amritsar,27,757,7,4.1,6,Groceries,UPI,3,0,3
1008875,Zepto,Kolkata,48,50,8,8.4,10,Snacks,Wallet,2,0,4
1008876,Jio Mart,Kolkata,40,50,26,13.7,1,Personal Care,Cash on Delivery,5,0,4
1008877,Blinkit,Kolkata,20,1078,12,6.6,15,Dairy,Cash on Delivery,3,1,3
1008878,Jio Mart,Chennai,22,858,26,13.9,9,Fruits & Vegetables,Debit Card,3,1,5
1008879,Big Basket,Haridwar,25,349,32,14.8,8,Dairy,Wallet,3,1,5
1008880,Flipkart Minutes,Bengluru,35,1471,16,2.9,2,Groceries,Credit Card,4,1,4
1008881,Amazon Now,Mumbai,36,539,20,5.5,15,Personal Care,UPI,3,1,5
1008882,Zepto,Haridwar,47,50,23,13.2,3,Dairy,Cash on Delivery,4,0,4
1008883,Zepto,Hyderabad,50,161,5,2.9,5,Fruits & Vegetables,Credit Card,4,0,4
1008884,Swiggy Instamart,Amritsar,53,1145,17,11.3,12,Snacks,Debit Card,2,0,3
1008885,Amazon Now,Gurgaon,45,583,23,14.8,2,Beverages,UPI,3,0,3
1008886,Jio Mart,Kolkata,38,50,23,7.6,19,Personal Care,Wallet,4,0,4
1008887,Zepto,Bengluru,37,418,6,5.4,12,Beverages,Wallet,2,1,3
1008888,Zepto,Chennai,41,1125,10,8.1,12,Fruits & Vegetables,Credit Card,3,0,3
1008889,Jio Mart,Chennai,49,50,25,13.6,14,Fruits & Vegetables,UPI,2,0,3
1008890,Zepto,Delhi,45,394,5,2.6,2,Beverages,Cash on Delivery,5,1,3
1008891,Flipkart Minutes,Jaipur,44,1115,23,8.5,10,Household,Credit Card,3,1,3
1008892,Blinkit,Mumbai,37,82,18,7.9,13,Groceries,UPI,5,0,4
1008893,Dunzo,Noida,39,490,17,11.7,12,Household,Credit Card,4,0,3
1008894,Amazon Now,Delhi,46,550,7,5.4,8,Personal Care,Cash on Delivery,3,1,3
1008895,Zepto,Gurgaon,56,144,12,12.8,2,Groceries,UPI,4,0,3
1008896,Big Basket,Amritsar,56,975,16,6.7,5,Beverages,Debit Card,1,0,3
1008897,Swiggy Instamart,Haridwar,25,422,32,14.2,9,Personal Care,Credit Card,3,0,3
1008898,Jio Mart,Mumbai,40,481,28,11.6,16,Fruits & Vegetables,Debit Card,4,0,3
1008899,Zepto,Delhi,56,1208,5,5.2,6,Groceries,Debit Card,3,1,4
1008900,Swiggy Instamart,Bengluru,59,622,20,11.2,17,Dairy,UPI,3,0,4
1008901,Flipkart Minutes,Bengluru,27,298,16,3.0,16,Personal Care,Debit Card,4,1,4
1008902,Jio Mart,Amritsar,19,609,20,7.0,18,Beverages,Debit Card,2,1,3
1008903,Big Basket,Kolkata,40,522,20,11.0,1,Personal Care,Credit Card,5,0,4
1008904,Big Basket,Bengluru,44,467,16,5.7,16,Fruits & Vegetables,UPI,3,0,3
1008905,Dunzo,Chennai,30,509,11,2.0,1,Household,Wallet,4,0,3
1008906,Jio Mart,Bengluru,27,821,26,9.9,18,Personal Care,UPI,3,1,4
1008907,Blinkit,Kolkata,49,930,15,10.7,9,Groceries,Wallet,4,0,5
1008908,Zepto,Mumbai,20,312,12,12.9,3,Snacks,UPI,4,1,4
1008909,Dunzo,Delhi,40,459,5,6.7,19,Snacks,Cash on Delivery,3,0,5
1008910,Jio Mart,Noida,35,268,25,14.0,3,Household,Wallet,1,0,4
1008911,Flipkart Minutes,Gurgaon,58,469,20,13.2,19,Groceries,Credit Card,2,0,4
1008912,Big Basket,Noida,38,1020,17,5.7,16,Snacks,Credit Card,5,1,4
1008913,Dunzo,Haridwar,38,332,24,8.6,13,Snacks,Cash on Delivery,3,0,4
1008914,Dunzo,Kolkata,29,702,16,11.4,16,Fruits & Vegetables,Cash on Delivery,2,0,4
1008917,Jio Mart,Noida,44,299,20,6.1,19,Groceries,Credit Card,3,0,3
1008918,Dunzo,Haridwar,26,192,24,7.8,4,Beverages,Cash on Delivery,2,0,4
1008919,Dunzo,Mumbai,27,1305,19,13.1,15,Personal Care,Wallet,4,1,4
1008920,Zepto,Amritsar,49,709,14,14.4,18,Beverages,UPI,4,1,3
1008922,Amazon Now,Chennai,47,525,16,6.3,10,Fruits & Vegetables,Credit Card,4,0,4
1008923,Flipkart Minutes,Noida,37,195,17,8.5,19,Household,Debit Card,4,1,4
1008924,Dunzo,Chennai,39,135,17,14.7,4,Personal Care,Debit Card,4,0,3
1008925,Flipkart Minutes,Haridwar,41,664,32,13.4,9,Snacks,Cash on Delivery,4,1,3
1008926,Dunzo,Mumbai,22,682,19,12.2,19,Personal Care,Wallet,2,0,4
1008927,Jio Mart,Mumbai,51,923,23,2.6,13,Fruits & Vegetables,Wallet,2,1,4
1008928,Swiggy Instamart,Mumbai,50,50,14,1.8,13,Snacks,Credit Card,2,0,4
1008929,Flipkart Minutes,Kolkata,39,1236,19,12.0,4,Groceries,Credit Card,3,1,4
1008930,Blinkit,Pune,50,263,16,13.0,13,Personal Care,Cash on Delivery,4,1,3
1008931,Blinkit,Hyderabad,32,828,14,4.8,4,Dairy,UPI,4,0,3
1008932,Amazon Now,Delhi,52,627,10,12.8,14,Fruits & Vegetables,Wallet,5,0,5
1008933,Zepto,Delhi,58,1063,5,8.5,18,Household,Cash on Delivery,5,1,4
1008934,Flipkart Minutes,Hyderabad,46,50,19,11.5,9,Fruits & Vegetables,UPI,3,1,4
1008935,Swiggy Instamart,Amritsar,34,770,15,6.2,19,Fruits & Vegetables,Cash on Delivery,4,0,4
1008936,Amazon Now,Bengluru,51,599,18,4.4,4,Fruits & Vegetables,Debit Card,4,0,4
1008937,Zepto,Noida,53,170,11,13.6,1,Personal Care,Cash on Delivery,2,0,4
1008938,Blinkit,Amritsar,50,327,15,6.7,13,Groceries,Debit Card,4,0,4
1008939,Jio Mart,Pune,24,330,25,9.6,1,Personal Care,Cash on Delivery,4,0,5
1008940,Jio Mart,Amritsar,41,504,20,4.5,17,Snacks,Wallet,4,0,4
1008941,Swiggy Instamart,Delhi,29,379,5,2.9,1,Dairy,Wallet,3,0,3
1008942,Blinkit,Amritsar,24,290,11,4.4,2,Dairy,Cash on Delivery,5,0,4
1008943,Jio Mart,Jaipur,19,50,26,3.8,16,Household,Debit Card,2,0,3
1008944,Swiggy Instamart,Hyderabad,52,396,12,5.4,19,Household,Debit Card,4,0,4
1008945,Swiggy Instamart,Gurgaon,28,853,17,10.5,19,Personal Care,UPI,4,0,3
1008946,Dunzo,Jaipur,34,510,22,13.5,10,Personal Care,UPI,1,0,5
1008947,Flipkart Minutes,Bengluru,44,949,19,7.8,17,Dairy,Credit Card,5,0,4
1008948,Amazon Now,Hyderabad,45,600,24,14.9,13,Snacks,Debit Card,4,1,3
1008949,Zepto,Delhi,45,50,5,10.8,1,Snacks,Credit Card,5,1,4
1008950,Blinkit,Pune,47,489,14,7.6,11,Dairy,Debit Card,5,0,3
1008951,Big Basket,Mumbai,53,729,18,7.6,14,Snacks,UPI,3,0,4
1008952,Swiggy Instamart,Noida,40,2032,13,6.7,3,Fruits & Vegetables,Debit Card,4,1,3
1008953,Amazon Now,Mumbai,26,606,22,12.3,8,Snacks,Cash on Delivery,2,0,4
1008954,Blinkit,Delhi,46,619,5,1.7,15,Snacks,Credit Card,5,0,5
1008955,Zepto,Mumbai,21,547,8,4.3,17,Fruits & Vegetables,UPI,3,0,4
1008956,Swiggy Instamart,Gurgaon,43,479,10,2.0,7,Dairy,Wallet,4,0,3
1008957,Amazon Now,Chennai,38,905,18,5.9,16,Household,Credit Card,3,0,4
1008958,Blinkit,Noida,54,663,12,4.9,18,Fruits & Vegetables,Debit Card,4,0,4
1008959,Dunzo,Noida,49,806,19,14.6,12,Household,Wallet,1,0,4
1008960,Big Basket,Noida,38,344,16,5.8,12,Snacks,Cash on Delivery,5,1,4
1008962,Blinkit,Jaipur,27,50,17,2.6,9,Personal Care,UPI,3,1,3
1008963,Zepto,Haridwar,52,668,17,2.6,5,Groceries,UPI,2,0,3
1008964,Blinkit,Pune,50,50,17,13.4,5,Personal Care,Credit Card,5,0,5
1008965,Flipkart Minutes,Haridwar,23,664,27,8.2,9,Snacks,UPI,3,0,3
1008966,Blinkit,Jaipur,48,477,23,11.3,13,Groceries,Debit Card,2,0,4
1008967,Big Basket,Amritsar,42,275,17,8.3,18,Snacks,Cash on Delivery,2,0,5
1008968,Zepto,Mumbai,54,833,12,10.1,16,Beverages,Debit Card,3,0,4
1008969,Dunzo,Delhi,36,312,5,2.7,17,Household,Credit Card,3,0,4
1008970,Jio Mart,Haridwar,50,714,35,7.8,10,Personal Care,Debit Card,3,1,3
1008971,Amazon Now,Amritsar,46,436,21,10.0,8,Groceries,Cash on Delivery,5,0,3
1008972,Dunzo,Jaipur,44,82,16,5.2,9,Groceries,Wallet,1,0,4
1008973,Amazon Now,Mumbai,57,984,24,12.2,15,Groceries,Debit Card,3,1,3
1008974,Flipkart Minutes,Kolkata,47,50,19,13.1,19,Fruits & Vegetables,Debit Card,4,0,3
1008975,Dunzo,Amritsar,54,947,12,6.4,7,Beverages,Cash on Delivery,2,0,4
1008976,Swiggy Instamart,Bengluru,53,929,16,8.7,1,Groceries,Debit Card,5,1,4
1008977,Jio Mart,Gurgaon,44,1158,23,9.8,16,Household,Debit Card,4,1,4
1008978,Flipkart Minutes,Bengluru,27,863,18,10.1,5,Household,Debit Card,4,0,3
1008980,Big Basket,Jaipur,27,168,20,7.2,14,Beverages,Debit Card,3,0,4
1008981,Zepto,Delhi,32,779,5,2.3,16,Groceries,Credit Card,2,1,4
1008982,Zepto,Noida,47,670,5,1.0,3,Fruits & Vegetables,Cash on Delivery,1,1,4
1008983,Big Basket,Chennai,56,280,14,2.9,16,Groceries,Wallet,3,0,5
1008984,Zepto,Chennai,30,585,5,1.6,13,Beverages,Debit Card,4,0,4
1008985,Flipkart Minutes,Jaipur,29,910,19,7.4,11,Snacks,UPI,2,1,5
1008986,Jio Mart,Hyderabad,56,599,18,2.5,14,Snacks,Debit Card,1,1,4
1008987,Blinkit,Kolkata,48,1181,17,9.6,16,Household,Cash on Delivery,3,1,3
1008988,Jio Mart,Haridwar,57,374,35,11.2,8,Groceries,Cash on Delivery,4,1,3
1008989,Blinkit,Chennai,40,50,16,10.2,2,Personal Care,Debit Card,5,1,4
1008990,Big Basket,Gurgaon,45,602,13,3.0,13,Fruits & Vegetables,UPI,5,1,3
1008991,Blinkit,Pune,27,680,17,12.9,1,Snacks,Credit Card,2,1,4
1008992,Blinkit,Bengluru,27,527,15,8.2,11,Household,Credit Card,4,1,4
1008993,Blinkit,Hyderabad,25,541,15,12.5,7,Snacks,Cash on Delivery,3,0,5
1008994,Blinkit,Noida,34,522,14,8.3,19,Snacks,Cash on Delivery,4,1,5
1008995,Flipkart Minutes,Mumbai,40,287,16,6.7,1,Groceries,Wallet,3,1,3
1008996,Jio Mart,Noida,26,651,23,7.5,3,Household,Debit Card,4,0,3
1008997,Zepto,Hyderabad,28,866,9,10.2,6,Personal Care,Cash on Delivery,1,1,4
1008998,Dunzo,Kolkata,40,829,8,0.8,17,Groceries,Wallet,2,1,5
1008999,Zepto,Mumbai,54,696,6,3.3,16,Household,Credit Card,5,0,4
1009000,Flipkart Minutes,Haridwar,34,120,27,7.6,2,Fruits & Vegetables,UPI,3,0,5
1009001,Jio Mart,Kolkata,33,230,20,1.9,10,Fruits & Vegetables,UPI,5,0,4
1009002,Dunzo,Jaipur,19,104,19,6.7,3,Snacks,Credit Card,3,1,5
1009003,Big Basket,Bengluru,18,50,19,10.9,5,Snacks,Credit Card,4,1,4
1009004,Swiggy Instamart,Kolkata,22,507,13,1.1,3,Groceries,Debit Card,3,1,4
1009005,Amazon Now,Haridwar,32,194,36,14.5,3,Groceries,Credit Card,1,0,3
1009006,Blinkit,Noida,51,597,10,1.8,5,Beverages,Cash on Delivery,3,0,3
1009007,Dunzo,Delhi,20,238,5,1.5,8,Beverages,Wallet,2,0,3
1009008,Dunzo,Hyderabad,44,446,17,12.2,14,Household,Wallet,2,1,4
1009009,Amazon Now,Chennai,46,723,14,3.5,4,Groceries,UPI,4,1,4
1009010,Flipkart Minutes,Jaipur,18,443,18,5.5,19,Beverages,Debit Card,2,0,4
1009011,Jio Mart,Hyderabad,32,255,23,8.9,16,Household,UPI,3,0,4
1009012,Amazon Now,Delhi,20,289,11,14.5,2,Snacks,Debit Card,3,0,3
1009013,Jio Mart,Delhi,33,247,12,8.6,19,Beverages,Wallet,3,0,4
1009014,Big Basket,Delhi,57,581,5,1.0,11,Beverages,Debit Card,3,0,3
1009015,Jio Mart,Pune,43,977,19,4.8,19,Beverages,UPI,4,1,4
1009016,Big Basket,Chennai,25,664,17,10.8,7,Personal Care,Wallet,3,0,3
1009017,Flipkart Minutes,Noida,48,311,12,2.9,1,Household,Cash on Delivery,4,0,4
1009018,Jio Mart,Haridwar,39,50,31,5.4,9,Groceries,Debit Card,2,0,3
1009019,Big Basket,Kolkata,56,408,13,2.5,14,Beverages,Debit Card,1,0,3
1009020,Zepto,Kolkata,41,86,10,9.6,9,Dairy,Wallet,5,0,4
1009021,Flipkart Minutes,Delhi,29,731,6,7.1,19,Dairy,Cash on Delivery,3,0,3
1009022,Dunzo,Mumbai,28,923,15,7.9,1,Household,Debit Card,2,0,4
1009023,Big Basket,Chennai,21,490,15,6.7,15,Beverages,Credit Card,2,1,3
1009024,Amazon Now,Pune,50,1051,21,13.8,11,Snacks,Cash on Delivery,2,1,4
1009025,Big Basket,Chennai,42,166,17,9.5,8,Snacks,Cash on Delivery,4,1,4
1009026,Flipkart Minutes,Gurgaon,48,720,15,4.5,17,Dairy,Cash on Delivery,2,1,4
1009028,Blinkit,Bengluru,52,1014,11,2.3,8,Household,Credit Card,5,0,4
1009029,Jio Mart,Bengluru,22,454,21,2.5,10,Personal Care,Wallet,3,0,3
1009030,Dunzo,Hyderabad,57,411,15,13.1,13,Snacks,Wallet,3,0,3
1009031,Amazon Now,Kolkata,22,50,24,14.4,19,Personal Care,UPI,4,0,4
1009032,Big Basket,Bengluru,34,1066,20,7.5,2,Dairy,Cash on Delivery,4,1,4
1009033,Zepto,Mumbai,32,958,15,14.3,3,Personal Care,Wallet,4,1,4
1009034,Flipkart Minutes,Haridwar,32,432,31,14.4,2,Beverages,Debit Card,4,0,4
1009035,Dunzo,Jaipur,49,50,20,12.1,3,Snacks,Credit Card,1,0,4
1009036,Jio Mart,Haridwar,33,50,38,14.5,8,Household,Debit Card,2,0,5
1009037,Blinkit,Delhi,41,50,9,12.8,6,Dairy,Credit Card,2,1,5
1009038,Jio Mart,Bengluru,24,1075,23,5.5,10,Snacks,Debit Card,3,1,4
1009039,Blinkit,Noida,47,726,13,5.7,14,Snacks,Credit Card,5,1,5
1009040,Blinkit,Hyderabad,33,370,18,11.0,3,Personal Care,Cash on Delivery,1,0,5
1009041,Flipkart Minutes,Delhi,58,194,6,7.9,6,Groceries,UPI,2,1,4
1009042,Zepto,Chennai,42,393,5,3.5,15,Snacks,UPI,4,0,4
1009043,Dunzo,Gurgaon,30,521,14,10.6,10,Snacks,Wallet,3,0,4
1009044,Jio Mart,Amritsar,28,68,19,3.7,10,Groceries,Debit Card,5,1,4
1009045,Swiggy Instamart,Hyderabad,19,1204,15,8.7,8,Snacks,UPI,3,1,4
1009046,Dunzo,Noida,45,289,9,1.1,12,Household,Credit Card,1,0,3
1009047,Blinkit,Chennai,31,396,12,3.8,16,Snacks,Credit Card,4,0,5
1009048,Dunzo,Kolkata,59,307,11,6.6,10,Household,Debit Card,2,0,4
1009049,Big Basket,Jaipur,25,440,25,11.7,10,Household,Cash on Delivery,4,0,3
1009050,Swiggy Instamart,Pune,54,50,13,4.9,11,Personal Care,Debit Card,4,0,3
1009051,Swiggy Instamart,Kolkata,32,540,11,3.0,4,Dairy,Credit Card,2,0,4
1009052,Blinkit,Noida,42,575,18,14.6,15,Personal Care,UPI,4,0,5
1009053,Flipkart Minutes,Jaipur,32,262,16,2.0,10,Groceries,UPI,2,0,3
1009054,Zepto,Pune,29,335,11,13.6,14,Dairy,Wallet,2,0,5
1009055,Amazon Now,Amritsar,50,621,17,6.7,13,Fruits & Vegetables,UPI,2,0,4
1009056,Amazon Now,Gurgaon,46,553,16,4.9,9,Snacks,Debit Card,2,0,3
1009057,Flipkart Minutes,Amritsar,51,941,15,5.9,14,Snacks,Debit Card,3,0,3
1009058,Amazon Now,Noida,22,903,13,1.9,13,Groceries,Wallet,4,1,4
1009059,Big Basket,Amritsar,54,155,17,7.2,8,Beverages,Debit Card,3,0,4
1009060,Jio Mart,Kolkata,47,579,26,12.8,18,Household,Debit Card,3,0,3
1009061,Blinkit,Haridwar,56,727,30,13.5,18,Household,Credit Card,4,0,5
1009062,Jio Mart,Gurgaon,37,387,28,14.2,8,Dairy,Wallet,1,0,3
1009063,Amazon Now,Bengluru,43,866,21,11.1,4,Household,UPI,5,0,5
1009064,Flipkart Minutes,Noida,47,497,19,14.6,5,Household,Cash on Delivery,3,0,3
1009065,Blinkit,Delhi,24,973,5,2.9,2,Fruits & Vegetables,UPI,3,0,5
1009066,Jio Mart,Haridwar,45,50,32,3.4,19,Dairy,Wallet,4,1,5
1009067,Swiggy Instamart,Mumbai,30,184,19,13.5,7,Groceries,Wallet,5,0,4
1009068,Swiggy Instamart,Haridwar,44,389,22,1.1,16,Dairy,UPI,4,1,4
1009069,Dunzo,Jaipur,43,50,18,9.9,10,Snacks,Wallet,1,1,3
1009070,Zepto,Delhi,34,726,5,13.0,2,Dairy,Credit Card,3,0,3
1009071,Amazon Now,Pune,18,759,21,13.4,5,Beverages,Wallet,4,0,4
1009072,Amazon Now,Noida,24,909,18,5.6,16,Dairy,Wallet,2,1,5
1009073,Jio Mart,Noida,39,394,24,9.0,1,Snacks,UPI,4,0,4
1009074,Flipkart Minutes,Haridwar,36,50,30,13.6,9,Dairy,UPI,4,1,4
1009075,Dunzo,Chennai,51,622,13,6.2,7,Snacks,UPI,4,1,4
1009076,Blinkit,Bengluru,42,477,18,10.3,17,Groceries,Wallet,5,0,3
1009077,Swiggy Instamart,Bengluru,41,577,17,12.0,13,Fruits & Vegetables,Debit Card,5,0,4
1009078,Swiggy Instamart,Noida,59,970,20,14.2,4,Beverages,Credit Card,4,1,5
1009079,Zepto,Noida,36,169,8,7.8,13,Dairy,UPI,3,0,4
1009080,Zepto,Haridwar,26,291,24,12.6,19,Snacks,UPI,2,0,3
1009081,Swiggy Instamart,Jaipur,18,124,17,4.4,2,Groceries,UPI,4,1,4
1009082,Flipkart Minutes,Gurgaon,23,468,17,8.4,10,Groceries,Credit Card,3,0,4
1009083,Flipkart Minutes,Delhi,55,50,5,5.9,17,Household,Credit Card,4,0,4
1009084,Dunzo,Kolkata,53,265,13,8.3,14,Dairy,UPI,3,0,5
1009085,Amazon Now,Jaipur,57,142,27,12.0,6,Beverages,Wallet,1,1,4
1009086,Blinkit,Hyderabad,41,258,10,3.6,8,Household,Debit Card,4,0,4
1009087,Blinkit,Noida,38,50,14,8.5,8,Beverages,Debit Card,4,1,5
1009088,Flipkart Minutes,Pune,57,425,12,1.2,9,Beverages,Wallet,2,0,3
1009089,Flipkart Minutes,Haridwar,46,577,25,2.5,4,Snacks,Credit Card,2,0,3
1009090,Dunzo,Kolkata,26,420,15,8.5,8,Dairy,Cash on Delivery,3,0,3
1009091,Blinkit,Jaipur,41,1175,17,6.7,6,Household,Debit Card,5,1,3
1009092,Amazon Now,Gurgaon,38,542,19,10.1,17,Household,Credit Card,3,1,3
1009093,Zepto,Jaipur,43,619,13,10.0,13,Personal Care,Credit Card,2,1,3
1009094,Flipkart Minutes,Jaipur,37,740,16,1.0,12,Household,Wallet,1,0,4
1009095,Zepto,Haridwar,23,110,21,6.8,2,Household,UPI,2,0,3
1009096,Swiggy Instamart,Kolkata,43,948,18,12.8,5,Household,Credit Card,3,0,5
1009097,Jio Mart,Pune,45,567,19,3.8,14,Household,UPI,3,1,5
1009098,Dunzo,Chennai,26,861,16,13.0,18,Fruits & Vegetables,Cash on Delivery,2,0,3
1009100,Blinkit,Kolkata,52,50,19,12.5,6,Household,Cash on Delivery,4,0,4
1009101,Big Basket,Noida,26,1463,20,11.5,12,Groceries,Cash on Delivery,2,0,3
1009102,Dunzo,Bengluru,18,676,10,2.6,3,Groceries,Debit Card,1,0,3
1009103,Swiggy Instamart,Gurgaon,34,555,13,5.0,18,Snacks,Cash on Delivery,4,0,4
1009105,Swiggy Instamart,Delhi,43,330,5,5.2,6,Household,Credit Card,5,0,3
1009106,Flipkart Minutes,Jaipur,31,867,24,13.4,19,Snacks,UPI,4,0,4
1009107,Jio Mart,Haridwar,58,331,37,9.8,13,Snacks,Debit Card,2,1,4
1009108,Amazon Now,Noida,21,688,15,5.8,9,Snacks,Cash on Delivery,3,0,4
1009109,Jio Mart,Gurgaon,45,484,22,5.1,18,Personal Care,Wallet,3,0,5
1009110,Swiggy Instamart,Haridwar,35,482,27,7.2,12,Personal Care,Wallet,2,0,3
1009111,Flipkart Minutes,Haridwar,39,1089,31,9.8,3,Fruits & Vegetables,Wallet,2,0,5
1009112,Zepto,Bengluru,25,657,14,12.7,10,Beverages,Cash on Delivery,3,0,5
1009113,Zepto,Noida,25,455,10,8.0,19,Groceries,Credit Card,3,0,3
1009114,Jio Mart,Amritsar,23,515,23,8.6,7,Personal Care,Wallet,1,0,3
1009115,Jio Mart,Hyderabad,49,50,18,3.5,10,Beverages,UPI,1,1,4
1009116,Zepto,Jaipur,32,463,15,13.8,9,Household,Cash on Delivery,4,1,3
1009117,Dunzo,Noida,20,252,13,7.3,6,Groceries,Wallet,2,1,4
1009118,Jio Mart,Amritsar,36,431,19,3.2,4,Household,Debit Card,3,1,5
1009119,Blinkit,Hyderabad,33,386,11,4.8,18,Snacks,Debit Card,4,0,4
1009120,Zepto,Hyderabad,35,336,9,7.8,3,Dairy,Wallet,2,1,5
1009121,Blinkit,Jaipur,44,204,16,4.2,10,Snacks,Wallet,4,0,4
1009122,Big Basket,Mumbai,35,943,19,7.6,6,Beverages,Cash on Delivery,4,0,4
1009123,Zepto,Pune,58,50,12,13.9,8,Snacks,Cash on Delivery,3,0,4
1009124,Zepto,Bengluru,28,952,11,9.6,1,Personal Care,Cash on Delivery,3,0,3
1009125,Amazon Now,Hyderabad,22,710,17,6.3,9,Beverages,UPI,4,0,3
1009126,Amazon Now,Jaipur,38,400,25,12.3,19,Beverages,Debit Card,2,0,4
1009127,Zepto,Mumbai,57,722,15,14.6,10,Beverages,Credit Card,3,1,3
1009128,Zepto,Kolkata,46,350,7,7.8,3,Beverages,Debit Card,2,1,5
1009129,Dunzo,Haridwar,18,305,24,4.3,16,Dairy,Cash on Delivery,3,0,4
1009130,Flipkart Minutes,Bengluru,28,676,20,12.4,16,Dairy,Debit Card,5,0,4
1009131,Jio Mart,Chennai,50,515,18,0.8,8,Snacks,UPI,4,0,4
1009132,Zepto,Delhi,38,604,5,9.9,9,Groceries,Credit Card,3,0,4
1009133,Flipkart Minutes,Bengluru,39,793,16,3.2,9,Beverages,Cash on Delivery,5,1,3
1009134,Swiggy Instamart,Noida,54,288,16,9.8,7,Personal Care,Debit Card,5,0,3
1009135,Amazon Now,Amritsar,35,624,13,1.8,4,Household,Wallet,4,0,2
1009136,Blinkit,Jaipur,41,84,18,4.1,19,Dairy,Wallet,2,1,4
1009137,Flipkart Minutes,Mumbai,49,937,17,7.8,4,Fruits & Vegetables,Wallet,4,1,4
1009138,Jio Mart,Haridwar,30,451,38,11.2,18,Groceries,Credit Card,2,1,4
1009139,Flipkart Minutes,Delhi,38,174,6,6.1,1,Dairy,Credit Card,2,1,4
1009140,Flipkart Minutes,Kolkata,31,350,12,3.7,19,Personal Care,Debit Card,1,0,3
1009141,Big Basket,Delhi,41,315,9,11.9,11,Groceries,Cash on Delivery,4,0,2
1009142,Zepto,Amritsar,19,762,7,2.9,13,Beverages,Credit Card,4,0,5
1009143,Jio Mart,Jaipur,55,374,30,13.1,16,Dairy,Debit Card,1,1,3
1009144,Flipkart Minutes,Amritsar,26,456,19,10.0,19,Beverages,Credit Card,2,0,4
1009145,Jio Mart,Amritsar,48,889,22,8.7,14,Beverages,Debit Card,4,1,4
1009147,Flipkart Minutes,Kolkata,50,273,16,7.7,13,Fruits & Vegetables,Credit Card,4,0,4
1009148,Jio Mart,Jaipur,48,1024,22,1.3,18,Fruits & Vegetables,Wallet,4,1,4
1009149,Flipkart Minutes,Delhi,48,457,5,2.5,9,Groceries,Wallet,5,1,4
1009150,Big Basket,Gurgaon,39,551,18,6.8,3,Fruits & Vegetables,Credit Card,2,0,3
1009151,Big Basket,Kolkata,34,50,15,6.8,19,Fruits & Vegetables,Credit Card,3,0,4
1009152,Swiggy Instamart,Bengluru,41,493,19,13.2,10,Household,Wallet,4,0,3
1009153,Zepto,Delhi,43,341,5,10.4,4,Household,Credit Card,3,1,3
1009154,Flipkart Minutes,Jaipur,42,408,19,4.9,8,Beverages,Credit Card,5,0,3
1009155,Blinkit,Kolkata,19,566,17,13.8,5,Snacks,Credit Card,4,0,3
1009156,Dunzo,Delhi,56,319,8,12.6,6,Fruits & Vegetables,UPI,2,1,3
1009157,Big Basket,Bengluru,46,256,14,1.8,18,Fruits & Vegetables,UPI,3,0,4
1009158,Big Basket,Amritsar,57,332,22,13.9,6,Household,Debit Card,4,0,3
1009159,Zepto,Jaipur,21,626,10,2.4,13,Personal Care,Debit Card,1,0,3
1009160,Blinkit,Pune,20,525,17,13.4,8,Personal Care,Cash on Delivery,5,0,4
1009161,Blinkit,Gurgaon,24,1489,17,9.6,12,Beverages,Wallet,2,1,4
1009162,Jio Mart,Gurgaon,37,719,20,0.9,17,Household,Cash on Delivery,3,1,4
1009163,Blinkit,Chennai,49,468,16,14.1,19,Snacks,Cash on Delivery,2,0,4
1009164,Dunzo,Mumbai,58,422,10,0.6,15,Fruits & Vegetables,Credit Card,2,0,5
1009165,Dunzo,Gurgaon,57,1165,12,3.3,14,Groceries,Wallet,3,1,3
1009166,Blinkit,Jaipur,18,238,22,13.3,16,Dairy,Cash on Delivery,3,0,4
1009168,Swiggy Instamart,Gurgaon,54,929,21,14.9,5,Beverages,Wallet,3,0,4
1009169,Flipkart Minutes,Hyderabad,33,795,19,9.2,19,Beverages,Wallet,2,0,3
1009170,Blinkit,Jaipur,28,50,18,5.0,11,Beverages,Credit Card,4,0,4
1009171,Amazon Now,Noida,55,269,19,10.3,3,Household,Wallet,3,0,4
1009172,Blinkit,Mumbai,23,50,14,3.1,3,Beverages,Cash on Delivery,3,0,4
1009173,Big Basket,Noida,20,106,16,7.8,13,Beverages,UPI,5,0,4
1009174,Big Basket,Hyderabad,47,279,19,9.5,6,Fruits & Vegetables,Debit Card,4,1,4
1009175,Flipkart Minutes,Kolkata,42,742,13,5.4,3,Dairy,UPI,2,0,4
1009176,Flipkart Minutes,Noida,56,903,15,6.9,12,Fruits & Vegetables,Wallet,5,1,2
1009177,Big Basket,Jaipur,39,788,20,4.6,4,Personal Care,Debit Card,3,1,3
1009178,Jio Mart,Pune,33,458,23,8.7,14,Beverages,Wallet,2,0,4
1009179,Blinkit,Gurgaon,38,588,14,4.8,6,Household,Wallet,5,0,3
1009180,Amazon Now,Gurgaon,58,849,21,13.9,7,Household,Cash on Delivery,4,1,5
1009181,Dunzo,Jaipur,47,920,18,10.7,18,Groceries,Wallet,2,1,4
1009182,Blinkit,Kolkata,47,1143,17,12.6,15,Groceries,Credit Card,2,1,4
1009183,Flipkart Minutes,Gurgaon,30,363,18,9.0,2,Snacks,Debit Card,2,0,5
1009184,Zepto,Noida,35,392,5,4.5,6,Household,Debit Card,2,0,4
1009185,Dunzo,Chennai,50,544,14,12.5,9,Snacks,UPI,3,0,5
1009186,Blinkit,Mumbai,51,587,20,11.0,13,Beverages,Cash on Delivery,4,0,4
1009187,Flipkart Minutes,Bengluru,41,317,17,10.4,15,Groceries,Credit Card,3,0,4
1009188,Blinkit,Delhi,26,531,5,3.6,17,Household,Wallet,2,0,4
1009189,Flipkart Minutes,Gurgaon,43,388,16,6.8,13,Beverages,Wallet,2,0,4
1009190,Zepto,Pune,55,310,9,7.3,4,Personal Care,Credit Card,2,0,3
1009191,Zepto,Chennai,55,1350,8,10.4,15,Snacks,UPI,1,1,3
1009192,Amazon Now,Mumbai,35,62,14,0.8,15,Beverages,Debit Card,2,1,3
1009193,Flipkart Minutes,Bengluru,32,402,15,1.8,12,Beverages,Credit Card,4,1,5
1009194,Swiggy Instamart,Delhi,54,50,9,12.5,12,Beverages,Credit Card,4,1,4
1009195,Big Basket,Jaipur,52,653,20,5.6,6,Beverages,Wallet,5,0,4
1009196,Flipkart Minutes,Gurgaon,51,128,17,8.0,4,Dairy,UPI,2,0,5
1009197,Swiggy Instamart,Noida,47,674,19,14.9,18,Household,UPI,4,0,4
1009198,Blinkit,Hyderabad,51,226,14,9.6,3,Dairy,Cash on Delivery,4,0,5
1009199,Amazon Now,Noida,55,329,22,13.9,14,Beverages,Credit Card,3,0,4
1009200,Amazon Now,Jaipur,29,50,22,5.4,4,Groceries,Credit Card,2,0,3
1009201,Zepto,Gurgaon,48,1230,6,2.4,19,Snacks,UPI,3,1,4
1009202,Swiggy Instamart,Bengluru,29,736,17,10.4,7,Fruits & Vegetables,UPI,5,0,5
1009203,Amazon Now,Bengluru,47,980,20,10.5,8,Household,Credit Card,2,1,4
1009204,Blinkit,Bengluru,42,607,13,3.4,16,Beverages,Debit Card,3,0,5
1009205,Zepto,Noida,21,897,8,5.6,10,Groceries,Credit Card,2,1,4
1009206,Amazon Now,Jaipur,33,50,21,4.9,3,Beverages,Cash on Delivery,1,0,4
1009207,Blinkit,Kolkata,57,1089,11,1.5,18,Beverages,Credit Card,4,0,4
1009209,Amazon Now,Noida,23,281,20,9.6,19,Groceries,Debit Card,2,1,4
1009210,Big Basket,Bengluru,37,50,16,3.6,3,Household,UPI,5,1,4
1009211,Big Basket,Amritsar,38,653,15,4.7,6,Fruits & Vegetables,UPI,2,1,4
1009212,Zepto,Jaipur,43,966,11,6.1,18,Household,Cash on Delivery,4,1,4
1009213,Swiggy Instamart,Noida,21,1921,12,2.1,16,Snacks,Credit Card,2,1,4
1009214,Big Basket,Jaipur,26,756,24,13.4,4,Groceries,UPI,1,1,4
1009215,Blinkit,Amritsar,59,397,9,2.3,5,Fruits & Vegetables,UPI,5,0,3
1009216,Amazon Now,Delhi,53,435,8,8.4,18,Personal Care,Credit Card,4,1,4
1009217,Jio Mart,Chennai,42,394,21,4.1,3,Personal Care,Debit Card,4,0,3
1009218,Dunzo,Gurgaon,35,724,15,13.3,7,Household,Cash on Delivery,3,0,4
1009219,Zepto,Hyderabad,37,932,5,1.2,5,Groceries,Credit Card,3,1,3
1009220,Blinkit,Noida,28,1054,18,11.4,12,Groceries,Credit Card,4,1,3
1009221,Amazon Now,Jaipur,56,131,21,3.1,17,Snacks,Wallet,1,0,4
1009222,Jio Mart,Pune,54,372,24,11.8,6,Snacks,Debit Card,2,0,4
1009223,Amazon Now,Mumbai,54,50,18,2.8,13,Fruits & Vegetables,Debit Card,3,0,3
1009224,Blinkit,Chennai,51,563,18,10.9,15,Household,UPI,2,0,3
1009225,Big Basket,Kolkata,45,568,17,8.4,6,Household,UPI,5,0,4
1009226,Zepto,Bengluru,39,978,9,6.8,12,Personal Care,Credit Card,3,1,5
1009228,Amazon Now,Haridwar,48,169,33,11.9,8,Dairy,Cash on Delivery,1,0,3
1009229,Jio Mart,Jaipur,24,994,30,14.4,1,Beverages,Credit Card,3,1,4
1009230,Zepto,Amritsar,38,75,8,4.7,8,Beverages,UPI,4,0,4
1009231,Big Basket,Kolkata,42,698,18,9.3,13,Beverages,UPI,2,0,3
1009232,Big Basket,Jaipur,35,1026,21,3.3,11,Dairy,UPI,5,1,3
1009233,Big Basket,Amritsar,26,1334,16,8.6,12,Groceries,UPI,2,1,3
1009235,Swiggy Instamart,Kolkata,35,52,17,9.6,2,Groceries,Wallet,4,0,4
1009236,Dunzo,Delhi,49,998,5,4.0,5,Household,Debit Card,1,1,4
1009237,Amazon Now,Chennai,38,517,15,2.4,9,Fruits & Vegetables,Wallet,4,0,3
1009238,Flipkart Minutes,Pune,42,359,19,10.2,19,Dairy,Debit Card,4,0,3
1009239,Amazon Now,Pune,31,597,17,8.0,7,Beverages,Wallet,4,0,3
1009240,Amazon Now,Hyderabad,44,497,23,14.4,5,Dairy,UPI,3,1,4
1009241,Zepto,Delhi,37,963,5,13.4,15,Dairy,Cash on Delivery,5,1,4
1009242,Dunzo,Amritsar,59,602,13,8.1,5,Snacks,Credit Card,2,0,3
1009243,Swiggy Instamart,Chennai,29,917,17,9.9,4,Fruits & Vegetables,Wallet,4,0,3
1009244,Blinkit,Bengluru,35,566,13,6.0,6,Groceries,Cash on Delivery,4,0,4
1009245,Flipkart Minutes,Kolkata,35,664,18,8.1,16,Personal Care,UPI,4,1,4
1009246,Amazon Now,Noida,18,551,22,11.3,9,Groceries,UPI,1,1,4
1009247,Jio Mart,Pune,29,445,26,14.4,9,Dairy,Credit Card,3,0,4
1009248,Jio Mart,Kolkata,59,563,19,0.6,3,Household,Cash on Delivery,1,0,3
1009249,Swiggy Instamart,Pune,58,1312,17,10.7,13,Dairy,Debit Card,2,1,4
1009250,Big Basket,Delhi,52,912,10,9.4,19,Personal Care,Debit Card,4,1,3
1009251,Swiggy Instamart,Bengluru,31,973,13,3.0,8,Snacks,UPI,3,1,4
1009252,Amazon Now,Mumbai,47,577,19,6.6,14,Fruits & Vegetables,Cash on Delivery,5,0,3
1009253,Big Basket,Noida,54,783,14,5.3,9,Snacks,Debit Card,5,1,4
1009254,Flipkart Minutes,Pune,31,738,16,5.7,1,Groceries,Credit Card,2,1,4
1009255,Amazon Now,Noida,49,887,13,1.9,5,Fruits & Vegetables,Cash on Delivery,2,1,4
1009256,Amazon Now,Kolkata,40,791,23,14.2,18,Groceries,Credit Card,3,0,4
1009257,Flipkart Minutes,Delhi,29,666,5,3.5,11,Personal Care,Cash on Delivery,3,0,3
1009258,Dunzo,Delhi,54,955,8,14.5,10,Personal Care,UPI,2,0,4
1009259,Swiggy Instamart,Pune,50,371,19,14.7,17,Household,Debit Card,4,0,4
1009260,Blinkit,Noida,33,1316,17,11.6,19,Household,Credit Card,3,1,4
1009261,Zepto,Bengluru,59,50,10,8.1,13,Snacks,Cash on Delivery,4,0,4
1009262,Amazon Now,Jaipur,51,409,22,7.8,12,Dairy,Wallet,5,0,4
1009263,Flipkart Minutes,Bengluru,43,518,23,14.2,17,Groceries,Cash on Delivery,2,0,5
1009264,Dunzo,Noida,39,1064,19,14.4,16,Dairy,Credit Card,4,0,3
1009265,Big Basket,Amritsar,20,276,14,4.0,16,Household,Debit Card,4,0,3
1009266,Amazon Now,Gurgaon,43,926,20,9.2,8,Groceries,Credit Card,4,1,4
1009268,Dunzo,Pune,34,623,18,13.9,17,Fruits & Vegetables,UPI,2,0,4
1009269,Amazon Now,Hyderabad,52,50,17,7.9,14,Household,UPI,1,0,3
1009270,Zepto,Amritsar,40,1223,7,4.0,7,Groceries,UPI,2,1,3
1009271,Dunzo,Delhi,35,751,5,4.4,18,Household,Wallet,1,0,3
1009273,Dunzo,Mumbai,38,140,12,4.2,13,Personal Care,Cash on Delivery,1,0,4
1009274,Swiggy Instamart,Amritsar,27,393,10,1.6,3,Personal Care,UPI,5,1,4
1009275,Dunzo,Kolkata,28,329,11,7.2,4,Snacks,Credit Card,4,0,3
1009276,Dunzo,Mumbai,36,356,17,12.0,19,Personal Care,Cash on Delivery,2,0,4
1009277,Amazon Now,Haridwar,32,50,26,3.8,6,Fruits & Vegetables,Debit Card,4,1,4
1009278,Big Basket,Pune,42,678,13,2.2,1,Beverages,Cash on Delivery,3,0,5
1009279,Swiggy Instamart,Haridwar,23,921,30,11.7,4,Personal Care,Cash on Delivery,3,1,4
1009280,Zepto,Pune,37,501,7,4.1,6,Household,Wallet,4,1,4
1009282,Flipkart Minutes,Haridwar,37,990,32,11.9,18,Personal Care,Credit Card,4,1,3
1009283,Dunzo,Delhi,57,744,7,12.2,2,Groceries,Cash on Delivery,1,0,4
1009284,Dunzo,Haridwar,36,795,23,2.6,8,Groceries,Debit Card,3,1,4
1009285,Dunzo,Gurgaon,20,560,12,4.6,5,Snacks,Debit Card,2,1,4
1009286,Amazon Now,Hyderabad,53,992,19,11.5,14,Personal Care,Wallet,2,1,4
1009287,Swiggy Instamart,Hyderabad,29,433,16,6.3,15,Fruits & Vegetables,Debit Card,4,0,3
1009288,Amazon Now,Chennai,41,1046,20,9.6,17,Groceries,Cash on Delivery,4,1,4
1009289,Dunzo,Haridwar,27,512,23,7.0,11,Dairy,Credit Card,2,0,2
1009290,Blinkit,Kolkata,52,400,14,8.9,3,Household,Debit Card,5,1,4
1009291,Flipkart Minutes,Jaipur,36,1387,16,1.2,2,Personal Care,Credit Card,3,1,4
1009292,Jio Mart,Gurgaon,29,265,23,9.3,17,Groceries,Cash on Delivery,3,0,4
1009293,Jio Mart,Amritsar,40,793,27,14.8,9,Beverages,UPI,2,1,3
1009294,Flipkart Minutes,Bengluru,44,384,22,13.6,18,Snacks,Cash on Delivery,3,1,4
1009295,Jio Mart,Pune,54,673,20,2.5,6,Snacks,UPI,3,0,3
1009296,Jio Mart,Mumbai,22,425,26,11.5,4,Fruits & Vegetables,Wallet,4,1,3
1009297,Amazon Now,Bengluru,46,50,22,12.8,19,Groceries,Debit Card,3,1,3
1009298,Blinkit,Delhi,56,869,5,6.9,17,Groceries,Wallet,4,1,3
1009299,Big Basket,Amritsar,41,716,14,4.7,5,Personal Care,UPI,2,1,3
1009300,Dunzo,Chennai,22,285,8,1.3,18,Snacks,Credit Card,2,0,3
1009301,Flipkart Minutes,Bengluru,45,674,14,1.5,3,Snacks,Wallet,3,0,4
1009302,Flipkart Minutes,Jaipur,50,459,16,1.6,6,Dairy,Wallet,2,0,5
1009303,Zepto,Pune,44,1350,7,3.7,2,Snacks,Cash on Delivery,2,1,4
1009304,Flipkart Minutes,Jaipur,40,415,20,6.2,16,Dairy,Wallet,3,1,4
1009305,Zepto,Chennai,55,604,10,7.8,18,Groceries,UPI,3,0,3
1009306,Big Basket,Hyderabad,41,634,17,6.1,8,Household,Credit Card,1,0,3
1009307,Jio Mart,Amritsar,20,147,21,5.9,8,Household,Credit Card,3,1,4
1009308,Zepto,Bengluru,51,616,10,11.5,10,Personal Care,Wallet,4,0,3
1009309,Amazon Now,Jaipur,55,693,23,9.8,10,Dairy,Cash on Delivery,4,0,5
1009310,Flipkart Minutes,Haridwar,58,50,29,8.1,13,Household,Wallet,2,1,4
1009311,Flipkart Minutes,Amritsar,20,50,20,12.8,1,Personal Care,Debit Card,4,1,4
1009312,Jio Mart,Pune,51,544,23,6.1,9,Fruits & Vegetables,UPI,5,0,4
1009313,Zepto,Chennai,20,679,6,6.5,2,Dairy,Wallet,5,0,3
1009314,Swiggy Instamart,Kolkata,28,50,16,6.4,12,Personal Care,Wallet,3,0,4
1009315,Flipkart Minutes,Jaipur,48,583,16,1.6,17,Snacks,Wallet,4,0,4
1009317,Flipkart Minutes,Mumbai,26,716,20,11.6,5,Beverages,Wallet,2,0,4
1009318,Big Basket,Amritsar,31,271,16,6.2,13,Dairy,Wallet,4,0,3
1009319,Flipkart Minutes,Jaipur,34,471,21,4.7,14,Groceries,Wallet,4,0,3
1009320,Jio Mart,Bengluru,26,502,27,11.5,4,Fruits & Vegetables,Cash on Delivery,4,0,3
1009321,Blinkit,Amritsar,26,288,19,12.6,2,Snacks,Wallet,5,0,5
1009322,Jio Mart,Haridwar,47,50,30,1.0,19,Personal Care,Cash on Delivery,4,0,5
1009323,Jio Mart,Pune,54,446,25,14.0,16,Groceries,Wallet,2,0,4
1009324,Flipkart Minutes,Bengluru,30,585,20,12.3,8,Snacks,Debit Card,3,0,3
1009325,Jio Mart,Delhi,25,767,12,7.4,18,Groceries,UPI,2,1,4
1009326,Dunzo,Kolkata,53,829,12,3.2,1,Dairy,Cash on Delivery,2,0,3
1009327,Jio Mart,Mumbai,56,77,26,9.4,18,Snacks,Debit Card,3,0,4
1009328,Big Basket,Amritsar,31,382,13,2.2,9,Fruits & Vegetables,Debit Card,4,0,5
1009329,Jio Mart,Chennai,47,65,25,9.6,3,Household,Debit Card,4,0,4
1009330,Jio Mart,Haridwar,43,50,36,8.4,1,Beverages,Cash on Delivery,4,0,3
1009331,Dunzo,Gurgaon,52,672,17,12.3,14,Groceries,Debit Card,2,1,4
1009332,Zepto,Delhi,54,1027,5,6.0,10,Dairy,Cash on Delivery,5,0,3
1009333,Zepto,Gurgaon,58,1132,12,14.6,8,Fruits & Vegetables,Credit Card,5,1,5
1009334,Big Basket,Amritsar,28,336,21,13.2,6,Beverages,Credit Card,3,1,5
1009335,Zepto,Delhi,20,294,5,10.3,19,Beverages,Debit Card,4,0,4
1009336,Dunzo,Gurgaon,41,809,9,4.0,18,Beverages,Credit Card,4,0,5
1009337,Swiggy Instamart,Delhi,19,813,5,5.9,6,Dairy,Wallet,5,1,4
1009338,Zepto,Pune,44,521,12,13.0,3,Beverages,Cash on Delivery,2,0,3
1009339,Blinkit,Amritsar,42,268,14,10.4,18,Snacks,Credit Card,5,0,4
1009340,Big Basket,Jaipur,31,395,23,12.0,13,Fruits & Vegetables,Debit Card,4,0,4
1009341,Jio Mart,Chennai,34,945,24,9.2,14,Fruits & Vegetables,Credit Card,1,1,4
1009342,Zepto,Amritsar,36,50,10,10.7,6,Fruits & Vegetables,Debit Card,2,0,3
1009343,Flipkart Minutes,Delhi,20,440,9,9.4,10,Household,UPI,4,0,4
1009344,Swiggy Instamart,Noida,26,845,12,1.1,13,Beverages,Debit Card,4,0,4
1009345,Amazon Now,Jaipur,44,232,24,11.5,2,Snacks,Credit Card,4,1,3
1009347,Zepto,Pune,43,545,13,13.9,2,Personal Care,Debit Card,2,1,4
1009348,Blinkit,Jaipur,59,444,16,4.1,18,Household,Debit Card,5,0,4
1009349,Flipkart Minutes,Haridwar,56,948,27,6.2,6,Groceries,Credit Card,4,0,4
1009350,Dunzo,Delhi,41,450,7,12.3,16,Fruits & Vegetables,Wallet,3,0,3
1009351,Jio Mart,Kolkata,18,50,20,1.3,18,Fruits & Vegetables,Wallet,4,1,3
1009352,Zepto,Mumbai,42,779,14,14.0,10,Household,Credit Card,3,0,5
1009353,Jio Mart,Haridwar,36,489,36,11.5,19,Groceries,UPI,4,0,4
1009355,Jio Mart,Noida,41,266,18,0.8,15,Dairy,Credit Card,2,0,3
1009356,Zepto,Kolkata,31,856,14,14.4,15,Household,UPI,2,1,4
1009357,Jio Mart,Bengluru,58,1106,21,6.0,18,Groceries,Credit Card,4,1,3
1009358,Jio Mart,Delhi,48,546,17,13.0,5,Beverages,UPI,4,0,4
1009359,Amazon Now,Mumbai,42,408,23,10.5,14,Dairy,Cash on Delivery,2,1,4
1009360,Blinkit,Hyderabad,43,274,13,8.8,17,Beverages,Credit Card,3,0,4
1009361,Zepto,Bengluru,42,695,7,4.1,14,Groceries,Credit Card,2,0,4
1009363,Dunzo,Kolkata,26,663,11,2.6,19,Household,Credit Card,4,1,4
1009364,Flipkart Minutes,Gurgaon,30,689,18,7.6,17,Snacks,Credit Card,3,0,4
1009366,Zepto,Kolkata,24,50,6,1.6,2,Dairy,UPI,4,1,4
1009367,Blinkit,Jaipur,34,627,18,6.8,4,Beverages,Credit Card,2,0,4
1009368,Swiggy Instamart,Amritsar,57,1430,14,7.8,19,Groceries,Cash on Delivery,4,0,3
1009369,Blinkit,Kolkata,48,1294,18,12.0,2,Snacks,UPI,2,1,3
1009370,Big Basket,Amritsar,27,381,15,7.2,16,Fruits & Vegetables,UPI,1,0,4
1009371,Jio Mart,Gurgaon,58,370,18,4.0,13,Personal Care,Credit Card,5,1,4
1009372,Jio Mart,Pune,25,650,21,4.2,13,Groceries,UPI,3,0,3
1009373,Jio Mart,Noida,34,469,23,10.7,4,Fruits & Vegetables,Wallet,4,0,4
1009374,Jio Mart,Pune,42,272,24,8.9,12,Beverages,Debit Card,1,0,4
1009375,Jio Mart,Jaipur,35,50,25,5.1,15,Personal Care,Cash on Delivery,5,0,3
1009376,Amazon Now,Gurgaon,49,325,13,1.6,2,Dairy,Credit Card,2,0,3
1009377,Zepto,Hyderabad,30,313,5,1.3,8,Fruits & Vegetables,Wallet,3,0,4
1009378,Dunzo,Gurgaon,42,959,14,7.4,3,Household,Cash on Delivery,2,1,4
1009379,Big Basket,Chennai,51,76,17,4.4,1,Snacks,Debit Card,1,1,4
1009380,Flipkart Minutes,Jaipur,40,1371,23,9.7,9,Fruits & Vegetables,Wallet,4,1,2
1009381,Zepto,Haridwar,39,166,20,5.0,8,Personal Care,Cash on Delivery,1,0,4
1009382,Amazon Now,Gurgaon,27,50,23,14.0,19,Dairy,Cash on Delivery,3,1,4
1009383,Big Basket,Kolkata,38,641,20,14.4,5,Personal Care,Wallet,3,0,3
1009384,Big Basket,Delhi,37,514,7,7.2,18,Household,Cash on Delivery,2,0,3
1009385,Flipkart Minutes,Bengluru,41,1101,18,11.7,17,Beverages,Wallet,2,1,4
1009387,Swiggy Instamart,Gurgaon,47,334,12,1.0,11,Household,UPI,2,1,4
1009388,Blinkit,Kolkata,34,857,16,10.2,18,Beverages,Wallet,2,0,5
1009389,Amazon Now,Bengluru,39,435,24,12.6,17,Snacks,Cash on Delivery,4,0,4
1009390,Dunzo,Haridwar,24,215,27,9.3,17,Snacks,Debit Card,1,0,3
1009391,Blinkit,Mumbai,31,605,17,11.7,7,Household,Cash on Delivery,2,0,3
1009392,Flipkart Minutes,Kolkata,46,202,18,13.4,19,Personal Care,Cash on Delivery,2,0,4
1009393,Blinkit,Jaipur,37,903,20,7.8,15,Groceries,Cash on Delivery,4,1,4
1009394,Amazon Now,Delhi,37,602,11,14.4,3,Fruits & Vegetables,UPI,2,0,3
1009395,Jio Mart,Delhi,27,995,13,6.9,15,Dairy,Wallet,2,1,5
1009396,Jio Mart,Haridwar,26,348,33,7.2,8,Fruits & Vegetables,UPI,2,0,5
1009397,Big Basket,Mumbai,21,356,18,7.6,6,Groceries,UPI,2,1,3
1009398,Flipkart Minutes,Pune,29,724,14,3.2,11,Household,UPI,3,0,3
1009399,Swiggy Instamart,Delhi,51,659,5,4.6,12,Snacks,Debit Card,1,0,3
1009400,Swiggy Instamart,Chennai,40,473,12,4.2,3,Personal Care,Credit Card,2,0,5
1009402,Jio Mart,Kolkata,49,697,22,5.2,3,Beverages,Credit Card,4,1,3
1009403,Amazon Now,Gurgaon,33,193,16,2.2,4,Personal Care,Wallet,2,0,5
1009404,Blinkit,Amritsar,34,506,16,10.8,9,Dairy,Wallet,5,1,4
1009405,Swiggy Instamart,Noida,18,1228,12,5.3,2,Groceries,UPI,5,0,5
1009406,Jio Mart,Bengluru,29,50,23,6.3,6,Beverages,Credit Card,4,0,4
1009407,Big Basket,Pune,30,671,18,8.7,9,Personal Care,Credit Card,1,1,3
1009408,Amazon Now,Amritsar,30,225,16,2.3,18,Groceries,UPI,1,1,3
1009409,Blinkit,Delhi,45,1511,5,7.3,19,Personal Care,Cash on Delivery,4,1,5
1009410,Amazon Now,Mumbai,37,1154,18,7.0,19,Snacks,Credit Card,3,1,4
1009411,Zepto,Hyderabad,42,733,9,8.3,8,Fruits & Vegetables,Cash on Delivery,1,1,4
1009412,Dunzo,Amritsar,58,771,18,12.8,5,Beverages,UPI,2,0,4
1009413,Big Basket,Jaipur,26,796,27,13.2,19,Fruits & Vegetables,Debit Card,3,1,3
1009414,Flipkart Minutes,Kolkata,19,918,18,12.3,19,Household,Debit Card,3,1,3
1009415,Swiggy Instamart,Jaipur,57,922,22,8.4,17,Beverages,Debit Card,3,0,4
1009416,Flipkart Minutes,Chennai,28,50,13,4.1,10,Groceries,Debit Card,3,0,4
1009417,Amazon Now,Hyderabad,59,559,19,9.6,7,Fruits & Vegetables,Credit Card,4,0,4
1009418,Zepto,Haridwar,50,282,19,3.0,9,Beverages,Credit Card,3,1,4
1009419,Zepto,Haridwar,45,934,18,2.8,3,Personal Care,Debit Card,3,0,3
1009420,Amazon Now,Delhi,34,456,12,12.9,2,Snacks,UPI,2,0,4
1009421,Dunzo,Haridwar,21,300,24,6.6,9,Snacks,UPI,1,0,3
1009422,Jio Mart,Gurgaon,28,566,18,2.3,11,Groceries,UPI,2,0,3
1009423,Swiggy Instamart,Delhi,49,50,8,13.2,19,Groceries,UPI,2,0,4
1009424,Flipkart Minutes,Kolkata,27,577,19,13.8,19,Snacks,UPI,2,0,4
1009425,Jio Mart,Hyderabad,36,969,24,9.7,17,Beverages,Credit Card,3,1,4
1009426,Amazon Now,Kolkata,18,222,14,2.2,9,Household,Wallet,3,1,4
1009427,Big Basket,Amritsar,41,652,15,1.6,6,Personal Care,Wallet,3,1,4
1009428,Amazon Now,Haridwar,25,1027,25,1.8,11,Beverages,UPI,3,1,5
1009429,Amazon Now,Chennai,28,465,17,6.4,1,Personal Care,Debit Card,2,0,3
1009430,Dunzo,Gurgaon,39,50,17,13.5,18,Groceries,Debit Card,4,0,4
1009431,Zepto,Amritsar,34,1078,13,14.6,5,Beverages,Wallet,4,0,3
1009432,Dunzo,Amritsar,19,791,16,10.4,12,Groceries,Debit Card,4,0,2
1009433,Blinkit,Haridwar,24,1019,28,12.8,9,Snacks,UPI,4,1,4
1009434,Amazon Now,Kolkata,36,967,21,10.9,6,Dairy,Debit Card,2,0,3
1009435,Dunzo,Noida,18,302,18,13.0,18,Groceries,Cash on Delivery,4,1,5
1009436,Amazon Now,Haridwar,46,513,33,12.0,12,Personal Care,Wallet,2,0,4
1009437,Zepto,Gurgaon,44,902,10,8.4,17,Fruits & Vegetables,Cash on Delivery,5,0,4
1009438,Jio Mart,Chennai,47,271,20,6.4,10,Dairy,UPI,4,1,5
1009440,Dunzo,Pune,48,918,15,8.5,15,Snacks,Credit Card,4,1,4
1009441,Big Basket,Jaipur,42,492,23,6.6,19,Personal Care,Debit Card,4,1,3
1009442,Big Basket,Jaipur,25,559,23,11.5,1,Beverages,Debit Card,4,0,4
1009443,Jio Mart,Kolkata,50,902,26,13.5,12,Personal Care,Debit Card,4,0,4
1009444,Jio Mart,Pune,36,150,18,2.5,13,Household,Wallet,3,0,3
1009445,Swiggy Instamart,Jaipur,32,308,22,9.4,5,Dairy,Debit Card,4,0,4
1009446,Dunzo,Chennai,56,50,12,4.1,18,Fruits & Vegetables,UPI,3,0,3
1009447,Big Basket,Mumbai,28,632,18,4.0,10,Groceries,Wallet,2,0,2
1009448,Big Basket,Jaipur,28,50,25,13.2,5,Groceries,Cash on Delivery,2,1,2
1009449,Flipkart Minutes,Haridwar,19,809,31,11.2,11,Dairy,UPI,3,0,4
1009450,Blinkit,Mumbai,58,1181,15,8.5,5,Groceries,Debit Card,3,1,4
1009451,Swiggy Instamart,Haridwar,28,570,22,1.1,3,Fruits & Vegetables,Debit Card,2,0,4
1009453,Big Basket,Bengluru,48,777,21,12.0,6,Household,Wallet,5,1,3
1009454,Swiggy Instamart,Pune,54,1076,19,14.6,4,Groceries,UPI,3,1,4
1009455,Amazon Now,Jaipur,58,1447,22,6.4,16,Personal Care,UPI,4,1,5
1009456,Jio Mart,Chennai,55,682,20,1.0,16,Household,Debit Card,4,1,4
1009457,Blinkit,Kolkata,46,672,14,8.9,7,Dairy,Debit Card,3,0,4
1009458,Jio Mart,Noida,26,1129,20,5.0,15,Dairy,UPI,3,0,4
1009459,Flipkart Minutes,Delhi,23,574,8,8.8,1,Dairy,Credit Card,4,1,5
1009460,Big Basket,Chennai,24,974,19,13.0,17,Household,Wallet,2,0,3
1009461,Big Basket,Delhi,37,1194,10,10.0,1,Fruits & Vegetables,Debit Card,5,1,4
1009462,Amazon Now,Amritsar,59,186,20,10.5,17,Fruits & Vegetables,Cash on Delivery,5,0,4
1009463,Blinkit,Chennai,20,501,11,4.3,17,Household,Cash on Delivery,3,0,4
1009464,Amazon Now,Kolkata,53,588,16,7.1,4,Groceries,Credit Card,3,0,4
1009465,Blinkit,Pune,56,1085,18,11.3,18,Beverages,Debit Card,4,1,4
1009466,Dunzo,Delhi,34,924,5,7.9,3,Household,Credit Card,4,0,5
1009467,Jio Mart,Chennai,34,50,21,6.2,7,Snacks,Wallet,4,1,3
1009468,Zepto,Mumbai,35,699,9,4.3,17,Fruits & Vegetables,Credit Card,5,0,3
1009469,Dunzo,Bengluru,51,328,10,1.1,17,Personal Care,Credit Card,4,0,4
1009470,Dunzo,Mumbai,27,1012,13,5.2,19,Snacks,Wallet,3,0,3
1009471,Dunzo,Haridwar,43,624,27,8.5,8,Dairy,Cash on Delivery,2,0,4
1009472,Amazon Now,Bengluru,57,775,18,8.5,19,Groceries,Credit Card,2,0,4
1009473,Zepto,Amritsar,34,656,12,13.5,2,Dairy,Wallet,5,0,4
1009474,Big Basket,Jaipur,40,1405,17,1.4,5,Personal Care,Credit Card,5,1,4
1009475,Big Basket,Bengluru,39,842,23,12.9,7,Household,Wallet,2,1,3
1009476,Zepto,Hyderabad,51,330,12,11.4,15,Household,Cash on Delivery,3,0,4
1009477,Blinkit,Hyderabad,32,869,13,4.7,12,Groceries,Wallet,5,1,4
1009478,Flipkart Minutes,Pune,27,616,14,4.5,19,Household,UPI,3,1,4
1009479,Flipkart Minutes,Haridwar,20,788,33,12.6,16,Snacks,Cash on Delivery,4,0,4
1009480,Flipkart Minutes,Haridwar,45,56,25,1.9,18,Dairy,Cash on Delivery,4,0,4
1009481,Blinkit,Pune,52,590,12,6.9,14,Personal Care,Cash on Delivery,2,1,5
1009482,Jio Mart,Delhi,48,50,13,6.4,10,Beverages,Cash on Delivery,3,0,3
1009483,Flipkart Minutes,Delhi,58,356,5,0.6,19,Household,UPI,3,1,4
1009484,Amazon Now,Hyderabad,34,752,22,11.9,18,Household,Debit Card,4,0,3
1009485,Zepto,Amritsar,32,686,5,5.0,7,Snacks,Credit Card,4,1,3
1009486,Zepto,Delhi,21,575,5,13.4,19,Personal Care,UPI,2,0,5
1009487,Dunzo,Haridwar,56,319,24,7.9,10,Personal Care,Wallet,4,0,3
1009488,Flipkart Minutes,Haridwar,46,102,26,7.0,9,Beverages,Cash on Delivery,5,1,4
1009489,Dunzo,Amritsar,49,594,10,4.1,7,Dairy,Cash on Delivery,3,0,4
1009490,Swiggy Instamart,Noida,44,382,21,14.3,8,Groceries,UPI,4,1,3
1009491,Blinkit,Jaipur,24,50,16,2.2,8,Groceries,Debit Card,5,0,4
1009492,Jio Mart,Jaipur,57,404,24,1.0,16,Snacks,Cash on Delivery,1,0,5
1009493,Amazon Now,Amritsar,48,98,14,3.1,15,Household,UPI,2,1,4
1009494,Flipkart Minutes,Jaipur,21,933,17,1.6,13,Fruits & Vegetables,Credit Card,2,1,3
1009495,Jio Mart,Chennai,57,514,22,9.9,13,Fruits & Vegetables,Credit Card,2,0,4
1009496,Flipkart Minutes,Bengluru,24,212,15,3.1,19,Groceries,Wallet,4,0,3
1009497,Swiggy Instamart,Hyderabad,58,125,12,3.0,3,Personal Care,UPI,4,0,4
1009498,Zepto,Bengluru,18,247,7,5.4,4,Household,Wallet,4,0,3
1009499,Amazon Now,Haridwar,55,693,30,4.9,1,Groceries,UPI,3,1,5
1009500,Big Basket,Pune,20,50,16,3.5,14,Snacks,Credit Card,2,0,5
1009501,Jio Mart,Gurgaon,39,449,27,14.3,1,Fruits & Vegetables,UPI,2,0,4
1009502,Blinkit,Hyderabad,24,106,18,13.7,12,Dairy,Credit Card,5,0,4
1009503,Swiggy Instamart,Chennai,41,361,16,10.7,18,Groceries,UPI,4,0,4
1009504,Blinkit,Delhi,38,1343,7,14.9,16,Snacks,Cash on Delivery,4,0,4
1009505,Swiggy Instamart,Jaipur,26,1436,22,10.6,19,Beverages,UPI,5,1,5
1009506,Swiggy Instamart,Haridwar,51,258,28,8.8,5,Beverages,Credit Card,4,0,4
1009507,Zepto,Kolkata,18,568,9,8.2,4,Personal Care,Wallet,3,0,4
1009508,Zepto,Mumbai,28,1185,9,8.7,16,Fruits & Vegetables,UPI,5,1,4
1009509,Big Basket,Delhi,54,1097,10,9.2,10,Beverages,UPI,3,1,4
1009510,Big Basket,Mumbai,54,322,19,9.8,19,Fruits & Vegetables,Debit Card,5,1,5
1009511,Flipkart Minutes,Noida,23,289,17,7.1,2,Beverages,Cash on Delivery,3,0,3
1009512,Amazon Now,Hyderabad,56,677,16,6.6,4,Snacks,Cash on Delivery,1,0,3
1009513,Amazon Now,Jaipur,54,124,19,2.7,8,Groceries,Wallet,3,0,3
1009514,Amazon Now,Mumbai,55,372,19,3.4,3,Household,UPI,1,0,4
1009515,Amazon Now,Kolkata,37,889,20,11.9,11,Beverages,UPI,1,1,3
1009516,Big Basket,Mumbai,29,289,14,2.1,18,Beverages,Credit Card,4,0,4
1009517,Jio Mart,Amritsar,31,246,19,2.4,7,Snacks,Credit Card,4,1,4
1009518,Flipkart Minutes,Hyderabad,34,396,14,3.0,14,Groceries,Wallet,2,1,4
1009519,Dunzo,Haridwar,34,174,24,7.8,19,Beverages,Credit Card,1,1,4
1009520,Big Basket,Hyderabad,48,646,17,7.1,12,Groceries,Cash on Delivery,2,1,3
1009521,Flipkart Minutes,Bengluru,23,50,17,10.6,9,Snacks,Debit Card,5,1,4
1009522,Blinkit,Amritsar,34,1490,9,1.6,6,Beverages,Cash on Delivery,5,1,4
1009523,Swiggy Instamart,Amritsar,44,1124,15,6.2,13,Groceries,Cash on Delivery,2,0,3
1009524,Jio Mart,Bengluru,47,248,24,6.4,13,Household,UPI,5,0,4
1009525,Dunzo,Delhi,19,116,5,5.1,19,Snacks,Cash on Delivery,4,0,3
1009526,Swiggy Instamart,Noida,29,685,10,2.0,10,Snacks,UPI,5,0,4
1009527,Blinkit,Haridwar,42,471,29,12.2,12,Groceries,UPI,5,0,3
1009528,Swiggy Instamart,Jaipur,48,239,21,8.2,11,Snacks,Cash on Delivery,2,0,4
1009529,Big Basket,Amritsar,29,50,22,13.5,5,Fruits & Vegetables,Cash on Delivery,1,0,3
1009530,Swiggy Instamart,Haridwar,56,747,24,1.5,9,Dairy,UPI,2,0,4
1009531,Zepto,Jaipur,28,850,12,6.4,15,Beverages,UPI,2,1,3
1009532,Big Basket,Bengluru,29,537,23,13.5,9,Personal Care,Wallet,4,0,5
1009533,Jio Mart,Pune,52,134,21,5.3,15,Personal Care,Debit Card,4,0,4
1009534,Blinkit,Delhi,41,605,6,13.7,9,Household,Credit Card,4,0,4
1009535,Flipkart Minutes,Jaipur,27,662,20,8.8,1,Household,Cash on Delivery,2,1,4
1009536,Zepto,Hyderabad,59,1445,10,11.3,11,Dairy,UPI,2,1,4
1009537,Swiggy Instamart,Bengluru,56,392,12,3.4,11,Fruits & Vegetables,Debit Card,3,0,4
1009538,Blinkit,Chennai,52,639,15,8.8,14,Beverages,Cash on Delivery,5,1,3
1009539,Amazon Now,Delhi,41,50,6,2.4,16,Dairy,Debit Card,5,0,3
1009540,Zepto,Gurgaon,36,126,7,8.1,3,Dairy,Wallet,4,1,4
1009542,Zepto,Haridwar,36,50,21,8.5,5,Fruits & Vegetables,Cash on Delivery,4,0,5
1009543,Amazon Now,Bengluru,30,196,18,3.0,1,Dairy,Cash on Delivery,2,0,3
1009544,Swiggy Instamart,Gurgaon,57,804,18,12.7,15,Snacks,Cash on Delivery,4,0,4
1009545,Zepto,Bengluru,20,424,8,7.4,18,Fruits & Vegetables,Credit Card,3,0,4
1009546,Big Basket,Mumbai,37,50,22,9.9,19,Household,Debit Card,2,1,4
1009547,Zepto,Mumbai,48,699,10,6.1,12,Dairy,Debit Card,2,0,4
1009548,Flipkart Minutes,Jaipur,38,407,23,9.3,19,Household,Cash on Delivery,3,0,3
1009549,Zepto,Gurgaon,43,100,7,5.8,16,Snacks,Cash on Delivery,5,0,3
1009550,Big Basket,Kolkata,30,317,15,7.0,13,Beverages,Wallet,4,1,4
1009551,Jio Mart,Gurgaon,30,638,23,11.2,14,Household,Credit Card,1,0,4
1009552,Flipkart Minutes,Gurgaon,40,693,15,5.8,17,Groceries,Credit Card,4,0,3
1009553,Amazon Now,Bengluru,59,782,20,9.7,10,Groceries,UPI,3,0,5
1009554,Big Basket,Amritsar,35,1057,17,9.6,4,Household,Credit Card,3,1,3
1009555,Swiggy Instamart,Bengluru,23,343,12,3.7,14,Dairy,Wallet,2,0,5
1009557,Amazon Now,Jaipur,38,196,21,6.2,11,Snacks,Cash on Delivery,2,0,4
1009558,Swiggy Instamart,Amritsar,20,502,17,8.8,6,Snacks,Credit Card,4,1,4
1009559,Blinkit,Amritsar,51,78,18,12.8,13,Personal Care,Debit Card,4,0,4
1009560,Swiggy Instamart,Bengluru,41,1258,17,8.2,11,Snacks,Credit Card,2,1,5
1009561,Amazon Now,Pune,29,112,18,7.9,13,Groceries,UPI,3,1,4
1009562,Big Basket,Pune,52,50,18,12.0,5,Fruits & Vegetables,Debit Card,4,0,4
1009563,Big Basket,Noida,48,50,18,8.2,12,Fruits & Vegetables,Debit Card,2,0,3
1009564,Blinkit,Hyderabad,36,670,17,12.1,14,Snacks,Cash on Delivery,3,1,3
1009565,Swiggy Instamart,Hyderabad,48,50,16,6.4,18,Snacks,UPI,4,0,3
1009566,Big Basket,Haridwar,31,607,31,8.8,6,Dairy,Cash on Delivery,2,0,4
1009567,Big Basket,Pune,30,376,14,4.2,9,Groceries,UPI,5,0,3
1009568,Amazon Now,Bengluru,51,148,18,8.2,13,Dairy,Credit Card,4,1,4
1009570,Dunzo,Haridwar,54,251,21,3.1,11,Fruits & Vegetables,Credit Card,1,0,4
1009571,Amazon Now,Noida,47,923,13,1.6,11,Fruits & Vegetables,Cash on Delivery,5,1,3
1009572,Amazon Now,Jaipur,42,641,22,3.3,2,Snacks,Cash on Delivery,5,0,4
1009573,Jio Mart,Kolkata,42,354,25,12.5,6,Snacks,Debit Card,2,0,2
1009575,Swiggy Instamart,Kolkata,40,313,15,8.3,7,Snacks,Cash on Delivery,5,0,3
1009576,Big Basket,Jaipur,36,428,21,2.8,13,Dairy,Debit Card,3,0,4
1009577,Dunzo,Gurgaon,59,886,16,11.7,15,Dairy,Credit Card,1,0,3
1009578,Blinkit,Bengluru,51,1083,13,2.3,7,Dairy,Cash on Delivery,3,1,3
1009579,Dunzo,Bengluru,24,841,15,12.2,2,Fruits & Vegetables,Debit Card,5,0,5
1009580,Blinkit,Haridwar,59,726,29,12.1,16,Fruits & Vegetables,Cash on Delivery,4,1,4
1009581,Jio Mart,Pune,23,50,26,11.5,8,Household,Cash on Delivery,2,1,3
1009582,Zepto,Amritsar,53,380,7,8.0,11,Personal Care,Debit Card,4,0,4
1009583,Zepto,Amritsar,52,566,7,8.6,16,Snacks,Cash on Delivery,3,1,3
1009584,Zepto,Amritsar,20,756,11,13.4,12,Groceries,Cash on Delivery,2,0,3
1009585,Zepto,Chennai,20,493,11,10.6,19,Dairy,Wallet,2,0,4
1009586,Blinkit,Jaipur,27,1206,20,8.8,4,Household,UPI,2,1,3
1009588,Amazon Now,Gurgaon,55,737,23,14.8,17,Groceries,Cash on Delivery,4,0,3
1009589,Blinkit,Mumbai,57,720,14,2.9,9,Beverages,Wallet,5,0,4
1009590,Zepto,Haridwar,46,376,22,12.3,14,Household,Debit Card,5,1,3
1009591,Swiggy Instamart,Gurgaon,49,671,11,1.6,18,Personal Care,Cash on Delivery,2,0,5
1009592,Jio Mart,Haridwar,22,318,33,4.8,2,Fruits & Vegetables,Cash on Delivery,4,1,4
1009593,Zepto,Pune,36,50,13,13.4,12,Beverages,Cash on Delivery,4,0,4
1009594,Blinkit,Pune,47,1098,12,2.0,17,Groceries,Debit Card,5,1,3
1009595,Blinkit,Jaipur,41,943,23,11.3,13,Dairy,Cash on Delivery,5,0,4
1009597,Flipkart Minutes,Amritsar,22,50,15,7.0,5,Groceries,Debit Card,3,1,5
1009598,Amazon Now,Chennai,41,383,16,4.6,16,Household,Cash on Delivery,2,1,4
1009599,Dunzo,Noida,36,602,14,9.6,1,Fruits & Vegetables,Cash on Delivery,3,1,4
1009600,Zepto,Kolkata,50,317,6,5.8,3,Personal Care,Cash on Delivery,4,0,3
1009601,Zepto,Kolkata,41,185,6,7.0,19,Personal Care,Cash on Delivery,4,0,3
1009602,Zepto,Amritsar,40,754,13,14.5,12,Snacks,Credit Card,4,1,3
1009603,Blinkit,Kolkata,21,534,16,12.4,3,Fruits & Vegetables,Wallet,4,0,4
1009604,Amazon Now,Noida,26,749,20,13.0,17,Dairy,Cash on Delivery,2,0,4
1009605,Swiggy Instamart,Gurgaon,43,678,10,1.4,14,Dairy,Credit Card,5,0,3
1009606,Blinkit,Haridwar,28,466,28,13.4,2,Dairy,UPI,4,1,3
1009607,Amazon Now,Haridwar,50,414,30,7.1,4,Household,Cash on Delivery,2,0,4
1009608,Blinkit,Kolkata,31,69,16,8.6,11,Snacks,Wallet,4,0,4
1009609,Dunzo,Jaipur,38,599,20,11.3,19,Dairy,Credit Card,2,0,3
1009610,Swiggy Instamart,Jaipur,59,1270,22,11.1,1,Household,Wallet,3,1,4
1009611,Jio Mart,Kolkata,39,425,21,6.7,14,Beverages,UPI,3,0,3
1009612,Blinkit,Gurgaon,25,553,14,9.3,7,Dairy,Cash on Delivery,4,1,3
1009613,Amazon Now,Jaipur,27,786,27,11.4,3,Fruits & Vegetables,Credit Card,2,1,4
1009614,Zepto,Delhi,40,253,5,3.4,16,Household,UPI,2,0,4
1009615,Swiggy Instamart,Jaipur,29,404,17,1.9,8,Fruits & Vegetables,Credit Card,5,0,2
1009616,Jio Mart,Delhi,56,1321,11,3.7,5,Household,Cash on Delivery,4,1,3
1009617,Flipkart Minutes,Haridwar,27,71,25,4.2,15,Beverages,UPI,1,1,4
1009618,Zepto,Bengluru,45,684,7,2.0,3,Fruits & Vegetables,Debit Card,3,1,3
1009619,Amazon Now,Hyderabad,39,291,22,14.8,4,Household,Cash on Delivery,1,0,5
1009620,Amazon Now,Bengluru,56,736,15,2.3,11,Dairy,Credit Card,4,0,4
1009621,Swiggy Instamart,Haridwar,29,468,29,9.8,19,Groceries,UPI,2,1,3
1009622,Jio Mart,Hyderabad,38,184,21,7.3,3,Personal Care,Credit Card,1,1,4
1009623,Blinkit,Delhi,39,1313,5,7.1,14,Dairy,Wallet,2,0,4
1009624,Jio Mart,Jaipur,41,834,25,4.7,7,Dairy,Wallet,3,0,5
1009626,Blinkit,Pune,57,642,17,9.3,16,Beverages,Wallet,5,0,3
1009627,Zepto,Chennai,39,945,5,2.7,18,Groceries,Wallet,2,1,4
1009628,Flipkart Minutes,Hyderabad,38,894,18,9.4,13,Groceries,UPI,1,1,3
1009629,Swiggy Instamart,Amritsar,34,94,16,11.7,11,Snacks,Credit Card,3,0,3
1009630,Dunzo,Amritsar,48,601,11,1.4,19,Dairy,Credit Card,2,1,4
1009631,Swiggy Instamart,Hyderabad,52,1123,11,2.6,13,Snacks,Credit Card,1,0,4
1009632,Amazon Now,Pune,45,861,24,15.0,16,Household,Cash on Delivery,4,0,3
1009633,Blinkit,Noida,28,1341,16,8.5,1,Fruits & Vegetables,Credit Card,2,1,5
1009635,Big Basket,Gurgaon,28,357,21,14.6,17,Groceries,Credit Card,3,0,3
1009636,Amazon Now,Mumbai,29,648,17,3.3,10,Dairy,UPI,3,1,4
1009637,Flipkart Minutes,Pune,44,1111,14,1.1,12,Beverages,UPI,3,1,3
1009640,Blinkit,Noida,18,906,18,12.5,10,Household,Cash on Delivery,4,0,4
1009641,Jio Mart,Noida,50,1165,27,13.2,11,Beverages,Cash on Delivery,4,0,5
1009642,Swiggy Instamart,Noida,37,224,13,4.1,14,Snacks,UPI,3,0,3
1009643,Big Basket,Kolkata,19,599,21,11.4,15,Snacks,Debit Card,2,0,3
1009644,Swiggy Instamart,Pune,30,50,18,12.3,17,Beverages,Credit Card,5,0,4
1009645,Blinkit,Mumbai,59,1663,19,12.7,17,Groceries,Credit Card,4,0,3
1009646,Blinkit,Noida,55,1236,19,14.0,18,Snacks,Debit Card,2,1,4
1009647,Dunzo,Delhi,29,862,7,14.7,12,Dairy,Credit Card,3,0,5
1009648,Dunzo,Chennai,54,470,16,11.4,10,Beverages,Debit Card,2,0,4
1009649,Flipkart Minutes,Mumbai,58,447,14,2.3,19,Snacks,Wallet,4,0,3
1009650,Blinkit,Haridwar,47,764,29,12.8,11,Household,Debit Card,5,1,3
1009651,Amazon Now,Haridwar,55,254,28,5.7,9,Snacks,Wallet,3,0,3
1009652,Jio Mart,Chennai,26,670,23,10.3,7,Household,UPI,3,1,4
1009653,Dunzo,Chennai,43,173,18,14.5,1,Beverages,UPI,1,1,3
1009654,Dunzo,Kolkata,29,172,16,12.2,3,Groceries,Debit Card,1,0,3
1009655,Zepto,Hyderabad,18,686,9,8.9,4,Snacks,Cash on Delivery,4,0,3
1009656,Flipkart Minutes,Hyderabad,27,1058,18,10.4,13,Household,Wallet,3,1,4
1009657,Amazon Now,Delhi,37,770,11,12.2,2,Groceries,UPI,4,0,4
1009658,Blinkit,Hyderabad,23,815,9,1.0,15,Snacks,Cash on Delivery,2,1,4
1009659,Blinkit,Pune,32,1026,18,12.3,17,Household,Credit Card,2,1,3
1009660,Dunzo,Amritsar,19,117,12,6.9,18,Dairy,Debit Card,2,1,3
1009661,Amazon Now,Pune,27,544,16,6.6,5,Household,Cash on Delivery,4,1,4
1009662,Amazon Now,Amritsar,45,693,15,5.6,2,Fruits & Vegetables,Debit Card,3,1,4
1009665,Big Basket,Noida,59,521,19,13.8,17,Fruits & Vegetables,Cash on Delivery,2,1,3
1009666,Zepto,Gurgaon,20,757,10,9.1,5,Household,Debit Card,2,0,4
1009667,Blinkit,Amritsar,52,405,12,3.7,4,Fruits & Vegetables,UPI,4,0,4
1009668,Blinkit,Kolkata,21,221,17,13.3,12,Fruits & Vegetables,Debit Card,3,0,4
1009669,Zepto,Pune,52,1166,8,10.6,8,Snacks,Credit Card,2,1,4
1009670,Big Basket,Jaipur,22,164,18,2.5,5,Fruits & Vegetables,Debit Card,4,0,3
1009671,Flipkart Minutes,Hyderabad,47,130,14,3.5,16,Household,Debit Card,4,0,4
1009673,Blinkit,Noida,42,763,16,12.4,9,Dairy,Cash on Delivery,4,1,4
1009674,Blinkit,Chennai,49,635,20,14.2,18,Dairy,UPI,2,1,2
1009675,Flipkart Minutes,Hyderabad,38,597,21,14.6,2,Groceries,Credit Card,3,0,3
1009676,Flipkart Minutes,Bengluru,48,50,14,3.2,14,Fruits & Vegetables,UPI,3,0,4
1009677,Jio Mart,Hyderabad,27,302,26,12.6,19,Groceries,Wallet,4,1,4
1009678,Amazon Now,Jaipur,55,667,20,5.1,9,Beverages,Debit Card,4,0,3
1009679,Dunzo,Delhi,59,728,5,8.9,8,Fruits & Vegetables,Credit Card,2,1,4
1009680,Jio Mart,Chennai,49,259,24,11.7,6,Groceries,Credit Card,3,0,4
1009681,Amazon Now,Noida,56,804,16,2.2,18,Household,Wallet,4,0,4
1009682,Flipkart Minutes,Bengluru,58,469,15,4.5,5,Dairy,Wallet,5,1,3
1009683,Amazon Now,Pune,53,181,20,8.3,6,Beverages,UPI,4,1,3
1009684,Jio Mart,Hyderabad,22,50,24,14.1,6,Groceries,UPI,3,0,3
1009685,Blinkit,Jaipur,50,857,16,3.6,5,Snacks,UPI,2,0,3
1009686,Amazon Now,Haridwar,48,372,26,3.8,14,Household,UPI,2,0,3
1009687,Swiggy Instamart,Haridwar,42,784,24,3.1,11,Household,Credit Card,3,0,4
1009688,Big Basket,Noida,36,281,15,7.3,19,Groceries,Wallet,3,0,4
1009689,Zepto,Amritsar,25,728,14,14.8,9,Groceries,Credit Card,4,0,5
1009690,Flipkart Minutes,Jaipur,46,146,26,14.4,16,Household,UPI,2,0,3
1009691,Flipkart Minutes,Pune,44,1173,17,10.3,16,Dairy,Credit Card,3,1,4
1009692,Dunzo,Hyderabad,24,644,9,3.3,11,Fruits & Vegetables,Credit Card,2,0,3
1009693,Zepto,Bengluru,24,1278,11,11.7,16,Dairy,Debit Card,3,1,5
1009694,Jio Mart,Amritsar,58,50,19,5.7,2,Beverages,Credit Card,1,1,3
1009696,Swiggy Instamart,Chennai,57,770,18,11.2,3,Personal Care,Wallet,3,1,4
1009697,Zepto,Haridwar,33,113,19,3.5,11,Groceries,Credit Card,1,0,3
1009698,Big Basket,Bengluru,55,672,23,13.4,19,Beverages,Debit Card,2,0,3
1009699,Zepto,Chennai,50,839,9,11.3,1,Personal Care,Cash on Delivery,5,1,4
1009700,Zepto,Chennai,26,521,11,9.8,19,Personal Care,Debit Card,2,0,3
1009701,Big Basket,Pune,25,261,20,12.2,11,Household,Debit Card,2,1,3
1009702,Jio Mart,Mumbai,36,647,29,14.1,7,Dairy,Debit Card,4,1,4
1009703,Flipkart Minutes,Gurgaon,28,952,21,14.1,7,Beverages,Wallet,2,0,3
1009704,Amazon Now,Hyderabad,59,552,15,4.0,10,Beverages,Credit Card,1,0,5
1009705,Swiggy Instamart,Gurgaon,18,648,15,5.8,7,Household,Credit Card,1,0,4
1009706,Swiggy Instamart,Delhi,24,741,7,9.9,4,Groceries,Wallet,5,0,4
1009707,Big Basket,Hyderabad,39,458,14,2.6,10,Groceries,Debit Card,1,0,4
1009708,Zepto,Bengluru,28,589,6,4.4,14,Dairy,Credit Card,4,0,4
1009709,Big Basket,Hyderabad,56,50,19,9.2,15,Household,Cash on Delivery,4,0,4
1009710,Zepto,Amritsar,51,539,10,11.2,10,Personal Care,Debit Card,4,1,4
1009711,Blinkit,Jaipur,48,946,19,10.0,4,Fruits & Vegetables,Credit Card,4,1,4
1009712,Swiggy Instamart,Haridwar,36,50,31,13.7,12,Dairy,Debit Card,3,1,4
1009713,Swiggy Instamart,Mumbai,20,388,21,12.9,19,Beverages,Cash on Delivery,3,1,3
1009714,Amazon Now,Kolkata,38,248,13,1.0,14,Beverages,Wallet,4,1,4
1009715,Dunzo,Pune,39,638,11,6.0,10,Fruits & Vegetables,Wallet,2,0,4
1009716,Blinkit,Jaipur,58,274,25,15.0,6,Beverages,UPI,2,0,4
1009717,Blinkit,Bengluru,44,314,17,13.6,4,Household,Cash on Delivery,3,1,3
1009718,Big Basket,Chennai,33,524,15,4.9,10,Household,UPI,5,1,4
1009719,Jio Mart,Jaipur,40,468,25,4.6,4,Fruits & Vegetables,Credit Card,4,1,5
1009720,Amazon Now,Pune,21,839,19,5.9,7,Household,Wallet,3,1,2
1009721,Jio Mart,Pune,18,142,23,7.8,12,Personal Care,Wallet,3,0,3
1009722,Flipkart Minutes,Bengluru,58,679,20,14.5,8,Snacks,UPI,3,0,4
1009723,Blinkit,Delhi,36,456,5,10.1,9,Groceries,UPI,5,1,3
1009724,Blinkit,Kolkata,18,491,17,9.8,16,Personal Care,Credit Card,4,0,3
1009725,Dunzo,Pune,58,787,15,14.0,5,Household,Credit Card,4,1,4
1009726,Big Basket,Bengluru,28,320,18,10.1,10,Household,Credit Card,4,0,4
1009727,Zepto,Gurgaon,43,707,10,14.0,4,Household,Debit Card,3,0,4
1009728,Blinkit,Jaipur,25,747,21,9.2,16,Household,Wallet,4,1,4
1009729,Swiggy Instamart,Amritsar,20,912,18,12.4,9,Personal Care,Credit Card,1,0,4
1009730,Jio Mart,Pune,37,370,20,4.4,17,Beverages,UPI,3,1,4
1009731,Flipkart Minutes,Kolkata,21,386,13,4.7,18,Fruits & Vegetables,UPI,5,0,5
1009733,Amazon Now,Gurgaon,24,913,13,1.4,18,Snacks,UPI,3,1,3
1009734,Flipkart Minutes,Hyderabad,38,678,18,10.6,13,Fruits & Vegetables,Wallet,3,0,4
1009735,Jio Mart,Noida,51,1260,21,4.5,2,Beverages,UPI,3,1,4
1009736,Blinkit,Hyderabad,55,645,15,8.2,2,Groceries,Cash on Delivery,2,0,4
1009737,Amazon Now,Kolkata,44,50,19,11.1,9,Household,Debit Card,4,0,4
1009738,Swiggy Instamart,Pune,29,50,14,3.8,1,Dairy,Debit Card,5,0,5
1009739,Zepto,Jaipur,25,282,18,14.6,2,Beverages,UPI,5,0,4
1009740,Jio Mart,Mumbai,57,891,22,4.1,13,Beverages,Wallet,4,1,4
1009741,Swiggy Instamart,Pune,36,808,15,7.7,9,Personal Care,Credit Card,2,0,5
1009742,Big Basket,Haridwar,52,637,29,4.5,2,Household,Cash on Delivery,3,0,3
1009743,Amazon Now,Bengluru,56,911,20,11.9,7,Personal Care,Debit Card,3,1,4
1009744,Amazon Now,Delhi,58,479,5,1.6,9,Household,Wallet,2,1,2
1009745,Big Basket,Kolkata,44,873,18,7.7,17,Dairy,Cash on Delivery,3,1,3
1009746,Jio Mart,Haridwar,38,197,33,9.2,13,Groceries,Cash on Delivery,4,0,5
1009747,Zepto,Kolkata,48,788,13,14.6,8,Fruits & Vegetables,Cash on Delivery,2,1,5
1009748,Jio Mart,Pune,23,467,16,0.7,1,Personal Care,Credit Card,2,0,4
1009749,Big Basket,Gurgaon,55,965,14,3.5,3,Fruits & Vegetables,Credit Card,3,0,4
1009750,Swiggy Instamart,Haridwar,39,137,26,2.6,17,Household,Wallet,5,0,5
1009751,Blinkit,Jaipur,25,315,18,8.2,11,Snacks,Debit Card,2,1,3
1009752,Flipkart Minutes,Hyderabad,31,522,12,2.8,1,Dairy,Credit Card,3,1,4
1009753,Swiggy Instamart,Pune,57,630,11,2.7,2,Snacks,Wallet,2,0,5
1009754,Amazon Now,Jaipur,20,50,21,1.8,6,Fruits & Vegetables,Credit Card,4,0,4
1009755,Dunzo,Noida,30,242,10,1.0,7,Snacks,Credit Card,3,1,4
1009756,Flipkart Minutes,Chennai,54,726,19,12.8,12,Dairy,Wallet,2,0,3
1009757,Amazon Now,Bengluru,57,389,21,9.2,8,Dairy,Credit Card,4,0,3
1009758,Big Basket,Hyderabad,28,407,21,13.9,4,Beverages,Credit Card,4,1,4
1009759,Dunzo,Pune,41,647,18,14.4,4,Snacks,Cash on Delivery,1,1,4
1009760,Dunzo,Noida,55,786,13,6.0,17,Personal Care,Debit Card,1,1,4
1009761,Amazon Now,Noida,46,448,21,14.3,16,Snacks,Credit Card,3,0,5
1009762,Dunzo,Jaipur,38,208,19,9.0,5,Dairy,Debit Card,2,0,4
1009763,Big Basket,Haridwar,52,707,31,14.1,2,Beverages,Cash on Delivery,3,1,3
1009764,Big Basket,Kolkata,29,204,20,13.1,16,Household,Cash on Delivery,3,0,4
1009765,Jio Mart,Mumbai,36,757,28,14.8,19,Groceries,UPI,5,1,5
1009766,Zepto,Jaipur,49,50,12,6.8,1,Household,Debit Card,4,0,4
1009767,Flipkart Minutes,Jaipur,44,445,26,13.4,15,Personal Care,Credit Card,2,0,5
1009768,Zepto,Noida,45,946,13,13.7,5,Snacks,Wallet,4,0,4
1009769,Big Basket,Chennai,46,622,19,9.2,19,Beverages,UPI,4,0,5
1009770,Big Basket,Noida,56,737,18,8.8,13,Dairy,UPI,4,0,4
1009771,Jio Mart,Haridwar,53,513,31,0.8,5,Groceries,Debit Card,2,0,3
1009772,Swiggy Instamart,Jaipur,52,564,19,8.0,4,Beverages,Credit Card,4,1,3
1009773,Flipkart Minutes,Bengluru,34,220,21,14.6,14,Household,Credit Card,4,0,4
1009774,Big Basket,Hyderabad,45,895,14,4.1,19,Groceries,Debit Card,4,0,4
1009775,Jio Mart,Haridwar,46,304,32,4.3,15,Household,Cash on Delivery,3,0,3
1009776,Flipkart Minutes,Chennai,20,629,15,8.2,16,Fruits & Vegetables,UPI,3,0,4
1009777,Dunzo,Jaipur,54,247,19,6.1,6,Personal Care,Debit Card,3,0,3
1009779,Jio Mart,Haridwar,24,50,33,4.0,12,Household,Cash on Delivery,1,0,3
1009780,Jio Mart,Hyderabad,23,420,23,12.0,1,Fruits & Vegetables,Credit Card,1,1,4
1009781,Blinkit,Hyderabad,28,458,19,13.2,19,Household,Debit Card,4,0,5
1009782,Blinkit,Gurgaon,45,998,14,10.6,2,Household,Debit Card,4,1,4
1009783,Blinkit,Gurgaon,19,223,16,11.6,10,Groceries,Debit Card,2,0,4
1009784,Flipkart Minutes,Noida,19,311,17,11.4,2,Household,Debit Card,3,0,5
1009785,Jio Mart,Bengluru,43,1045,28,12.7,4,Beverages,Credit Card,5,0,4
1009786,Big Basket,Jaipur,48,1314,22,5.0,18,Fruits & Vegetables,Credit Card,2,1,4
1009787,Big Basket,Amritsar,38,562,18,10.1,6,Snacks,Debit Card,3,0,5
1009788,Big Basket,Chennai,23,629,17,7.2,5,Personal Care,Credit Card,4,0,3
1009789,Amazon Now,Noida,37,777,20,8.8,14,Dairy,Wallet,3,0,4
1009790,Jio Mart,Jaipur,43,938,24,0.8,19,Fruits & Vegetables,UPI,4,1,4
1009791,Flipkart Minutes,Hyderabad,44,1118,18,8.6,3,Beverages,Cash on Delivery,3,1,4
1009792,Swiggy Instamart,Delhi,49,121,5,7.4,13,Fruits & Vegetables,Wallet,5,0,4
1009793,Zepto,Amritsar,28,593,10,9.5,1,Groceries,Debit Card,2,0,4
1009794,Blinkit,Chennai,32,953,17,14.3,13,Fruits & Vegetables,Wallet,2,0,4
1009795,Zepto,Pune,31,50,5,3.7,17,Dairy,Wallet,2,0,4
1009796,Swiggy Instamart,Haridwar,23,374,22,2.2,7,Beverages,Credit Card,4,0,3
1009797,Amazon Now,Bengluru,45,623,17,4.6,11,Household,UPI,3,0,4
1009798,Dunzo,Gurgaon,50,840,10,1.1,12,Beverages,UPI,1,1,2
1009799,Blinkit,Chennai,33,444,14,7.1,1,Personal Care,Cash on Delivery,3,0,5
1009800,Dunzo,Delhi,34,1283,6,9.3,4,Dairy,Debit Card,2,1,3
1009801,Swiggy Instamart,Chennai,57,393,17,12.2,9,Personal Care,UPI,2,0,3
1009802,Flipkart Minutes,Bengluru,55,1017,21,11.4,3,Groceries,Wallet,2,0,3
1009803,Swiggy Instamart,Gurgaon,42,882,17,8.0,19,Personal Care,Credit Card,4,0,4
1009804,Amazon Now,Bengluru,54,423,24,13.6,9,Beverages,Cash on Delivery,4,0,4
1009805,Dunzo,Noida,46,685,9,2.6,14,Groceries,Credit Card,3,0,5
1009806,Dunzo,Mumbai,43,670,15,6.9,2,Groceries,Credit Card,1,1,4
1009807,Jio Mart,Delhi,35,651,15,14.8,2,Household,UPI,2,0,4
1009808,Swiggy Instamart,Mumbai,38,50,15,3.7,6,Snacks,Cash on Delivery,5,0,3
1009809,Amazon Now,Mumbai,32,713,21,11.1,1,Dairy,Credit Card,2,1,3
1009810,Jio Mart,Pune,34,497,17,1.4,1,Beverages,Credit Card,1,0,5
1009811,Dunzo,Noida,38,568,17,14.4,16,Groceries,Cash on Delivery,4,1,4
1009812,Swiggy Instamart,Amritsar,36,166,20,14.8,18,Groceries,Cash on Delivery,2,0,3
1009813,Big Basket,Bengluru,38,630,22,14.2,11,Household,Debit Card,2,0,5
1009814,Amazon Now,Noida,49,1124,15,5.6,2,Personal Care,Debit Card,5,0,4
1009815,Big Basket,Haridwar,59,347,29,5.6,3,Snacks,UPI,5,0,4
1009816,Amazon Now,Amritsar,55,1482,19,7.6,2,Dairy,Credit Card,2,1,4
1009817,Zepto,Kolkata,40,409,12,14.9,1,Beverages,Wallet,4,0,4
1009818,Blinkit,Amritsar,36,330,17,10.4,5,Snacks,UPI,3,0,5
1009819,Dunzo,Gurgaon,54,461,10,5.1,9,Snacks,Wallet,3,1,3
1009820,Jio Mart,Chennai,22,485,27,13.8,14,Household,Debit Card,1,1,3
1009821,Zepto,Amritsar,47,50,12,10.9,13,Personal Care,Wallet,5,0,4
1009822,Amazon Now,Haridwar,35,227,28,3.6,8,Household,Wallet,1,0,5
1009823,Flipkart Minutes,Gurgaon,36,706,20,12.6,9,Fruits & Vegetables,Cash on Delivery,2,1,4
1009824,Amazon Now,Gurgaon,45,1250,17,9.0,9,Personal Care,Wallet,4,1,3
1009825,Zepto,Chennai,59,726,12,14.1,10,Snacks,Cash on Delivery,3,0,3
1009826,Flipkart Minutes,Pune,36,390,18,11.6,15,Beverages,Credit Card,4,0,4
1009827,Zepto,Chennai,37,385,7,3.3,8,Personal Care,UPI,5,0,4
1009828,Zepto,Kolkata,25,529,5,3.0,12,Snacks,Wallet,5,1,3
1009829,Swiggy Instamart,Hyderabad,43,139,15,4.3,2,Household,Debit Card,3,0,3
1009830,Jio Mart,Haridwar,37,50,36,13.7,6,Personal Care,Credit Card,2,1,3
1009832,Flipkart Minutes,Delhi,24,50,5,1.4,15,Dairy,Cash on Delivery,5,0,4
1009833,Amazon Now,Haridwar,48,994,27,5.3,7,Household,Wallet,3,1,3
1009834,Dunzo,Noida,59,280,16,13.3,8,Personal Care,UPI,1,0,4
1009835,Big Basket,Amritsar,49,834,20,14.7,6,Beverages,UPI,5,1,3
1009836,Jio Mart,Amritsar,20,59,26,14.9,11,Snacks,Debit Card,2,1,4
1009837,Jio Mart,Haridwar,36,50,31,5.2,12,Dairy,Cash on Delivery,3,0,4
1009838,Dunzo,Noida,53,585,17,13.5,4,Household,Debit Card,4,0,5
1009839,Zepto,Bengluru,58,101,8,5.0,7,Dairy,Cash on Delivery,4,0,3
1009840,Amazon Now,Kolkata,54,431,14,3.0,6,Fruits & Vegetables,Wallet,3,0,4
1009841,Zepto,Bengluru,33,328,11,10.0,19,Beverages,Credit Card,4,0,4
1009842,Big Basket,Noida,24,406,21,11.1,3,Fruits & Vegetables,Credit Card,3,0,4
1009843,Flipkart Minutes,Haridwar,26,731,33,13.2,6,Household,Debit Card,2,1,4
1009844,Swiggy Instamart,Bengluru,18,1145,13,5.5,16,Beverages,UPI,2,1,4
1009845,Zepto,Mumbai,35,479,11,11.8,4,Fruits & Vegetables,Credit Card,4,0,5
1009846,Big Basket,Gurgaon,54,940,21,11.2,19,Fruits & Vegetables,Debit Card,2,0,3
1009847,Zepto,Hyderabad,31,626,9,11.9,12,Groceries,Cash on Delivery,3,0,4
1009848,Big Basket,Chennai,38,101,18,7.7,13,Dairy,Debit Card,4,1,3
1009849,Jio Mart,Jaipur,47,68,31,12.8,17,Beverages,UPI,3,0,4
1009850,Flipkart Minutes,Jaipur,36,149,21,4.2,7,Household,Wallet,2,1,4
1009851,Big Basket,Amritsar,42,863,17,7.9,7,Household,Wallet,4,1,5
1009852,Blinkit,Delhi,43,1135,5,0.6,17,Personal Care,Debit Card,5,1,4
1009853,Jio Mart,Jaipur,34,317,29,9.0,4,Snacks,Debit Card,2,0,4
1009854,Dunzo,Pune,51,579,17,12.2,4,Snacks,Debit Card,2,0,4
1009855,Zepto,Jaipur,30,1059,15,10.5,19,Household,UPI,3,1,4
1009856,Dunzo,Jaipur,26,50,16,6.8,1,Beverages,UPI,1,0,5
1009857,Zepto,Noida,25,837,9,8.8,8,Personal Care,Wallet,3,0,3
1009858,Jio Mart,Noida,46,1143,22,9.9,11,Personal Care,Cash on Delivery,3,1,4
1009859,Blinkit,Kolkata,49,568,15,8.8,17,Beverages,UPI,3,0,3
1009860,Blinkit,Haridwar,29,577,25,7.2,1,Household,UPI,5,0,4
1009861,Zepto,Jaipur,39,446,12,7.4,2,Groceries,Credit Card,5,0,3
1009862,Big Basket,Amritsar,28,50,19,9.3,15,Snacks,Cash on Delivery,4,0,4
1009863,Swiggy Instamart,Hyderabad,24,295,15,5.1,7,Personal Care,Cash on Delivery,2,0,4
1009864,Zepto,Delhi,27,750,5,6.8,10,Snacks,Debit Card,2,1,3
1009865,Big Basket,Kolkata,47,563,18,12.5,13,Groceries,Debit Card,3,0,3
1009866,Zepto,Jaipur,31,559,12,7.6,17,Household,UPI,3,1,4
1009867,Big Basket,Jaipur,48,1157,21,5.0,14,Beverages,Debit Card,4,1,4
1009868,Zepto,Bengluru,53,812,9,9.0,12,Fruits & Vegetables,Credit Card,4,1,4
1009869,Blinkit,Haridwar,58,50,24,7.0,3,Household,Wallet,2,0,3
1009870,Blinkit,Bengluru,29,455,14,5.9,4,Household,Wallet,2,1,4
1009871,Zepto,Jaipur,55,363,18,14.7,6,Dairy,Credit Card,3,0,3
1009872,Big Basket,Noida,37,419,12,2.4,13,Snacks,Wallet,4,0,4
1009873,Jio Mart,Amritsar,29,893,28,14.2,6,Household,UPI,4,1,5
1009874,Flipkart Minutes,Noida,34,396,17,12.1,12,Dairy,Cash on Delivery,3,1,4
1009875,Big Basket,Hyderabad,46,1233,15,5.4,5,Personal Care,Cash on Delivery,4,1,5
1009876,Zepto,Bengluru,44,1208,6,3.6,5,Snacks,Debit Card,3,1,4
1009877,Blinkit,Noida,49,844,19,14.6,3,Beverages,Credit Card,5,0,4
1009879,Big Basket,Delhi,22,1069,8,9.6,12,Household,UPI,2,1,3
1009880,Jio Mart,Kolkata,56,1146,22,9.0,16,Personal Care,Wallet,2,1,3
1009881,Swiggy Instamart,Hyderabad,44,1446,14,4.0,14,Beverages,Credit Card,2,1,4
1009882,Blinkit,Jaipur,30,737,15,0.9,14,Beverages,Wallet,2,1,4
1009883,Dunzo,Kolkata,34,952,16,14.0,2,Dairy,UPI,4,0,5
1009884,Dunzo,Delhi,40,259,5,8.9,19,Fruits & Vegetables,Wallet,2,0,4
1009885,Amazon Now,Pune,30,1102,22,11.0,9,Personal Care,Wallet,2,1,4
1009886,Blinkit,Amritsar,33,294,16,11.5,19,Snacks,Wallet,4,0,3
1009887,Flipkart Minutes,Haridwar,52,725,25,4.3,7,Dairy,UPI,3,0,4
1009888,Big Basket,Noida,27,820,14,3.2,4,Snacks,Cash on Delivery,4,1,5
1009889,Big Basket,Chennai,29,575,17,9.1,13,Dairy,Debit Card,4,0,4
1009891,Amazon Now,Mumbai,44,422,21,7.6,2,Beverages,Wallet,3,0,4
1009892,Jio Mart,Haridwar,30,50,35,10.0,13,Fruits & Vegetables,Debit Card,3,0,3
1009893,Dunzo,Bengluru,45,203,17,14.3,12,Personal Care,Credit Card,4,1,3
1009894,Flipkart Minutes,Haridwar,50,741,26,4.2,4,Personal Care,Wallet,4,0,5
1009895,Big Basket,Pune,23,528,20,9.3,5,Personal Care,UPI,3,0,4
1009896,Dunzo,Gurgaon,45,50,16,9.2,13,Beverages,Cash on Delivery,3,0,4
1009897,Blinkit,Haridwar,49,618,24,7.4,12,Personal Care,UPI,4,0,4
1009898,Blinkit,Pune,58,258,16,10.2,8,Snacks,Cash on Delivery,5,0,3
1009899,Jio Mart,Kolkata,22,328,19,3.2,2,Groceries,Wallet,4,0,4
1009900,Flipkart Minutes,Amritsar,26,314,15,3.0,15,Household,UPI,3,0,4
1009901,Swiggy Instamart,Kolkata,31,1223,17,11.1,9,Groceries,Debit Card,4,1,3
1009902,Zepto,Kolkata,55,1084,7,5.2,18,Dairy,Credit Card,2,1,3
1009904,Jio Mart,Bengluru,21,398,24,6.8,13,Snacks,UPI,5,0,4
1009905,Jio Mart,Chennai,36,948,25,10.2,19,Snacks,UPI,4,1,4
1009906,Zepto,Bengluru,52,1117,12,12.5,14,Household,Cash on Delivery,5,1,3
1009907,Amazon Now,Mumbai,46,695,23,10.5,12,Personal Care,Debit Card,3,1,3
1009908,Zepto,Mumbai,35,324,9,7.3,8,Beverages,Credit Card,5,0,3
1009910,Jio Mart,Pune,21,568,21,3.5,18,Personal Care,UPI,2,1,3
1009911,Flipkart Minutes,Jaipur,51,370,20,6.1,17,Snacks,UPI,4,0,4
1009912,Amazon Now,Chennai,51,190,17,6.8,19,Snacks,Wallet,2,0,5
1009913,Flipkart Minutes,Mumbai,51,670,23,13.0,18,Snacks,Debit Card,2,0,4
1009914,Swiggy Instamart,Haridwar,35,668,33,15.0,3,Beverages,Credit Card,2,1,4
1009915,Dunzo,Pune,43,590,9,1.0,2,Personal Care,Cash on Delivery,3,0,3
1009916,Dunzo,Gurgaon,19,1180,17,11.4,2,Fruits & Vegetables,UPI,1,1,4
1009917,Zepto,Kolkata,49,904,6,3.6,12,Household,Cash on Delivery,2,0,4
1009918,Jio Mart,Bengluru,44,501,21,6.8,19,Personal Care,Cash on Delivery,2,0,4
1009919,Dunzo,Bengluru,30,356,17,11.3,17,Household,Debit Card,3,0,4
1009920,Swiggy Instamart,Amritsar,32,1364,16,6.8,4,Fruits & Vegetables,Wallet,5,1,4
1009921,Jio Mart,Amritsar,52,223,20,5.9,1,Groceries,Credit Card,2,0,4
1009922,Flipkart Minutes,Mumbai,52,516,18,4.3,13,Beverages,Wallet,5,0,4
1009923,Amazon Now,Chennai,26,663,18,4.2,9,Fruits & Vegetables,Cash on Delivery,3,1,5
1009924,Dunzo,Jaipur,19,240,18,5.9,5,Dairy,Wallet,1,0,4
1009925,Jio Mart,Kolkata,56,674,20,6.3,13,Household,Cash on Delivery,1,1,3
1009926,Amazon Now,Hyderabad,52,443,20,11.5,17,Household,Debit Card,2,1,4
1009928,Big Basket,Jaipur,42,777,18,3.5,8,Groceries,Cash on Delivery,3,0,3
1009929,Amazon Now,Noida,33,558,17,4.3,9,Fruits & Vegetables,Credit Card,2,1,4
1009930,Dunzo,Gurgaon,29,437,12,2.8,4,Snacks,Debit Card,3,1,4
1009931,Jio Mart,Kolkata,49,769,21,7.2,4,Snacks,Cash on Delivery,3,0,3
1009932,Amazon Now,Chennai,22,369,15,2.4,17,Groceries,UPI,4,0,3
1009933,Big Basket,Noida,28,738,12,2.1,13,Personal Care,Credit Card,2,1,3
1009934,Flipkart Minutes,Pune,54,974,13,2.3,6,Dairy,Credit Card,5,1,3
1009935,Zepto,Hyderabad,52,731,6,2.0,7,Fruits & Vegetables,Credit Card,2,1,3
1009936,Dunzo,Haridwar,35,796,27,11.0,7,Personal Care,Cash on Delivery,3,0,4
1009937,Dunzo,Mumbai,41,567,15,6.6,19,Snacks,Debit Card,4,0,2
1009938,Amazon Now,Delhi,50,831,12,12.4,8,Beverages,Cash on Delivery,3,1,4
1009939,Blinkit,Hyderabad,52,312,15,11.6,7,Household,Debit Card,3,0,4
1009940,Zepto,Noida,50,588,6,1.3,15,Snacks,Debit Card,3,0,4
1009941,Big Basket,Jaipur,58,458,24,10.8,18,Household,Credit Card,5,1,4
1009942,Jio Mart,Gurgaon,40,531,17,2.1,10,Snacks,UPI,2,0,3
1009943,Swiggy Instamart,Delhi,56,1084,10,13.1,15,Household,Cash on Delivery,3,1,4
1009944,Dunzo,Pune,51,889,16,10.8,14,Snacks,Credit Card,4,1,3
1009945,Big Basket,Chennai,26,545,19,8.6,17,Groceries,Wallet,3,1,3
1009946,Zepto,Jaipur,50,155,8,2.3,1,Fruits & Vegetables,Credit Card,4,1,4
1009947,Blinkit,Delhi,42,733,5,4.5,14,Snacks,Credit Card,2,1,4
1009948,Zepto,Bengluru,37,208,12,14.0,19,Fruits & Vegetables,Credit Card,5,0,3
1009949,Big Basket,Kolkata,18,173,16,7.3,1,Groceries,Cash on Delivery,2,1,4
1009950,Jio Mart,Amritsar,31,451,20,4.2,15,Fruits & Vegetables,Debit Card,4,0,4
1009951,Dunzo,Delhi,55,50,5,12.3,1,Household,Debit Card,4,1,4
1009952,Dunzo,Pune,37,603,14,5.9,3,Fruits & Vegetables,Wallet,4,1,4
1009953,Zepto,Noida,38,809,5,4.1,9,Personal Care,UPI,4,0,4
1009954,Zepto,Gurgaon,39,496,7,8.0,4,Household,Wallet,3,0,4
1009955,Zepto,Kolkata,20,516,10,14.0,2,Groceries,UPI,2,1,5
1009956,Big Basket,Gurgaon,30,707,21,13.9,7,Dairy,Wallet,3,0,4
1009957,Zepto,Mumbai,47,1022,7,1.9,12,Dairy,Credit Card,2,0,4
1009959,Dunzo,Mumbai,52,743,15,8.2,6,Beverages,UPI,3,0,4
1009960,Flipkart Minutes,Delhi,54,50,5,3.0,12,Dairy,UPI,4,0,3
1009961,Swiggy Instamart,Haridwar,48,1302,26,4.8,18,Groceries,UPI,3,1,4
1009962,Big Basket,Bengluru,27,464,16,6.6,16,Household,Wallet,5,0,4
1009963,Dunzo,Jaipur,39,250,13,0.8,12,Household,Debit Card,3,0,3
1009964,Amazon Now,Gurgaon,45,275,23,13.5,3,Snacks,Wallet,4,1,3
1009965,Jio Mart,Gurgaon,53,611,17,1.1,19,Personal Care,Cash on Delivery,4,0,3
1009966,Dunzo,Hyderabad,38,542,13,8.4,4,Groceries,Credit Card,1,1,3
1009967,Dunzo,Jaipur,31,471,16,4.6,17,Dairy,Debit Card,4,1,3
1009968,Big Basket,Chennai,25,50,21,14.7,19,Household,Wallet,3,0,3
1009969,Blinkit,Noida,40,1139,16,12.7,7,Household,UPI,2,1,4
1009970,Blinkit,Haridwar,29,244,22,3.0,12,Snacks,Debit Card,2,0,4
1009971,Flipkart Minutes,Noida,55,998,15,7.5,14,Groceries,Cash on Delivery,3,1,4
1009972,Big Basket,Noida,22,859,19,8.8,8,Personal Care,UPI,3,1,3
1009973,Amazon Now,Amritsar,43,283,24,14.9,10,Beverages,Credit Card,4,0,3
1009974,Swiggy Instamart,Noida,30,122,18,12.1,8,Beverages,Debit Card,3,1,4
1009975,Big Basket,Jaipur,34,493,26,12.2,16,Beverages,Debit Card,4,1,2
1009976,Amazon Now,Chennai,50,1323,18,7.8,11,Beverages,Credit Card,3,1,5
1009977,Jio Mart,Delhi,43,243,17,13.1,14,Beverages,Cash on Delivery,5,1,3
1009978,Blinkit,Gurgaon,35,502,10,0.8,4,Personal Care,UPI,5,1,3
1009979,Amazon Now,Delhi,26,1200,10,13.7,16,Personal Care,Debit Card,4,0,5
1009980,Swiggy Instamart,Haridwar,20,1346,24,4.4,16,Groceries,Debit Card,1,1,3
1009981,Flipkart Minutes,Noida,48,1526,17,7.5,16,Beverages,Credit Card,2,1,5
1009982,Jio Mart,Haridwar,56,557,37,12.9,5,Dairy,UPI,4,1,3
1009983,Blinkit,Noida,32,104,9,0.8,18,Personal Care,Cash on Delivery,4,1,3
1009984,Amazon Now,Bengluru,23,573,15,0.8,19,Fruits & Vegetables,UPI,3,0,5
1009985,Dunzo,Mumbai,47,536,13,5.3,7,Groceries,UPI,4,1,4
1009986,Big Basket,Chennai,23,576,12,1.5,6,Fruits & Vegetables,Credit Card,4,0,4
1009987,Zepto,Hyderabad,33,945,11,10.6,3,Personal Care,UPI,2,1,3
1009988,Flipkart Minutes,Hyderabad,38,638,14,2.9,1,Personal Care,UPI,3,1,3
1009989,Blinkit,Haridwar,41,205,22,2.1,13,Snacks,Credit Card,2,1,3
1009990,Amazon Now,Amritsar,50,512,18,9.9,17,Fruits & Vegetables,Wallet,4,0,4
1009991,Jio Mart,Delhi,23,483,10,7.5,1,Snacks,UPI,3,0,4
1009992,Blinkit,Chennai,58,601,11,1.0,15,Dairy,UPI,5,0,3
1009993,Big Basket,Haridwar,21,433,30,11.0,1,Dairy,UPI,3,0,5
1009994,Swiggy Instamart,Haridwar,31,678,23,2.3,13,Household,Cash on Delivery,2,0,4
1009995,Dunzo,Kolkata,52,345,17,11.3,18,Beverages,Wallet,1,0,4
1009996,Swiggy Instamart,Chennai,58,156,9,0.5,9,Dairy,Credit Card,4,0,4
1009997,Flipkart Minutes,Gurgaon,32,307,16,9.2,17,Household,Wallet,5,0,3
1009998,Dunzo,Chennai,53,753,14,10.2,8,Snacks,Wallet,1,1,3
1009999,Dunzo,Gurgaon,49,1205,15,9.9,12,Snacks,Wallet,1,1,4
1010000,Amazon Now,Hyderabad,30,1099,20,9.7,3,Fruits & Vegetables,Cash on Delivery,3,0,4
1010001,Flipkart Minutes,Chennai,22,522,19,10.8,10,Household,Debit Card,2,0,5
1010002,Jio Mart,Jaipur,19,50,30,10.4,6,Dairy,UPI,3,1,3
1010003,Flipkart Minutes,Haridwar,55,50,25,3.3,14,Beverages,Credit Card,1,0,4
1010004,Big Basket,Kolkata,45,1059,16,7.5,17,Fruits & Vegetables,Cash on Delivery,2,0,4
1010005,Swiggy Instamart,Delhi,49,1463,5,8.2,5,Household,Debit Card,2,1,4
1010006,Zepto,Jaipur,48,390,15,10.1,8,Groceries,Credit Card,4,0,3
1010007,Flipkart Minutes,Noida,21,1072,15,4.8,8,Snacks,UPI,3,0,3
1010008,Swiggy Instamart,Bengluru,45,958,16,9.0,19,Snacks,Debit Card,2,1,4
1010009,Swiggy Instamart,Pune,31,1289,16,6.6,17,Groceries,Wallet,3,0,4
1010010,Big Basket,Delhi,18,559,5,1.5,3,Snacks,Debit Card,2,1,3
1010011,Blinkit,Mumbai,27,722,13,4.4,7,Household,Credit Card,5,1,4
1010012,Blinkit,Jaipur,19,385,19,4.3,7,Groceries,Debit Card,3,0,4
1010013,Big Basket,Gurgaon,52,692,18,10.5,3,Personal Care,Wallet,3,0,3
1010014,Dunzo,Amritsar,43,594,12,3.4,8,Beverages,Wallet,4,1,3
1010015,Swiggy Instamart,Amritsar,25,413,18,12.0,12,Personal Care,Debit Card,4,0,3
1010016,Flipkart Minutes,Mumbai,36,672,21,10.0,11,Dairy,UPI,2,1,4
1010017,Swiggy Instamart,Pune,22,165,15,8.0,6,Beverages,Credit Card,4,0,3
1010018,Swiggy Instamart,Delhi,31,956,5,4.3,16,Personal Care,Wallet,2,0,4
1010019,Blinkit,Amritsar,55,563,13,4.3,7,Fruits & Vegetables,Wallet,5,0,3
1010020,Swiggy Instamart,Chennai,47,1150,13,3.6,17,Household,UPI,3,1,4
1010021,Swiggy Instamart,Hyderabad,49,763,15,7.6,16,Fruits & Vegetables,Debit Card,4,0,5
1010022,Blinkit,Hyderabad,36,881,14,7.1,12,Beverages,Debit Card,2,1,4
1010023,Big Basket,Amritsar,34,1321,19,11.0,1,Groceries,UPI,3,1,3
1010024,Dunzo,Pune,37,50,15,11.6,19,Dairy,UPI,3,1,5
1010025,Swiggy Instamart,Kolkata,48,630,16,10.4,7,Snacks,Credit Card,5,0,3
1010026,Jio Mart,Noida,30,266,21,3.4,11,Fruits & Vegetables,Cash on Delivery,2,0,4
1010027,Swiggy Instamart,Amritsar,41,1359,17,10.6,3,Personal Care,Wallet,1,0,3
1010028,Zepto,Amritsar,40,1212,10,12.8,16,Groceries,Credit Card,2,1,3
1010029,Dunzo,Noida,20,1009,11,2.3,9,Snacks,Wallet,2,1,5
1010030,Dunzo,Mumbai,55,50,16,10.3,19,Snacks,Wallet,4,0,3
1010031,Jio Mart,Delhi,45,445,16,14.6,18,Personal Care,Debit Card,1,0,4
1010032,Zepto,Amritsar,53,227,7,8.2,8,Groceries,Cash on Delivery,2,0,4
1010033,Big Basket,Pune,28,115,15,1.5,17,Groceries,Cash on Delivery,1,0,3
1010034,Swiggy Instamart,Kolkata,40,779,16,8.3,4,Beverages,Cash on Delivery,4,1,4
1010035,Big Basket,Pune,52,1286,17,10.6,3,Personal Care,Credit Card,2,1,4
1010036,Dunzo,Pune,46,100,12,7.1,19,Dairy,Credit Card,2,0,4
1010037,Jio Mart,Jaipur,37,187,24,2.8,5,Snacks,UPI,2,0,4
1010038,Flipkart Minutes,Gurgaon,56,301,16,7.1,17,Beverages,UPI,2,0,5
1010039,Flipkart Minutes,Gurgaon,46,643,17,6.5,19,Groceries,Wallet,3,0,3
1010040,Big Basket,Chennai,32,663,21,14.0,16,Snacks,Wallet,2,1,4
1010041,Dunzo,Amritsar,28,810,12,8.0,14,Personal Care,Wallet,3,0,5
1010042,Amazon Now,Mumbai,28,906,18,4.5,6,Groceries,Credit Card,2,0,3
1010043,Jio Mart,Noida,29,586,23,10.0,7,Beverages,UPI,3,1,4
1010044,Dunzo,Pune,24,890,8,2.1,10,Dairy,Wallet,2,0,5
1010045,Dunzo,Kolkata,34,468,10,4.8,18,Personal Care,UPI,4,1,3
1010046,Swiggy Instamart,Noida,31,442,15,10.5,9,Personal Care,Debit Card,4,1,5
1010048,Dunzo,Haridwar,55,50,23,5.1,16,Dairy,Cash on Delivery,4,0,4
1010049,Dunzo,Pune,58,213,15,12.8,4,Personal Care,Cash on Delivery,4,0,3
1010050,Zepto,Mumbai,41,635,7,2.6,11,Household,Debit Card,4,0,3
1010052,Zepto,Bengluru,34,518,9,9.6,13,Fruits & Vegetables,UPI,3,0,3
1010053,Jio Mart,Jaipur,51,157,22,2.1,13,Beverages,Credit Card,1,0,5
1010054,Blinkit,Haridwar,30,612,27,6.0,7,Groceries,Debit Card,2,0,3
1010055,Dunzo,Noida,54,761,11,6.5,15,Dairy,Wallet,2,1,4
1010056,Big Basket,Hyderabad,19,101,15,3.8,6,Beverages,Debit Card,1,0,3
1010057,Zepto,Noida,45,496,6,5.0,2,Household,Credit Card,4,0,4
1010058,Jio Mart,Mumbai,38,50,29,14.4,8,Fruits & Vegetables,Wallet,5,0,5
1010059,Dunzo,Jaipur,50,446,15,1.9,18,Groceries,Debit Card,2,0,3
1010060,Blinkit,Kolkata,38,50,19,13.3,3,Groceries,Credit Card,3,0,5
1010061,Swiggy Instamart,Amritsar,33,630,13,2.5,15,Fruits & Vegetables,Cash on Delivery,2,1,4
1010062,Flipkart Minutes,Chennai,47,577,18,11.6,10,Beverages,Debit Card,3,1,4
1010063,Jio Mart,Noida,53,670,20,5.8,15,Fruits & Vegetables,UPI,2,0,4
1010064,Dunzo,Delhi,57,1179,5,5.4,16,Personal Care,Debit Card,3,0,5
1010065,Zepto,Kolkata,48,363,8,7.9,19,Beverages,Debit Card,2,0,3
1010066,Jio Mart,Hyderabad,19,304,20,2.9,4,Fruits & Vegetables,Debit Card,3,1,4
1010067,Zepto,Delhi,45,684,5,13.8,1,Fruits & Vegetables,Debit Card,3,0,3
1010068,Blinkit,Hyderabad,49,394,13,5.5,7,Snacks,Debit Card,4,0,3
1010069,Big Basket,Gurgaon,22,686,22,13.8,12,Fruits & Vegetables,Credit Card,4,0,3
1010070,Swiggy Instamart,Delhi,28,440,5,7.4,9,Fruits & Vegetables,Cash on Delivery,2,1,4
1010072,Amazon Now,Pune,57,427,19,11.6,8,Snacks,Wallet,4,0,3
1010073,Zepto,Haridwar,32,581,23,13.2,16,Beverages,Debit Card,4,0,4
1010074,Dunzo,Haridwar,38,566,24,8.5,14,Fruits & Vegetables,Cash on Delivery,2,0,4
1010075,Swiggy Instamart,Delhi,35,349,11,15.0,13,Fruits & Vegetables,Credit Card,4,0,4
1010076,Blinkit,Jaipur,41,822,21,10.9,8,Dairy,Credit Card,3,0,3
1010077,Zepto,Pune,34,141,14,14.6,15,Fruits & Vegetables,Debit Card,3,1,4
1010078,Jio Mart,Amritsar,51,458,25,9.3,16,Personal Care,Credit Card,1,0,5
1010079,Blinkit,Gurgaon,32,658,13,5.5,3,Groceries,Credit Card,3,0,3
1010080,Flipkart Minutes,Gurgaon,55,475,12,2.2,8,Groceries,Cash on Delivery,1,1,3
1010081,Big Basket,Gurgaon,28,255,11,0.8,4,Dairy,Debit Card,1,0,3
1010082,Swiggy Instamart,Chennai,51,1221,14,5.9,5,Fruits & Vegetables,Debit Card,4,0,3
1010083,Dunzo,Hyderabad,22,774,11,6.8,14,Beverages,Credit Card,3,1,3
1010084,Amazon Now,Haridwar,52,88,27,4.8,18,Beverages,Cash on Delivery,4,0,3
1010086,Jio Mart,Chennai,55,494,22,7.9,18,Beverages,UPI,3,0,5
1010087,Swiggy Instamart,Hyderabad,40,466,18,12.2,3,Snacks,UPI,2,1,4
1010088,Swiggy Instamart,Amritsar,43,619,16,7.8,19,Dairy,Credit Card,2,0,4
1010089,Blinkit,Jaipur,44,512,17,4.7,14,Personal Care,UPI,2,1,4
1010090,Swiggy Instamart,Pune,50,965,18,11.4,10,Household,Wallet,3,0,3
1010091,Swiggy Instamart,Haridwar,59,146,25,2.6,11,Groceries,Cash on Delivery,2,0,4
1010092,Zepto,Haridwar,47,1257,16,2.9,6,Fruits & Vegetables,Credit Card,2,1,4
1010093,Flipkart Minutes,Mumbai,42,1124,19,10.8,14,Dairy,UPI,4,1,3
1010094,Zepto,Delhi,33,685,5,13.4,19,Snacks,Wallet,5,1,3
1010095,Big Basket,Mumbai,32,274,22,10.5,12,Groceries,Cash on Delivery,3,1,3
1010096,Zepto,Chennai,55,406,8,10.4,5,Beverages,Wallet,4,0,5
1010097,Jio Mart,Haridwar,22,337,37,11.4,5,Dairy,Wallet,2,1,5
1010098,Zepto,Haridwar,27,256,15,1.8,12,Snacks,UPI,5,1,5
1010099,Zepto,Mumbai,50,549,10,8.4,1,Personal Care,Debit Card,2,1,5
1010100,Swiggy Instamart,Noida,30,811,20,13.5,13,Groceries,Cash on Delivery,4,1,4
1010101,Amazon Now,Amritsar,47,247,22,11.9,11,Beverages,Cash on Delivery,2,0,3
1010102,Jio Mart,Mumbai,46,555,23,8.8,7,Beverages,UPI,3,0,3
1010103,Flipkart Minutes,Kolkata,43,50,20,12.9,8,Groceries,Wallet,4,0,4
1010104,Zepto,Delhi,28,215,5,7.7,7,Groceries,Wallet,5,0,3
1010105,Zepto,Jaipur,39,443,8,2.1,2,Personal Care,Credit Card,3,0,4
1010106,Swiggy Instamart,Gurgaon,41,1168,15,9.3,14,Household,Credit Card,3,0,5
1010107,Dunzo,Pune,54,511,9,1.4,8,Fruits & Vegetables,Debit Card,3,0,4
1010109,Dunzo,Amritsar,46,468,10,4.8,13,Fruits & Vegetables,UPI,3,1,4
1010110,Flipkart Minutes,Kolkata,40,364,21,13.2,10,Groceries,UPI,4,1,4
1010111,Big Basket,Bengluru,47,645,18,10.1,11,Beverages,Wallet,4,0,5
1010112,Big Basket,Haridwar,34,50,30,8.2,4,Household,Credit Card,1,0,5
1010113,Big Basket,Hyderabad,20,327,18,9.1,16,Groceries,Credit Card,3,1,3
1010114,Swiggy Instamart,Jaipur,43,487,21,7.9,5,Groceries,UPI,3,0,4
1010115,Big Basket,Bengluru,42,553,15,3.5,6,Dairy,UPI,4,1,3
1010116,Dunzo,Delhi,50,333,5,8.5,1,Dairy,Debit Card,1,1,5
1010117,Big Basket,Noida,49,270,14,2.8,6,Beverages,UPI,2,0,2
1010120,Jio Mart,Gurgaon,27,422,26,11.7,5,Personal Care,Cash on Delivery,4,0,3
1010121,Zepto,Hyderabad,24,507,7,5.0,7,Groceries,Wallet,3,0,4
1010122,Dunzo,Bengluru,55,496,18,14.6,9,Household,Cash on Delivery,5,0,4
1010123,Blinkit,Chennai,43,171,12,5.8,11,Personal Care,Cash on Delivery,3,0,4
1010124,Amazon Now,Jaipur,47,244,21,1.8,14,Snacks,Credit Card,4,1,5
1010125,Amazon Now,Kolkata,27,1097,17,8.8,12,Fruits & Vegetables,Credit Card,3,1,3
1010126,Flipkart Minutes,Amritsar,27,819,19,10.0,11,Personal Care,Debit Card,4,1,3
1010127,Flipkart Minutes,Pune,57,535,20,13.3,17,Snacks,Wallet,3,0,4
1010128,Swiggy Instamart,Amritsar,54,1569,18,13.6,9,Snacks,Debit Card,2,1,4
1010129,Jio Mart,Bengluru,44,997,24,12.2,1,Household,Debit Card,4,1,3
1010130,Big Basket,Gurgaon,48,1481,18,6.4,10,Dairy,Wallet,3,1,3
1010132,Jio Mart,Pune,22,592,25,11.6,3,Dairy,UPI,2,0,5
1010133,Dunzo,Bengluru,21,926,13,5.6,3,Groceries,Debit Card,5,1,4
1010134,Swiggy Instamart,Mumbai,39,705,20,14.3,19,Dairy,Cash on Delivery,2,0,4
1010135,Jio Mart,Hyderabad,20,748,24,13.4,16,Beverages,Credit Card,3,1,3
1010136,Dunzo,Kolkata,45,578,13,5.5,8,Groceries,UPI,1,0,3
1010137,Blinkit,Kolkata,54,586,12,4.5,8,Dairy,Credit Card,4,1,5
1010139,Flipkart Minutes,Chennai,24,810,17,6.1,2,Snacks,Credit Card,2,0,3
1010140,Amazon Now,Gurgaon,55,1810,21,10.0,7,Personal Care,UPI,3,1,4
1010141,Jio Mart,Bengluru,35,1285,21,3.8,1,Snacks,UPI,4,1,3
1010142,Dunzo,Mumbai,37,768,16,12.1,9,Fruits & Vegetables,Debit Card,2,0,2
1010143,Amazon Now,Mumbai,18,816,19,8.9,16,Beverages,Debit Card,4,1,3
1010144,Flipkart Minutes,Pune,48,50,19,14.9,16,Beverages,Credit Card,4,0,5
1010145,Big Basket,Kolkata,55,281,15,1.3,3,Household,Debit Card,4,0,4
1010146,Blinkit,Amritsar,34,329,18,11.8,19,Groceries,Credit Card,4,0,4
1010147,Amazon Now,Jaipur,54,441,23,5.2,2,Beverages,Cash on Delivery,5,0,3
1010148,Big Basket,Hyderabad,31,196,19,8.0,4,Fruits & Vegetables,Wallet,2,1,3
1010149,Jio Mart,Kolkata,57,380,19,3.7,5,Personal Care,Debit Card,2,0,4
1010150,Swiggy Instamart,Noida,45,255,18,10.1,19,Household,UPI,3,0,4
1010151,Flipkart Minutes,Gurgaon,43,828,15,4.0,8,Household,Credit Card,1,0,4
1010152,Jio Mart,Pune,49,464,24,9.3,8,Personal Care,Credit Card,5,1,4
1010153,Flipkart Minutes,Mumbai,53,195,16,1.1,9,Household,Credit Card,4,0,3
1010154,Jio Mart,Bengluru,29,754,25,12.4,5,Household,Cash on Delivery,2,1,3
1010155,Zepto,Delhi,32,499,5,4.4,1,Beverages,Cash on Delivery,2,0,4
1010156,Dunzo,Jaipur,52,189,16,3.3,4,Snacks,Cash on Delivery,4,0,4
1010157,Jio Mart,Delhi,56,670,6,0.8,14,Dairy,UPI,4,1,3
1010158,Zepto,Mumbai,33,1120,7,1.4,17,Snacks,UPI,5,1,5
1010159,Flipkart Minutes,Bengluru,47,388,15,2.9,14,Household,Credit Card,5,0,3
1010160,Dunzo,Mumbai,50,63,13,5.9,7,Personal Care,Debit Card,4,0,3
1010161,Dunzo,Amritsar,58,50,15,8.3,4,Dairy,Debit Card,4,1,3
1010162,Dunzo,Hyderabad,29,1159,15,9.1,13,Personal Care,UPI,2,0,3
1010163,Dunzo,Chennai,23,328,9,1.4,7,Groceries,Credit Card,3,1,4
1010164,Amazon Now,Gurgaon,39,1202,17,5.3,16,Personal Care,Cash on Delivery,2,1,5
1010165,Blinkit,Bengluru,29,437,13,4.8,5,Groceries,UPI,3,0,4
1010166,Zepto,Chennai,36,50,8,8.2,19,Fruits & Vegetables,UPI,2,0,3
1010167,Blinkit,Chennai,39,465,11,3.1,12,Fruits & Vegetables,Credit Card,4,0,3
1010168,Amazon Now,Gurgaon,46,574,13,0.9,9,Personal Care,Credit Card,1,0,4
1010169,Zepto,Jaipur,31,214,17,11.7,4,Fruits & Vegetables,Wallet,4,1,5
1010170,Zepto,Mumbai,51,425,10,8.1,5,Dairy,Cash on Delivery,4,0,4
1010171,Amazon Now,Jaipur,50,390,19,3.4,12,Groceries,Debit Card,4,0,3
1010172,Zepto,Gurgaon,30,1899,7,4.8,12,Personal Care,Wallet,3,1,4
1010174,Zepto,Gurgaon,42,971,12,11.3,3,Beverages,UPI,4,0,3
1010175,Big Basket,Chennai,34,322,17,10.0,19,Snacks,Wallet,3,0,3
1010176,Swiggy Instamart,Hyderabad,59,510,18,9.4,13,Beverages,Wallet,1,1,3
1010177,Big Basket,Hyderabad,33,1328,14,2.6,14,Beverages,UPI,2,1,4
1010178,Jio Mart,Mumbai,22,243,24,6.0,7,Fruits & Vegetables,Debit Card,4,0,3
1010179,Swiggy Instamart,Bengluru,39,532,16,7.7,17,Dairy,Wallet,4,1,4
1010180,Dunzo,Hyderabad,52,390,15,10.7,13,Groceries,Credit Card,1,0,3
1010181,Swiggy Instamart,Hyderabad,22,652,18,14.5,16,Personal Care,Debit Card,3,1,5
1010182,Jio Mart,Haridwar,50,423,32,7.5,5,Groceries,Wallet,2,0,2
1010183,Swiggy Instamart,Jaipur,21,851,24,11.6,10,Household,Credit Card,2,0,3
1010184,Flipkart Minutes,Chennai,26,50,18,11.7,13,Groceries,Wallet,5,1,5
1010185,Blinkit,Mumbai,37,1251,15,7.9,14,Beverages,Debit Card,3,1,4
1010186,Zepto,Gurgaon,59,732,13,14.6,5,Household,Debit Card,4,0,3
1010187,Zepto,Pune,44,907,8,9.5,13,Snacks,Debit Card,2,0,4
1010189,Blinkit,Pune,38,527,11,2.0,7,Household,UPI,5,1,3
1010190,Dunzo,Amritsar,21,303,12,8.2,7,Personal Care,Debit Card,3,0,5
1010191,Jio Mart,Chennai,50,352,27,14.5,19,Beverages,Credit Card,1,1,3
1010192,Swiggy Instamart,Bengluru,35,1061,12,2.8,19,Dairy,Credit Card,4,0,3
1010193,Flipkart Minutes,Haridwar,23,539,29,6.0,1,Dairy,Cash on Delivery,2,0,4
1010194,Blinkit,Noida,58,1180,11,4.9,7,Personal Care,Cash on Delivery,3,0,3
1010195,Swiggy Instamart,Haridwar,52,768,30,12.5,1,Personal Care,Cash on Delivery,3,1,3
1010196,Blinkit,Kolkata,24,285,10,2.9,11,Dairy,Cash on Delivery,3,0,5
1010197,Swiggy Instamart,Chennai,41,276,17,8.9,10,Groceries,Credit Card,4,0,3
1010198,Big Basket,Delhi,32,165,5,1.1,4,Dairy,Wallet,2,0,4
1010199,Dunzo,Bengluru,35,705,9,2.2,12,Dairy,UPI,2,0,4
1010200,Amazon Now,Mumbai,47,50,18,1.5,17,Dairy,Credit Card,5,0,4
1010201,Dunzo,Mumbai,37,74,11,1.8,15,Snacks,Cash on Delivery,3,0,2
1010202,Dunzo,Hyderabad,26,108,17,14.0,7,Household,UPI,1,0,3
1010203,Swiggy Instamart,Chennai,57,683,12,2.4,7,Groceries,UPI,5,0,3
1010204,Dunzo,Jaipur,34,434,18,4.7,10,Personal Care,Cash on Delivery,2,0,4
1010205,Zepto,Delhi,25,650,5,4.6,1,Groceries,UPI,3,0,3
1010206,Jio Mart,Haridwar,51,235,34,10.5,5,Personal Care,Cash on Delivery,4,0,4
1010207,Big Basket,Delhi,23,1054,5,3.5,19,Groceries,Cash on Delivery,4,1,4
1010208,Dunzo,Amritsar,57,1092,16,12.6,1,Personal Care,UPI,1,1,3
1010209,Big Basket,Mumbai,28,731,18,7.8,3,Beverages,Credit Card,5,0,3
1010210,Amazon Now,Noida,18,749,21,11.0,4,Snacks,Debit Card,4,0,5
1010211,Flipkart Minutes,Jaipur,39,62,26,13.5,18,Beverages,Credit Card,2,0,3
1010212,Amazon Now,Delhi,54,50,5,1.1,18,Snacks,Credit Card,4,1,4
1010214,Blinkit,Hyderabad,53,569,17,14.5,18,Snacks,UPI,4,0,4
1010216,Jio Mart,Bengluru,54,536,26,11.2,7,Dairy,Wallet,3,0,3
1010217,Dunzo,Mumbai,42,1393,15,7.5,18,Groceries,Debit Card,1,1,3
1010219,Amazon Now,Amritsar,50,155,18,5.5,18,Personal Care,Debit Card,4,0,3
1010220,Flipkart Minutes,Gurgaon,22,736,20,13.7,10,Fruits & Vegetables,UPI,4,0,4
1010221,Zepto,Chennai,41,954,11,14.4,14,Personal Care,Credit Card,4,1,5
1010223,Blinkit,Kolkata,41,474,15,6.0,1,Fruits & Vegetables,UPI,4,0,5
1010224,Zepto,Kolkata,25,501,5,1.6,4,Household,Wallet,4,1,5
1010225,Jio Mart,Mumbai,31,203,30,14.5,9,Fruits & Vegetables,Credit Card,3,0,5
1010226,Flipkart Minutes,Jaipur,22,608,22,10.2,16,Dairy,Wallet,4,0,3
1010227,Amazon Now,Gurgaon,32,1119,19,6.9,1,Groceries,UPI,3,0,4
1010228,Big Basket,Chennai,29,966,16,5.2,15,Personal Care,Wallet,5,1,4
1010229,Jio Mart,Kolkata,49,200,22,8.1,5,Fruits & Vegetables,Credit Card,3,0,3
1010230,Blinkit,Delhi,26,1482,5,2.0,17,Beverages,UPI,2,1,5
1010231,Jio Mart,Mumbai,43,50,25,10.0,3,Fruits & Vegetables,Cash on Delivery,1,0,5
1010232,Amazon Now,Haridwar,51,434,32,14.1,12,Beverages,Credit Card,5,0,3
1010233,Jio Mart,Jaipur,38,430,30,13.1,5,Fruits & Vegetables,Debit Card,1,0,4
1010234,Swiggy Instamart,Pune,38,225,12,1.8,8,Dairy,UPI,2,0,3
1010235,Flipkart Minutes,Haridwar,44,50,31,12.9,12,Beverages,UPI,2,0,4
1010236,Zepto,Kolkata,47,281,10,12.8,13,Dairy,Cash on Delivery,4,0,4
1010237,Dunzo,Bengluru,28,467,15,9.0,1,Dairy,Wallet,5,0,3
1010238,Amazon Now,Haridwar,26,602,31,8.1,12,Household,Credit Card,4,1,4
1010239,Zepto,Noida,43,480,9,9.8,3,Fruits & Vegetables,UPI,5,0,4
1010240,Amazon Now,Delhi,58,384,13,12.6,18,Dairy,UPI,2,0,3
1010241,Zepto,Bengluru,41,699,6,0.8,5,Household,Credit Card,2,0,4
1010242,Flipkart Minutes,Mumbai,27,671,17,3.9,14,Household,Debit Card,3,0,4
1010243,Blinkit,Delhi,29,466,5,10.6,5,Groceries,Cash on Delivery,2,0,4
1010244,Zepto,Delhi,45,713,5,9.4,5,Dairy,Wallet,1,1,4
1010245,Blinkit,Chennai,49,895,12,3.0,12,Household,Cash on Delivery,4,1,4
1010246,Big Basket,Hyderabad,46,541,18,6.4,9,Household,Credit Card,3,0,3
1010247,Amazon Now,Chennai,39,226,18,10.4,11,Household,Wallet,4,1,4
1010248,Amazon Now,Pune,48,1211,13,0.9,4,Personal Care,Wallet,3,1,4
1010249,Jio Mart,Mumbai,58,283,26,9.6,4,Fruits & Vegetables,Cash on Delivery,4,0,3
1010251,Zepto,Gurgaon,35,529,5,5.3,18,Beverages,Credit Card,4,1,3
1010253,Blinkit,Gurgaon,20,296,14,8.4,13,Snacks,Credit Card,3,1,4
1010254,Amazon Now,Chennai,33,926,17,4.0,16,Household,Cash on Delivery,4,0,4
1010255,Swiggy Instamart,Noida,26,545,15,8.5,11,Fruits & Vegetables,Cash on Delivery,3,0,4
1010256,Amazon Now,Hyderabad,58,91,15,5.3,9,Snacks,Wallet,1,1,4
1010257,Flipkart Minutes,Amritsar,37,1078,15,3.2,1,Household,Credit Card,4,0,5
1010258,Amazon Now,Kolkata,59,50,22,14.2,1,Household,UPI,2,0,5
1010259,Flipkart Minutes,Amritsar,45,882,14,3.3,6,Dairy,Cash on Delivery,1,1,4
1010260,Flipkart Minutes,Chennai,30,485,17,7.5,3,Groceries,Debit Card,5,0,4
1010261,Dunzo,Jaipur,57,375,21,13.4,15,Groceries,UPI,2,0,4
1010262,Dunzo,Chennai,28,50,11,5.4,18,Snacks,UPI,4,0,4
1010263,Flipkart Minutes,Delhi,28,706,7,7.4,19,Personal Care,Debit Card,4,1,4
1010264,Dunzo,Pune,45,833,16,12.3,4,Snacks,Credit Card,4,0,2
1010265,Dunzo,Kolkata,57,251,16,13.2,9,Snacks,Credit Card,4,0,4
1010266,Flipkart Minutes,Jaipur,18,553,23,9.2,6,Beverages,Debit Card,4,0,3
1010267,Amazon Now,Haridwar,58,518,31,9.5,19,Snacks,Cash on Delivery,5,0,5
1010268,Flipkart Minutes,Pune,19,1230,15,6.1,16,Snacks,Cash on Delivery,5,0,3
1010269,Jio Mart,Hyderabad,20,580,27,13.3,17,Fruits & Vegetables,Debit Card,1,1,5
1010270,Swiggy Instamart,Jaipur,45,469,24,14.5,3,Snacks,UPI,2,0,4
1010271,Swiggy Instamart,Pune,26,433,16,6.1,11,Personal Care,Credit Card,3,0,5
1010272,Swiggy Instamart,Delhi,46,485,5,2.2,14,Household,UPI,2,0,4
1010273,Jio Mart,Haridwar,19,370,29,2.3,6,Beverages,UPI,4,1,3
1010274,Flipkart Minutes,Haridwar,56,558,25,5.8,8,Personal Care,UPI,2,1,4
1010275,Zepto,Haridwar,42,170,22,13.3,7,Fruits & Vegetables,UPI,4,0,5
1010276,Big Basket,Jaipur,23,1212,19,2.7,9,Snacks,UPI,4,0,4
1010277,Swiggy Instamart,Pune,27,432,17,9.3,2,Household,Debit Card,3,1,5
1010278,Jio Mart,Haridwar,46,267,31,5.8,7,Household,Credit Card,4,0,3
1010279,Jio Mart,Chennai,43,50,21,6.8,7,Household,Wallet,1,1,3
1010280,Flipkart Minutes,Hyderabad,19,844,15,7.3,11,Dairy,Debit Card,4,0,4
1010281,Dunzo,Pune,19,788,17,12.3,19,Beverages,Debit Card,2,1,4
1010282,Dunzo,Gurgaon,36,332,15,8.2,7,Groceries,UPI,2,0,4
1010283,Amazon Now,Gurgaon,24,574,24,14.5,18,Dairy,Wallet,2,0,3
1010284,Swiggy Instamart,Chennai,56,938,19,11.4,8,Household,UPI,2,1,5
1010285,Big Basket,Amritsar,49,637,14,4.4,6,Groceries,Credit Card,4,1,5
1010286,Zepto,Hyderabad,42,251,6,2.8,4,Household,Debit Card,2,1,4
1010287,Dunzo,Noida,25,580,9,0.8,9,Snacks,Wallet,1,0,3
1010288,Jio Mart,Delhi,25,243,15,10.9,10,Dairy,Wallet,2,0,4
1010289,Dunzo,Noida,50,297,10,5.3,5,Dairy,Wallet,2,0,3
1010290,Blinkit,Bengluru,43,223,15,8.0,18,Beverages,Credit Card,5,0,3
1010291,Amazon Now,Delhi,59,328,5,1.0,1,Personal Care,Cash on Delivery,1,0,5
1010292,Flipkart Minutes,Chennai,55,628,14,5.8,13,Fruits & Vegetables,Cash on Delivery,2,0,4
1010293,Swiggy Instamart,Jaipur,53,446,16,3.2,7,Beverages,UPI,1,0,4
1010294,Amazon Now,Pune,59,1356,18,4.9,4,Dairy,Credit Card,3,1,4
1010295,Blinkit,Chennai,54,501,17,13.4,14,Dairy,UPI,5,0,4
1010296,Zepto,Kolkata,25,295,8,5.4,10,Personal Care,UPI,4,0,4
1010297,Swiggy Instamart,Jaipur,44,239,24,11.3,2,Groceries,Cash on Delivery,1,1,4
1010298,Jio Mart,Delhi,23,210,13,6.0,19,Dairy,Cash on Delivery,3,0,3
1010299,Jio Mart,Amritsar,20,50,19,3.3,6,Groceries,Credit Card,3,0,4
1010300,Jio Mart,Kolkata,55,311,20,1.8,16,Fruits & Vegetables,Credit Card,1,0,5
1010301,Flipkart Minutes,Hyderabad,39,344,14,6.9,17,Beverages,UPI,3,1,5
1010302,Jio Mart,Noida,23,644,24,12.7,14,Dairy,UPI,3,0,5
1010303,Big Basket,Chennai,24,130,22,13.4,18,Household,Wallet,3,0,3
1010304,Blinkit,Pune,52,50,16,8.1,2,Beverages,Wallet,2,0,5
1010306,Big Basket,Hyderabad,56,296,13,4.0,13,Snacks,Credit Card,1,0,3
1010307,Jio Mart,Noida,21,707,22,6.2,17,Snacks,Credit Card,4,0,5
1010308,Big Basket,Jaipur,59,397,24,8.9,16,Personal Care,UPI,4,1,3
1010309,Flipkart Minutes,Chennai,50,288,17,8.4,1,Fruits & Vegetables,Wallet,4,0,3
1010310,Jio Mart,Amritsar,20,244,22,5.3,19,Fruits & Vegetables,Credit Card,4,0,2
1010311,Jio Mart,Gurgaon,27,412,22,7.7,4,Dairy,Wallet,4,0,3
1010312,Dunzo,Pune,31,470,10,1.9,17,Beverages,Wallet,3,0,2
1010313,Dunzo,Kolkata,56,438,10,4.1,11,Groceries,Debit Card,2,0,4
1010314,Blinkit,Bengluru,35,435,14,4.5,18,Household,Cash on Delivery,5,0,3
1010315,Zepto,Bengluru,55,384,12,14.3,12,Beverages,Wallet,5,1,3
1010316,Big Basket,Hyderabad,49,510,20,10.7,13,Personal Care,Wallet,3,0,3
1010317,Amazon Now,Amritsar,28,576,21,13.9,8,Fruits & Vegetables,Cash on Delivery,4,0,4
1010318,Jio Mart,Haridwar,45,403,33,4.3,4,Beverages,Credit Card,4,0,4
1010319,Jio Mart,Chennai,28,378,24,13.7,17,Household,Cash on Delivery,3,0,5
1010320,Amazon Now,Amritsar,28,1048,17,4.5,5,Fruits & Vegetables,Wallet,3,1,4
1010321,Swiggy Instamart,Gurgaon,47,1154,19,12.7,1,Beverages,Debit Card,2,0,3
1010322,Blinkit,Jaipur,55,51,20,10.2,14,Personal Care,Wallet,5,1,3
1010323,Amazon Now,Delhi,52,308,5,2.1,11,Household,Credit Card,4,0,4
1010324,Blinkit,Gurgaon,45,1013,12,7.0,3,Fruits & Vegetables,UPI,4,1,4
1010325,Big Basket,Hyderabad,28,316,20,12.0,18,Beverages,Cash on Delivery,1,0,4
1010326,Flipkart Minutes,Kolkata,55,344,15,5.6,12,Personal Care,Credit Card,4,0,3
1010327,Zepto,Jaipur,57,810,14,7.9,10,Personal Care,Credit Card,2,1,3
1010328,Swiggy Instamart,Haridwar,34,1250,29,11.9,14,Household,Wallet,2,1,3
1010330,Jio Mart,Kolkata,22,50,21,6.8,8,Groceries,UPI,4,0,5
1010331,Zepto,Gurgaon,20,898,8,9.4,1,Personal Care,Credit Card,3,1,4
1010332,Blinkit,Noida,52,691,12,4.7,19,Dairy,Debit Card,5,1,4
1010333,Flipkart Minutes,Bengluru,36,726,12,2.4,7,Snacks,Wallet,2,0,4
1010334,Amazon Now,Gurgaon,48,968,19,6.3,15,Snacks,Debit Card,3,1,4
1010335,Zepto,Noida,46,768,7,7.1,19,Household,UPI,5,0,3
1010336,Blinkit,Gurgaon,53,1594,13,8.0,12,Snacks,UPI,2,1,3
1010337,Big Basket,Bengluru,51,357,14,2.6,5,Fruits & Vegetables,Wallet,2,0,3
1010338,Big Basket,Chennai,21,584,15,2.9,6,Groceries,Cash on Delivery,3,0,4
1010339,Amazon Now,Amritsar,26,116,21,11.0,3,Snacks,Credit Card,4,0,3
1010341,Big Basket,Pune,47,146,16,9.0,1,Dairy,Cash on Delivery,4,0,4
1010342,Blinkit,Chennai,56,486,11,1.0,6,Fruits & Vegetables,Wallet,5,0,3
1010343,Swiggy Instamart,Chennai,57,228,10,1.8,17,Beverages,Wallet,2,0,2
1010344,Blinkit,Pune,56,769,16,8.2,7,Fruits & Vegetables,Cash on Delivery,3,1,4
1010345,Dunzo,Chennai,26,345,13,5.4,1,Fruits & Vegetables,Debit Card,2,1,4
1010346,Zepto,Haridwar,33,50,24,14.8,6,Groceries,UPI,4,0,5
1010347,Zepto,Gurgaon,56,173,5,1.3,18,Personal Care,Debit Card,3,1,4
1010348,Big Basket,Kolkata,53,512,18,11.7,9,Beverages,Credit Card,3,1,4
1010349,Flipkart Minutes,Gurgaon,49,50,16,9.6,1,Household,Wallet,1,1,5
1010350,Big Basket,Amritsar,30,801,19,8.9,16,Personal Care,Credit Card,4,1,4
1010351,Zepto,Mumbai,27,532,10,5.5,9,Snacks,Wallet,3,0,3
1010352,Swiggy Instamart,Noida,58,1178,12,4.9,1,Personal Care,Cash on Delivery,3,1,3
1010353,Big Basket,Kolkata,21,608,19,13.1,1,Personal Care,Cash on Delivery,3,0,4
1010354,Swiggy Instamart,Gurgaon,25,727,11,4.1,18,Snacks,Cash on Delivery,2,0,3
1010355,Big Basket,Amritsar,28,811,20,10.9,17,Personal Care,Debit Card,2,0,4
1010356,Flipkart Minutes,Pune,21,310,17,11.8,19,Household,Credit Card,4,0,3
1010357,Dunzo,Mumbai,42,433,14,5.5,19,Beverages,Wallet,1,1,5
1010358,Amazon Now,Mumbai,33,665,21,7.3,7,Personal Care,Debit Card,2,0,4
1010359,Swiggy Instamart,Kolkata,45,1110,10,1.1,4,Fruits & Vegetables,Wallet,3,1,4
1010360,Amazon Now,Bengluru,53,752,20,7.4,1,Beverages,Credit Card,5,1,3
1010361,Zepto,Chennai,51,202,6,4.4,8,Beverages,Credit Card,1,0,5
1010363,Blinkit,Delhi,22,657,5,9.2,3,Snacks,Credit Card,4,1,4
1010364,Dunzo,Haridwar,31,50,25,5.6,17,Groceries,UPI,4,1,3
1010365,Blinkit,Chennai,26,702,15,6.6,17,Groceries,Wallet,5,0,4
1010366,Amazon Now,Haridwar,26,356,32,10.2,9,Snacks,Wallet,3,0,4
1010367,Big Basket,Haridwar,42,329,28,4.6,14,Snacks,Cash on Delivery,5,0,3
1010368,Dunzo,Mumbai,51,377,13,4.0,2,Personal Care,Debit Card,4,1,5
1010369,Swiggy Instamart,Kolkata,24,311,15,6.1,7,Dairy,Cash on Delivery,4,1,5
1010370,Amazon Now,Noida,54,1106,17,7.6,18,Beverages,Credit Card,4,0,4
1010371,Dunzo,Delhi,28,111,5,9.7,9,Snacks,UPI,3,0,3
1010372,Blinkit,Jaipur,46,572,17,3.8,16,Dairy,Credit Card,5,1,4
1010373,Dunzo,Hyderabad,24,1529,16,11.0,8,Beverages,Credit Card,1,1,4
1010374,Dunzo,Jaipur,31,357,14,2.5,13,Household,Credit Card,2,0,4
1010375,Amazon Now,Haridwar,24,607,29,8.9,12,Snacks,Cash on Delivery,2,0,3
1010376,Flipkart Minutes,Amritsar,53,251,19,10.1,12,Fruits & Vegetables,UPI,2,1,3
1010377,Big Basket,Mumbai,22,573,23,14.1,19,Fruits & Vegetables,UPI,4,0,5
1010378,Blinkit,Pune,59,288,17,11.3,17,Personal Care,Credit Card,4,0,5
1010379,Flipkart Minutes,Bengluru,18,1122,18,10.6,3,Beverages,UPI,4,1,4
1010380,Blinkit,Mumbai,33,357,18,7.6,17,Snacks,Wallet,3,0,5
1010381,Big Basket,Pune,42,615,19,10.5,12,Groceries,Debit Card,5,1,3
1010382,Zepto,Mumbai,44,914,10,8.7,13,Dairy,Wallet,4,0,4
1010383,Jio Mart,Gurgaon,38,427,27,13.8,13,Fruits & Vegetables,Debit Card,2,0,3
1010384,Flipkart Minutes,Mumbai,33,325,19,6.3,14,Fruits & Vegetables,Credit Card,5,0,3
1010385,Flipkart Minutes,Mumbai,20,822,22,11.1,2,Beverages,Credit Card,4,1,3
1010386,Blinkit,Pune,52,138,13,5.0,2,Personal Care,Debit Card,5,0,4
1010387,Zepto,Chennai,44,361,10,9.4,15,Personal Care,Cash on Delivery,4,0,3
1010388,Blinkit,Bengluru,54,793,20,14.3,16,Snacks,Debit Card,3,1,4
1010389,Swiggy Instamart,Bengluru,36,167,19,12.9,18,Personal Care,Debit Card,3,0,4
1010390,Swiggy Instamart,Delhi,28,442,8,15.0,13,Household,Debit Card,2,0,4
1010391,Flipkart Minutes,Kolkata,45,313,11,1.7,5,Personal Care,Cash on Delivery,2,0,5
1010392,Jio Mart,Chennai,49,57,21,3.8,13,Dairy,Cash on Delivery,2,1,4
1010393,Dunzo,Amritsar,37,635,13,9.2,9,Beverages,UPI,4,1,3
1010394,Dunzo,Amritsar,33,1032,12,6.6,7,Snacks,Credit Card,1,0,4
1010395,Dunzo,Amritsar,54,50,15,11.3,12,Fruits & Vegetables,Debit Card,2,0,5
1010396,Jio Mart,Chennai,27,678,26,12.2,6,Beverages,Wallet,1,0,4
1010397,Amazon Now,Amritsar,30,918,19,8.3,2,Fruits & Vegetables,UPI,2,0,4
1010398,Jio Mart,Gurgaon,34,744,24,13.2,8,Fruits & Vegetables,Debit Card,4,0,4
1010399,Amazon Now,Delhi,27,740,5,1.1,2,Household,Wallet,3,0,3
1010400,Amazon Now,Jaipur,26,1439,28,14.5,10,Personal Care,Cash on Delivery,2,1,4
1010401,Zepto,Mumbai,48,252,7,4.5,14,Beverages,Cash on Delivery,1,0,5
1010402,Zepto,Delhi,23,345,5,8.6,7,Household,Debit Card,3,0,4
1010403,Amazon Now,Jaipur,22,600,22,6.4,10,Personal Care,Cash on Delivery,4,0,5
1010404,Zepto,Chennai,22,830,6,6.6,1,Dairy,Cash on Delivery,3,0,3
1010405,Zepto,Delhi,40,136,5,9.9,6,Household,Cash on Delivery,4,0,3
1010406,Swiggy Instamart,Kolkata,22,235,14,3.3,4,Beverages,Cash on Delivery,4,0,2
1010407,Big Basket,Kolkata,23,318,21,11.9,13,Personal Care,Debit Card,2,1,4
1010408,Jio Mart,Jaipur,23,307,27,5.2,5,Fruits & Vegetables,Credit Card,4,1,3
1010409,Jio Mart,Haridwar,55,727,32,2.2,10,Fruits & Vegetables,Cash on Delivery,2,0,3
1010410,Dunzo,Jaipur,25,593,18,6.9,6,Snacks,Wallet,1,1,3
1010411,Big Basket,Chennai,51,307,17,10.3,7,Groceries,UPI,2,0,3
1010412,Swiggy Instamart,Pune,20,704,18,12.4,2,Beverages,UPI,2,1,4
1010413,Blinkit,Bengluru,55,612,9,0.8,19,Groceries,Debit Card,3,0,3
1010414,Flipkart Minutes,Haridwar,49,50,32,12.4,11,Snacks,Cash on Delivery,1,0,5
1010415,Jio Mart,Hyderabad,51,1726,20,3.2,10,Snacks,Debit Card,3,1,5
1010416,Zepto,Pune,28,50,6,5.2,9,Fruits & Vegetables,Wallet,3,0,4
1010417,Flipkart Minutes,Jaipur,49,1002,18,4.5,11,Beverages,Credit Card,2,1,5
1010418,Dunzo,Bengluru,27,725,12,6.7,14,Beverages,Wallet,3,1,3
1010419,Big Basket,Jaipur,36,50,24,8.0,11,Snacks,Debit Card,2,0,4
1010420,Amazon Now,Hyderabad,31,561,20,10.7,11,Household,UPI,4,0,3
1010421,Zepto,Gurgaon,55,305,9,9.7,9,Snacks,Wallet,2,0,3
1010422,Jio Mart,Jaipur,50,79,27,4.4,9,Beverages,Wallet,3,0,3
1010423,Jio Mart,Hyderabad,31,438,19,1.9,2,Snacks,Debit Card,3,0,4
1010424,Dunzo,Amritsar,47,902,16,13.7,11,Snacks,Credit Card,3,0,5
1010425,Jio Mart,Pune,18,711,21,3.6,17,Snacks,UPI,3,0,3
1010426,Jio Mart,Haridwar,26,395,37,10.8,11,Household,Credit Card,4,0,5
1010427,Jio Mart,Delhi,59,298,14,14.1,16,Household,Credit Card,2,1,4
1010428,Zepto,Haridwar,24,779,23,10.2,12,Groceries,UPI,4,0,4
1010429,Jio Mart,Kolkata,57,517,25,10.3,6,Fruits & Vegetables,UPI,2,0,4
1010430,Swiggy Instamart,Hyderabad,20,469,15,10.4,17,Fruits & Vegetables,UPI,4,1,4
1010431,Swiggy Instamart,Bengluru,20,584,17,6.3,12,Groceries,UPI,3,1,3
1010432,Big Basket,Delhi,50,1089,8,7.4,9,Dairy,Wallet,4,0,3
1010433,Zepto,Chennai,20,499,7,3.9,19,Snacks,UPI,2,0,5
1010434,Swiggy Instamart,Noida,56,1290,11,2.3,8,Groceries,UPI,1,1,3
1010435,Zepto,Noida,55,894,8,9.9,7,Groceries,Cash on Delivery,4,0,3
1010436,Jio Mart,Bengluru,34,132,22,6.0,3,Personal Care,Credit Card,2,1,3
1010437,Zepto,Pune,23,422,10,11.2,18,Fruits & Vegetables,Credit Card,4,0,3
1010438,Big Basket,Jaipur,29,823,19,1.5,1,Snacks,Debit Card,4,1,5
1010439,Swiggy Instamart,Pune,59,961,14,4.9,11,Fruits & Vegetables,Debit Card,1,1,4
1010440,Amazon Now,Hyderabad,34,726,19,9.8,18,Groceries,Credit Card,2,1,3
1010441,Blinkit,Haridwar,40,173,32,14.8,6,Dairy,Wallet,4,0,4
1010442,Blinkit,Kolkata,41,834,19,12.7,13,Groceries,Credit Card,3,0,5
1010443,Dunzo,Chennai,41,376,16,9.5,8,Snacks,Credit Card,2,1,3
1010444,Amazon Now,Amritsar,39,127,16,0.9,3,Groceries,Cash on Delivery,4,0,3
1010445,Amazon Now,Jaipur,18,656,26,12.2,1,Beverages,UPI,1,0,3
1010446,Swiggy Instamart,Mumbai,51,1024,23,14.3,14,Beverages,UPI,3,1,4
1010447,Jio Mart,Chennai,39,126,21,8.3,9,Personal Care,Credit Card,5,0,4
1010448,Jio Mart,Amritsar,49,217,25,12.6,10,Beverages,Cash on Delivery,1,0,4
1010449,Flipkart Minutes,Noida,49,115,13,1.4,12,Snacks,Wallet,4,0,3
1010450,Flipkart Minutes,Gurgaon,35,1649,11,2.0,10,Household,UPI,2,1,4
1010451,Big Basket,Amritsar,57,261,18,9.5,1,Beverages,Cash on Delivery,2,1,4
1010452,Flipkart Minutes,Delhi,38,50,6,4.6,19,Household,Wallet,5,1,2
1010453,Jio Mart,Haridwar,36,353,32,5.1,18,Personal Care,Debit Card,3,1,4
1010454,Zepto,Amritsar,26,1051,5,5.3,7,Fruits & Vegetables,Debit Card,3,1,5
1010455,Blinkit,Bengluru,48,632,13,6.4,2,Fruits & Vegetables,Credit Card,5,0,3
1010456,Dunzo,Kolkata,48,598,10,3.2,19,Fruits & Vegetables,Wallet,2,0,3
1010457,Amazon Now,Mumbai,25,825,22,9.0,17,Snacks,Credit Card,1,0,5
1010458,Blinkit,Gurgaon,43,809,13,7.2,19,Household,Cash on Delivery,4,0,4
1010459,Zepto,Chennai,25,619,11,9.6,2,Personal Care,Debit Card,4,1,3
1010460,Jio Mart,Haridwar,42,399,32,7.2,6,Fruits & Vegetables,Credit Card,2,1,3
1010461,Flipkart Minutes,Pune,43,507,15,9.1,12,Fruits & Vegetables,UPI,2,0,4
1010462,Blinkit,Hyderabad,52,598,11,5.4,12,Beverages,Debit Card,4,0,5
1010463,Swiggy Instamart,Amritsar,24,835,12,5.7,4,Snacks,Credit Card,2,1,4
1010464,Zepto,Mumbai,24,630,12,13.8,13,Dairy,UPI,4,1,3
1010465,Zepto,Hyderabad,29,590,7,3.8,19,Snacks,Credit Card,3,0,4
1010466,Dunzo,Kolkata,46,71,13,8.3,19,Beverages,Wallet,4,0,3
1010467,Blinkit,Amritsar,39,744,9,1.0,3,Dairy,UPI,5,0,3
1010468,Zepto,Kolkata,45,744,5,1.6,11,Groceries,Wallet,4,1,3
1010469,Amazon Now,Noida,28,517,17,7.1,14,Fruits & Vegetables,Credit Card,3,0,4
1010470,Dunzo,Chennai,34,114,11,4.2,3,Dairy,UPI,2,0,5
1010471,Big Basket,Chennai,41,559,11,0.7,13,Household,Debit Card,5,0,5
1010472,Blinkit,Delhi,47,898,5,3.8,19,Snacks,Cash on Delivery,3,1,5
1010473,Amazon Now,Delhi,49,1134,6,4.4,8,Household,UPI,1,0,4
1010474,Blinkit,Hyderabad,37,985,14,9.8,13,Personal Care,Wallet,5,1,4
1010475,Blinkit,Pune,25,609,13,5.1,9,Beverages,Cash on Delivery,4,1,4
1010476,Swiggy Instamart,Haridwar,29,773,23,3.8,4,Groceries,Debit Card,5,1,3
1010477,Zepto,Amritsar,18,282,7,2.8,17,Personal Care,Cash on Delivery,2,0,4
1010478,Swiggy Instamart,Haridwar,41,763,31,11.3,14,Groceries,Debit Card,1,0,2
1010479,Jio Mart,Pune,56,346,17,2.1,10,Household,Cash on Delivery,1,0,4
1010480,Flipkart Minutes,Kolkata,53,317,14,3.0,13,Household,UPI,2,0,3
1010481,Amazon Now,Chennai,59,824,21,10.3,19,Groceries,Debit Card,1,1,4
1010482,Swiggy Instamart,Bengluru,47,668,14,1.1,16,Household,UPI,5,0,4
1010483,Amazon Now,Chennai,59,169,16,1.5,4,Personal Care,Debit Card,4,0,4
1010484,Big Basket,Gurgaon,57,272,16,6.1,5,Personal Care,UPI,4,0,4
1010485,Dunzo,Jaipur,52,246,16,7.3,3,Dairy,Wallet,1,0,4
1010486,Jio Mart,Kolkata,55,323,18,2.6,3,Beverages,Debit Card,3,0,3
1010487,Blinkit,Hyderabad,56,55,13,6.4,17,Personal Care,Cash on Delivery,3,0,5
1010488,Big Basket,Haridwar,33,562,32,11.0,1,Dairy,UPI,2,0,3
1010489,Swiggy Instamart,Mumbai,32,456,16,8.2,12,Personal Care,Wallet,2,1,4
1010490,Big Basket,Jaipur,32,50,25,11.5,13,Beverages,Credit Card,3,0,4
1010491,Zepto,Haridwar,27,50,24,13.1,19,Groceries,Credit Card,1,0,3
1010492,Swiggy Instamart,Noida,40,1730,17,13.2,2,Personal Care,Credit Card,1,1,3
1010493,Amazon Now,Delhi,59,773,8,7.1,15,Groceries,Wallet,3,1,4
1010494,Blinkit,Noida,59,543,13,4.1,18,Groceries,Cash on Delivery,3,0,3
1010495,Swiggy Instamart,Gurgaon,41,665,17,11.6,1,Snacks,Cash on Delivery,4,0,3
1010496,Big Basket,Gurgaon,48,909,13,3.9,14,Fruits & Vegetables,UPI,2,0,5
1010497,Zepto,Noida,56,479,5,2.1,12,Beverages,Wallet,5,0,5
1010498,Big Basket,Kolkata,55,1470,15,2.9,3,Personal Care,Debit Card,2,1,4
1010499,Jio Mart,Chennai,23,509,24,9.0,19,Household,Cash on Delivery,2,1,4
1010500,Flipkart Minutes,Mumbai,53,50,18,8.6,6,Beverages,Debit Card,3,0,3
1010501,Swiggy Instamart,Haridwar,59,1012,30,12.3,18,Dairy,Debit Card,2,1,5
1010502,Amazon Now,Haridwar,53,170,33,9.5,10,Household,Debit Card,2,0,4
1010503,Swiggy Instamart,Noida,35,788,21,14.6,3,Personal Care,UPI,4,0,4
1010504,Flipkart Minutes,Chennai,49,1132,18,7.7,9,Household,Cash on Delivery,5,1,3
1010505,Dunzo,Hyderabad,38,929,15,12.8,10,Beverages,Wallet,1,0,4
1010506,Dunzo,Hyderabad,23,50,17,12.1,10,Fruits & Vegetables,UPI,3,0,4
1010507,Zepto,Jaipur,53,735,11,5.8,17,Personal Care,Credit Card,4,0,3
1010508,Dunzo,Gurgaon,36,663,9,1.5,16,Household,Debit Card,1,0,4
1010509,Amazon Now,Kolkata,31,123,19,5.9,15,Snacks,Credit Card,4,0,3
1010510,Blinkit,Bengluru,25,724,12,5.7,19,Fruits & Vegetables,Wallet,4,1,3
1010511,Zepto,Pune,20,566,11,13.0,11,Household,Cash on Delivery,3,1,4
1010512,Jio Mart,Amritsar,33,940,18,1.7,18,Groceries,UPI,1,1,5
1010513,Blinkit,Pune,50,537,17,12.6,8,Personal Care,Wallet,4,0,5
1010514,Blinkit,Haridwar,35,252,28,13.5,16,Household,UPI,2,0,4
1010515,Amazon Now,Mumbai,41,818,21,8.2,5,Fruits & Vegetables,Cash on Delivery,3,0,5
1010516,Zepto,Pune,43,224,9,11.5,19,Groceries,UPI,3,0,3
1010517,Zepto,Kolkata,18,359,5,0.7,10,Fruits & Vegetables,Debit Card,4,0,3
1010518,Dunzo,Pune,27,455,12,7.0,18,Snacks,Credit Card,4,1,3
1010519,Blinkit,Noida,49,762,11,5.4,10,Beverages,Cash on Delivery,5,1,4
1010520,Dunzo,Amritsar,40,159,9,2.4,13,Snacks,Credit Card,4,1,3
1010521,Swiggy Instamart,Haridwar,39,796,27,10.8,6,Beverages,Wallet,2,0,4
1010522,Amazon Now,Amritsar,26,643,21,11.2,2,Personal Care,Cash on Delivery,1,1,4
1010523,Big Basket,Pune,54,65,15,1.1,11,Beverages,Cash on Delivery,4,0,5
1010524,Jio Mart,Gurgaon,37,540,22,8.6,5,Groceries,UPI,4,0,4
1010525,Big Basket,Kolkata,51,299,17,4.2,10,Dairy,UPI,2,0,5
1010526,Zepto,Mumbai,35,809,7,2.1,19,Beverages,Wallet,5,0,4
1010527,Swiggy Instamart,Amritsar,55,1169,18,13.1,9,Fruits & Vegetables,UPI,4,1,4
1010528,Flipkart Minutes,Bengluru,54,919,20,9.6,15,Fruits & Vegetables,Debit Card,2,1,3
1010529,Amazon Now,Bengluru,42,645,24,14.2,12,Fruits & Vegetables,UPI,5,0,4
1010530,Jio Mart,Noida,36,330,25,10.3,17,Dairy,Credit Card,1,0,3
1010531,Zepto,Pune,56,411,12,13.9,8,Dairy,UPI,3,0,3
1010532,Flipkart Minutes,Hyderabad,53,125,17,6.5,5,Groceries,UPI,2,0,3
1010533,Blinkit,Jaipur,56,347,22,14.6,11,Personal Care,UPI,3,1,5
1010534,Dunzo,Mumbai,56,710,21,14.7,3,Dairy,Credit Card,2,0,3
1010535,Dunzo,Bengluru,18,645,10,3.4,10,Beverages,Credit Card,4,0,4
1010536,Flipkart Minutes,Noida,49,94,21,14.6,11,Personal Care,Debit Card,1,0,4
1010537,Flipkart Minutes,Noida,38,213,21,13.4,17,Fruits & Vegetables,Debit Card,5,1,4
1010538,Zepto,Gurgaon,38,1000,13,14.6,11,Beverages,UPI,4,1,4
1010539,Zepto,Hyderabad,56,529,11,10.0,2,Groceries,Wallet,4,0,4
1010540,Dunzo,Gurgaon,23,1004,9,1.4,11,Snacks,Credit Card,3,1,3
1010541,Big Basket,Mumbai,44,919,23,14.7,9,Groceries,UPI,2,1,4
1010542,Dunzo,Bengluru,33,409,12,0.8,9,Beverages,Credit Card,3,0,3
1010543,Swiggy Instamart,Mumbai,46,594,15,6.5,14,Snacks,Cash on Delivery,4,1,5
1010544,Zepto,Delhi,53,533,5,1.0,19,Fruits & Vegetables,Debit Card,5,1,3
1010545,Dunzo,Amritsar,27,266,15,13.0,18,Dairy,Debit Card,2,0,3
1010546,Jio Mart,Delhi,35,730,8,2.5,2,Beverages,Wallet,4,0,3
1010547,Big Basket,Kolkata,58,1242,21,12.4,19,Fruits & Vegetables,Cash on Delivery,2,0,3
1010548,Zepto,Mumbai,56,904,16,14.3,3,Groceries,Debit Card,5,1,4
1010549,Big Basket,Delhi,57,368,7,8.3,4,Snacks,Debit Card,5,1,5
1010550,Dunzo,Pune,54,991,12,6.0,13,Household,Cash on Delivery,3,1,4
1010551,Zepto,Gurgaon,38,364,9,6.1,15,Dairy,Cash on Delivery,5,0,5
1010552,Jio Mart,Bengluru,26,352,24,9.1,14,Personal Care,Credit Card,4,0,3
1010553,Jio Mart,Hyderabad,57,50,23,9.0,13,Personal Care,Wallet,1,1,5
1010554,Amazon Now,Delhi,42,528,9,7.3,10,Snacks,Cash on Delivery,2,0,4
1010555,Flipkart Minutes,Jaipur,53,642,19,6.4,2,Household,UPI,1,0,4
